ProductName,SplitedWords,BrandWords,品牌数,CategoryWords,类别数,CategoryName,BrandName,ProductCode
《365夜睡前故事》,"《, 365, 夜, 睡前, 故事, 》",,0,,0,0-17722-17808-17810:玩具、图书音像-图书-幼儿启蒙,华夏出版社,10839324
中华儿童国学启蒙经典,"中华, 儿童, 国学, 启蒙, 经典",中华,1,,0,0-17722-17808-17810:玩具、图书音像-图书-幼儿启蒙,华夏出版社,10835571
中国儿童成长必读故事全集,"中国, 儿童, 成长, 必读, 故事, 全集",,0,,0,0-17722-17808-17810:玩具、图书音像-图书-幼儿启蒙,华夏出版社,10835593
小故事中的大道理,"小故事, 中的, 大道理",,0,小故事,1,0-17722-17808-17810:玩具、图书音像-图书-幼儿启蒙,华夏出版社,10835844
经典中华成语故事,"经典, 中华, 成语故事",中华,1,成语故事,1,0-17722-17808-17810:玩具、图书音像-图书-幼儿启蒙,华夏出版社,10835582
让孩子越玩越聪明的600个经典游戏,"让, 孩子, 越, 玩, 越, 聪, 明的, 600, 个, 经典, 游戏",,0,游戏,1,0-17722-17808-17810:玩具、图书音像-图书-幼儿启蒙,华夏出版社,10835560
小企鹅 IQ百变拼图 共6册,"小企鹅, IQ, 百, 变, 拼图, 共, 6, 册",小企鹅,1,拼图,1,0-17722-17808-17810:玩具、图书音像-图书-幼儿启蒙,小企鹅,10149641
小企鹅 万宝丛书 共6册,"小企鹅, 万宝, 丛书, 共, 6, 册",小企鹅,1,,0,0-17722-17808-17810:玩具、图书音像-图书-幼儿启蒙,小企鹅,10149925
小企鹅 万宝丛书系列套装 共6册,"小企鹅, 万宝, 丛书, 系列, 套装, 共, 6, 册",小企鹅,1,套装,1,0-17722-17808-17810:玩具、图书音像-图书-幼儿启蒙,小企鹅,9777837
小企鹅 万宝丛书－剪纸（长）,"小企鹅, 万宝, 丛书, －, 剪纸, （, 长, ）",小企鹅,1,剪纸,1,0-17722-17808-17810:玩具、图书音像-图书-幼儿启蒙,小企鹅,9777882
小企鹅 万宝丛书－幼儿认物（长）,"小企鹅, 万宝, 丛书, －, 幼儿, 认, 物, （, 长, ）",小企鹅,1,幼儿,1,0-17722-17808-17810:玩具、图书音像-图书-幼儿启蒙,小企鹅,9777859
小企鹅 万宝丛书－幼儿诵读（长）,"小企鹅, 万宝, 丛书, －, 幼儿, 诵读, （, 长, ）",小企鹅,1,幼儿,1,0-17722-17808-17810:玩具、图书音像-图书-幼儿启蒙,小企鹅,9777848
小企鹅 万宝丛书－折纸（长）,"小企鹅, 万宝, 丛书, －, 折纸, （, 长, ）",小企鹅,1,,0,0-17722-17808-17810:玩具、图书音像-图书-幼儿启蒙,小企鹅,9838226
小企鹅 万宝丛书－橡皮泥（长）,"小企鹅, 万宝, 丛书, －, 橡皮泥, （, 长, ）",小企鹅,1,橡皮泥,1,0-17722-17808-17810:玩具、图书音像-图书-幼儿启蒙,小企鹅,9777860
小企鹅 万宝丛书－简笔画（长）,"小企鹅, 万宝, 丛书, －, 简, 笔画, （, 长, ）",小企鹅,1,,0,0-17722-17808-17810:玩具、图书音像-图书-幼儿启蒙,小企鹅,9777871
小企鹅 儿童启蒙必备丛书,"小企鹅, 儿童, 启蒙, 必备, 丛书",小企鹅,1,,0,0-17722-17808-17810:玩具、图书音像-图书-幼儿启蒙,小企鹅,10149776
小企鹅 儿童启蒙必备丛书 共6册,"小企鹅, 儿童, 启蒙, 必备, 丛书, 共, 6, 册",小企鹅,1,,0,0-17722-17808-17810:玩具、图书音像-图书-幼儿启蒙,小企鹅,9780272
小企鹅 儿童启蒙必备丛书（共十二册）,"小企鹅, 儿童, 启蒙, 必备, 丛书, （, 共, 十二, 册, ）",小企鹅,1,,0,0-17722-17808-17810:玩具、图书音像-图书-幼儿启蒙,小企鹅,9955628
小企鹅 儿童启蒙必备丛书（平装） 共6册,"小企鹅, 儿童, 启蒙, 必备, 丛书, （, 平装, ）, 共, 6, 册",小企鹅,1,,0,0-17722-17808-17810:玩具、图书音像-图书-幼儿启蒙,小企鹅,10149765
小企鹅 儿童启蒙必备丛书－三字经、百家姓、弟子规,"小企鹅, 儿童, 启蒙, 必备, 丛书, －, 三字经, 、, 百家姓, 、, 弟, 子规",小企鹅,1,,0,0-17722-17808-17810:玩具、图书音像-图书-幼儿启蒙,小企鹅,9780363
小企鹅 儿童启蒙必备丛书－三字经、百家姓、弟子规（平装）,"小企鹅, 儿童, 启蒙, 必备, 丛书, －, 三字经, 、, 百家姓, 、, 弟, 子规, （, 平装, ）",小企鹅,1,,0,0-17722-17808-17810:玩具、图书音像-图书-幼儿启蒙,小企鹅,9780307
小企鹅 儿童启蒙必备丛书－儿歌、绕口令、谜语,"小企鹅, 儿童, 启蒙, 必备, 丛书, －, 儿歌, 、, 绕口令, 、, 谜语",小企鹅,1,,0,0-17722-17808-17810:玩具、图书音像-图书-幼儿启蒙,小企鹅,9780374
小企鹅 儿童启蒙必备丛书－儿歌、绕口令、谜语（平装）,"小企鹅, 儿童, 启蒙, 必备, 丛书, －, 儿歌, 、, 绕口令, 、, 谜语, （, 平装, ）",小企鹅,1,,0,0-17722-17808-17810:玩具、图书音像-图书-幼儿启蒙,小企鹅,9780318
小企鹅 儿童启蒙必备丛书－唐诗,"小企鹅, 儿童, 启蒙, 必备, 丛书, －, 唐诗",小企鹅,1,,0,0-17722-17808-17810:玩具、图书音像-图书-幼儿启蒙,小企鹅,9780341
小企鹅 儿童启蒙必备丛书－唐诗（平装）,"小企鹅, 儿童, 启蒙, 必备, 丛书, －, 唐诗, （, 平装, ）",小企鹅,1,,0,0-17722-17808-17810:玩具、图书音像-图书-幼儿启蒙,小企鹅,9780283
小企鹅 儿童启蒙必备丛书－寓言,"小企鹅, 儿童, 启蒙, 必备, 丛书, －, 寓言",小企鹅,1,寓言,1,0-17722-17808-17810:玩具、图书音像-图书-幼儿启蒙,小企鹅,9780330
小企鹅 儿童启蒙必备丛书－寓言（平装）,"小企鹅, 儿童, 启蒙, 必备, 丛书, －, 寓言, （, 平装, ）",小企鹅,1,寓言,1,0-17722-17808-17810:玩具、图书音像-图书-幼儿启蒙,小企鹅,9841218
小企鹅 儿童启蒙必备丛书－成语,"小企鹅, 儿童, 启蒙, 必备, 丛书, －, 成语",小企鹅,1,,0,0-17722-17808-17810:玩具、图书音像-图书-幼儿启蒙,小企鹅,9780385
小企鹅 儿童启蒙必备丛书－成语（平装）,"小企鹅, 儿童, 启蒙, 必备, 丛书, －, 成语, （, 平装, ）",小企鹅,1,,0,0-17722-17808-17810:玩具、图书音像-图书-幼儿启蒙,小企鹅,9780329
小企鹅 儿童启蒙必备丛书－识字,"小企鹅, 儿童, 启蒙, 必备, 丛书, －, 识字",小企鹅,1,,0,0-17722-17808-17810:玩具、图书音像-图书-幼儿启蒙,小企鹅,9780352
小企鹅 儿童启蒙必备丛书－识字（平装）,"小企鹅, 儿童, 启蒙, 必备, 丛书, －, 识字, （, 平装, ）",小企鹅,1,,0,0-17722-17808-17810:玩具、图书音像-图书-幼儿启蒙,小企鹅,9780294
小企鹅 全能宝宝卡套装1-4册,"小企鹅, 全能, 宝宝, 卡, 套装, 1-4, 册",小企鹅,1,套装,1,0-17722-17808-17810:玩具、图书音像-图书-幼儿启蒙,小企鹅,9779435
小企鹅 全能宝宝卡套装2 -4册,"小企鹅, 全能, 宝宝, 卡, 套装, 2, -4, 册",小企鹅,1,套装,1,0-17722-17808-17810:玩具、图书音像-图书-幼儿启蒙,小企鹅,11107929
小企鹅 全能宝宝卡（共八册）,"小企鹅, 全能, 宝宝, 卡, （, 共, 八, 册, ）",小企鹅,1,,0,0-17722-17808-17810:玩具、图书音像-图书-幼儿启蒙,小企鹅,9955560
小企鹅 全能宝宝卡－拼音,"小企鹅, 全能, 宝宝, 卡, －, 拼音",小企鹅,1,拼音,1,0-17722-17808-17810:玩具、图书音像-图书-幼儿启蒙,小企鹅,9779491
小企鹅 全能宝宝卡－数学,"小企鹅, 全能, 宝宝, 卡, －, 数学",小企鹅,1,数学,1,0-17722-17808-17810:玩具、图书音像-图书-幼儿启蒙,小企鹅,9779457
小企鹅 全能宝宝卡－英语,"小企鹅, 全能, 宝宝, 卡, －, 英语",小企鹅,1,,0,0-17722-17808-17810:玩具、图书音像-图书-幼儿启蒙,小企鹅,9838113
小企鹅 全能宝宝卡－视觉,"小企鹅, 全能, 宝宝, 卡, －, 视觉",小企鹅,1,,0,0-17722-17808-17810:玩具、图书音像-图书-幼儿启蒙,小企鹅,9779468
小企鹅 全能宝宝卡－认知,"小企鹅, 全能, 宝宝, 卡, －, 认知",小企鹅,1,认知,1,0-17722-17808-17810:玩具、图书音像-图书-幼儿启蒙,小企鹅,9779480
小企鹅 全能宝宝卡－识字,"小企鹅, 全能, 宝宝, 卡, －, 识字",小企鹅,1,,0,0-17722-17808-17810:玩具、图书音像-图书-幼儿启蒙,小企鹅,9779479
小企鹅 全能宝宝卡－诵读,"小企鹅, 全能, 宝宝, 卡, －, 诵读",小企鹅,1,,0,0-17722-17808-17810:玩具、图书音像-图书-幼儿启蒙,小企鹅,9779446
小企鹅 全能宝宝卡－逻辑（智力）,"小企鹅, 全能, 宝宝, 卡, －, 逻辑, （, 智力, ）",小企鹅,1,,0,0-17722-17808-17810:玩具、图书音像-图书-幼儿启蒙,小企鹅,9779504
小企鹅 双面识字卡,"小企鹅, 双面, 识字卡",小企鹅,1,识字卡,1,0-17722-17808-17810:玩具、图书音像-图书-幼儿启蒙,小企鹅,10351470
小企鹅 双面识字卡―看图识字(上)(启蒙版),"小企鹅, 双面, 识字卡, ―, 看图识字, (, 上, ), (, 启蒙, 版, )",小企鹅,1,识字卡,1,0-17722-17808-17810:玩具、图书音像-图书-幼儿启蒙,小企鹅,10317938
小企鹅 双面识字卡―看图识字(下)(拓展版),"小企鹅, 双面, 识字卡, ―, 看图识字, (, 下, ), (, 拓展, 版, )",小企鹅,1,识字卡,1,0-17722-17808-17810:玩具、图书音像-图书-幼儿启蒙,小企鹅,10317927
小企鹅 双面识字卡―识字(上)(早教版),"小企鹅, 双面, 识字卡, ―, 识字, (, 上, ), (, 早教, 版, )",小企鹅,1,识字卡,1,0-17722-17808-17810:玩具、图书音像-图书-幼儿启蒙,小企鹅,10317916
小企鹅 双面识字卡―识字(下)(成长版),"小企鹅, 双面, 识字卡, ―, 识字, (, 下, ), (, 成长, 版, )",小企鹅,1,识字卡,1,0-17722-17808-17810:玩具、图书音像-图书-幼儿启蒙,小企鹅,10317905
小企鹅 好宝宝轻松认,"小企鹅, 好, 宝宝, 轻松, 认",小企鹅,1,,0,0-17722-17808-17810:玩具、图书音像-图书-幼儿启蒙,小企鹅,10149798
小企鹅 好宝宝轻松认（共八册）,"小企鹅, 好, 宝宝, 轻松, 认, （, 共, 八, 册, ）",小企鹅,1,,0,0-17722-17808-17810:玩具、图书音像-图书-幼儿启蒙,小企鹅,9955617
小企鹅 好宝宝轻松认－交通工具,"小企鹅, 好, 宝宝, 轻松, 认, －, 交通工具",小企鹅,1,交通工具,1,0-17722-17808-17810:玩具、图书音像-图书-幼儿启蒙,小企鹅,9780169
小企鹅 好宝宝轻松认－儿歌,"小企鹅, 好, 宝宝, 轻松, 认, －, 儿歌",小企鹅,1,,0,0-17722-17808-17810:玩具、图书音像-图书-幼儿启蒙,小企鹅,9780170
小企鹅 好宝宝轻松认－动物,"小企鹅, 好, 宝宝, 轻松, 认, －, 动物",小企鹅,1,动物,1,0-17722-17808-17810:玩具、图书音像-图书-幼儿启蒙,小企鹅,9780181
小企鹅 好宝宝轻松认－拼音,"小企鹅, 好, 宝宝, 轻松, 认, －, 拼音",小企鹅,1,拼音,1,0-17722-17808-17810:玩具、图书音像-图书-幼儿启蒙,小企鹅,9780158
小企鹅 好宝宝轻松认－数学,"小企鹅, 好, 宝宝, 轻松, 认, －, 数学",小企鹅,1,数学,1,0-17722-17808-17810:玩具、图书音像-图书-幼儿启蒙,小企鹅,9780136
小企鹅 好宝宝轻松认－水果蔬菜,"小企鹅, 好, 宝宝, 轻松, 认, －, 水果, 蔬菜",小企鹅,1,水果,1,0-17722-17808-17810:玩具、图书音像-图书-幼儿启蒙,小企鹅,9780125
小企鹅 好宝宝轻松认－认物品,"小企鹅, 好, 宝宝, 轻松, 认, －, 认, 物品",小企鹅,1,,0,0-17722-17808-17810:玩具、图书音像-图书-幼儿启蒙,小企鹅,9780147
小企鹅 好宝宝轻松认－颜色形状,"小企鹅, 好, 宝宝, 轻松, 认, －, 颜色, 形状",小企鹅,1,颜色,1,0-17722-17808-17810:玩具、图书音像-图书-幼儿启蒙,小企鹅,9838340
小企鹅 婴儿智力大卡系列套装 共4册,"小企鹅, 婴儿, 智力, 大卡, 系列, 套装, 共, 4, 册",小企鹅,1,"婴儿, 套装",2,0-17722-17808-17810:玩具、图书音像-图书-幼儿启蒙,小企鹅,9777100
小企鹅 婴儿智力大卡系列套装2 -4册,"小企鹅, 婴儿, 智力, 大卡, 系列, 套装, 2, -4, 册",小企鹅,1,"婴儿, 套装",2,0-17722-17808-17810:玩具、图书音像-图书-幼儿启蒙,小企鹅,11107872
小企鹅 婴幼儿智力大卡 共8册,"小企鹅, 婴幼儿, 智力, 大卡, 共, 8, 册",小企鹅,1,,0,0-17722-17808-17810:玩具、图书音像-图书-幼儿启蒙,小企鹅,10150002
小企鹅 婴幼儿智力大卡（共八册）,"小企鹅, 婴幼儿, 智力, 大卡, （, 共, 八, 册, ）",小企鹅,1,,0,0-17722-17808-17810:玩具、图书音像-图书-幼儿启蒙,小企鹅,9952765
小企鹅 婴幼儿智力大卡－B儿歌,"小企鹅, 婴幼儿, 智力, 大卡, －, B, 儿歌",小企鹅,1,,0,0-17722-17808-17810:玩具、图书音像-图书-幼儿启蒙,小企鹅,9777166
小企鹅 婴幼儿智力大卡－D动物,"小企鹅, 婴幼儿, 智力, 大卡, －, D, 动物",小企鹅,1,动物,1,0-17722-17808-17810:玩具、图书音像-图书-幼儿启蒙,小企鹅,9777133
小企鹅 婴幼儿智力大卡－a唐诗,"小企鹅, 婴幼儿, 智力, 大卡, －, a, 唐诗",小企鹅,1,,0,0-17722-17808-17810:玩具、图书音像-图书-幼儿启蒙,小企鹅,9777177
小企鹅 婴幼儿智力大卡－b水果蔬菜,"小企鹅, 婴幼儿, 智力, 大卡, －, b, 水果, 蔬菜",小企鹅,1,水果,1,0-17722-17808-17810:玩具、图书音像-图书-幼儿启蒙,小企鹅,9777155
小企鹅 婴幼儿智力大卡－c交通工具,"小企鹅, 婴幼儿, 智力, 大卡, －, c, 交通工具",小企鹅,1,交通工具,1,0-17722-17808-17810:玩具、图书音像-图书-幼儿启蒙,小企鹅,9777144
小企鹅 婴幼儿智力大卡－g数学,"小企鹅, 婴幼儿, 智力, 大卡, －, g, 数学",小企鹅,1,数学,1,0-17722-17808-17810:玩具、图书音像-图书-幼儿启蒙,小企鹅,9777122
小企鹅 婴幼儿智力大卡－日常用品,"小企鹅, 婴幼儿, 智力, 大卡, －, 日常用品",小企鹅,1,,0,0-17722-17808-17810:玩具、图书音像-图书-幼儿启蒙,小企鹅,9838271
小企鹅 婴幼儿智力大卡－颜色形状,"小企鹅, 婴幼儿, 智力, 大卡, －, 颜色, 形状",小企鹅,1,颜色,1,0-17722-17808-17810:玩具、图书音像-图书-幼儿启蒙,小企鹅,9777111
小企鹅 学习宝 共9册,"小企鹅, 学习, 宝, 共, 9, 册",小企鹅,1,学习,1,0-17722-17808-17810:玩具、图书音像-图书-幼儿启蒙,小企鹅,10149992
小企鹅 学习宝系列套装 1-5册,"小企鹅, 学习, 宝, 系列, 套装, 1-5, 册",小企鹅,1,"学习, 套装",2,0-17722-17808-17810:玩具、图书音像-图书-幼儿启蒙,小企鹅,9777746
小企鹅 学习宝系列套装2 -4册,"小企鹅, 学习, 宝, 系列, 套装, 2, -4, 册",小企鹅,1,"学习, 套装",2,0-17722-17808-17810:玩具、图书音像-图书-幼儿启蒙,小企鹅,11107883
小企鹅 学习宝－交通工具,"小企鹅, 学习, 宝, －, 交通工具",小企鹅,1,"学习, 交通工具",2,0-17722-17808-17810:玩具、图书音像-图书-幼儿启蒙,小企鹅,9777791
小企鹅 学习宝－儿歌,"小企鹅, 学习, 宝, －, 儿歌",小企鹅,1,学习,1,0-17722-17808-17810:玩具、图书音像-图书-幼儿启蒙,小企鹅,9777815
小企鹅 学习宝－加减法,"小企鹅, 学习, 宝, －, 加减法",小企鹅,1,学习,1,0-17722-17808-17810:玩具、图书音像-图书-幼儿启蒙,小企鹅,9777804
小企鹅 学习宝－动物,"小企鹅, 学习, 宝, －, 动物",小企鹅,1,"学习, 动物",2,0-17722-17808-17810:玩具、图书音像-图书-幼儿启蒙,小企鹅,9777826
小企鹅 学习宝－拼音,"小企鹅, 学习, 宝, －, 拼音",小企鹅,1,"学习, 拼音",2,0-17722-17808-17810:玩具、图书音像-图书-幼儿启蒙,小企鹅,9777780
小企鹅 学习宝－数学游戏,"小企鹅, 学习, 宝, －, 数学, 游戏",小企鹅,1,"学习, 数学, 游戏",3,0-17722-17808-17810:玩具、图书音像-图书-幼儿启蒙,小企鹅,9777768
小企鹅 学习宝－日常用品,"小企鹅, 学习, 宝, －, 日常用品",小企鹅,1,学习,1,0-17722-17808-17810:玩具、图书音像-图书-幼儿启蒙,小企鹅,9777779
小企鹅 学习宝－水果蔬菜,"小企鹅, 学习, 宝, －, 水果, 蔬菜",小企鹅,1,"学习, 水果",2,0-17722-17808-17810:玩具、图书音像-图书-幼儿启蒙,小企鹅,9777757
小企鹅 学习宝－颜色形状,"小企鹅, 学习, 宝, －, 颜色, 形状",小企鹅,1,"学习, 颜色",2,0-17722-17808-17810:玩具、图书音像-图书-幼儿启蒙,小企鹅,9838317
小企鹅 宝宝学画（共十册）,"小企鹅, 宝宝, 学, 画, （, 共, 十册, ）",小企鹅,1,,0,0-17722-17808-17810:玩具、图书音像-图书-幼儿启蒙,小企鹅,9955651
小企鹅 宝宝学画－描画,"小企鹅, 宝宝, 学, 画, －, 描画",小企鹅,1,,0,0-17722-17808-17810:玩具、图书音像-图书-幼儿启蒙,小企鹅,10149709
小企鹅 宝宝学画－涂色 共3册,"小企鹅, 宝宝, 学, 画, －, 涂色, 共, 3, 册",小企鹅,1,,0,0-17722-17808-17810:玩具、图书音像-图书-幼儿启蒙,小企鹅,10149710
小企鹅 宝宝最爱大全系列 4册,"小企鹅, 宝宝, 最爱, 大全, 系列, 4, 册",小企鹅,1,,0,0-17722-17808-17810:玩具、图书音像-图书-幼儿启蒙,小企鹅,10149721
小企鹅 宝宝最爱大全系列－-学习大全,"小企鹅, 宝宝, 最爱, 大全, 系列, －, -, 学习, 大全",小企鹅,1,学习,1,0-17722-17808-17810:玩具、图书音像-图书-幼儿启蒙,小企鹅,9841138
小企鹅 宝宝最爱大全系列－-认知大全,"小企鹅, 宝宝, 最爱, 大全, 系列, －, -, 认知, 大全",小企鹅,1,认知,1,0-17722-17808-17810:玩具、图书音像-图书-幼儿启蒙,小企鹅,9778545
小企鹅 宝宝最爱大全系列－-识字大全,"小企鹅, 宝宝, 最爱, 大全, 系列, －, -, 识字, 大全",小企鹅,1,,0,0-17722-17808-17810:玩具、图书音像-图书-幼儿启蒙,小企鹅,9778534
小企鹅 宝宝最爱大全系列－-诵读大全,"小企鹅, 宝宝, 最爱, 大全, 系列, －, -, 诵读, 大全",小企鹅,1,,0,0-17722-17808-17810:玩具、图书音像-图书-幼儿启蒙,小企鹅,9778523
小企鹅 宝宝爱画画,"小企鹅, 宝宝, 爱, 画画",小企鹅,1,,0,0-17722-17808-17810:玩具、图书音像-图书-幼儿启蒙,小企鹅,10149674
小企鹅 小博士快乐学丛书 8册,"小企鹅, 小, 博士, 快乐, 学, 丛书, 8, 册",小企鹅,1,,0,0-17722-17808-17810:玩具、图书音像-图书-幼儿启蒙,小企鹅,10149947
小企鹅 小博士快乐学丛书－儿歌,"小企鹅, 小, 博士, 快乐, 学, 丛书, －, 儿歌",小企鹅,1,,0,0-17722-17808-17810:玩具、图书音像-图书-幼儿启蒙,小企鹅,9778794
小企鹅 小博士快乐学丛书－唐诗,"小企鹅, 小, 博士, 快乐, 学, 丛书, －, 唐诗",小企鹅,1,,0,0-17722-17808-17810:玩具、图书音像-图书-幼儿启蒙,小企鹅,9778750
小企鹅 小博士快乐学丛书－寓言,"小企鹅, 小, 博士, 快乐, 学, 丛书, －, 寓言",小企鹅,1,寓言,1,0-17722-17808-17810:玩具、图书音像-图书-幼儿启蒙,小企鹅,9841150
小企鹅 小博士快乐学丛书－成语,"小企鹅, 小, 博士, 快乐, 学, 丛书, －, 成语",小企鹅,1,,0,0-17722-17808-17810:玩具、图书音像-图书-幼儿启蒙,小企鹅,9778807
小企鹅 小博士快乐学丛书－描红,"小企鹅, 小, 博士, 快乐, 学, 丛书, －, 描红",小企鹅,1,,0,0-17722-17808-17810:玩具、图书音像-图书-幼儿启蒙,小企鹅,9778761
小企鹅 小博士快乐学丛书－故事,"小企鹅, 小, 博士, 快乐, 学, 丛书, －, 故事",小企鹅,1,,0,0-17722-17808-17810:玩具、图书音像-图书-幼儿启蒙,小企鹅,9778783
小企鹅 小博士快乐学丛书－童话,"小企鹅, 小, 博士, 快乐, 学, 丛书, －, 童话",小企鹅,1,童话,1,0-17722-17808-17810:玩具、图书音像-图书-幼儿启蒙,小企鹅,9778749
小企鹅 小博士快乐学丛书－蒙学,"小企鹅, 小, 博士, 快乐, 学, 丛书, －, 蒙, 学",小企鹅,1,,0,0-17722-17808-17810:玩具、图书音像-图书-幼儿启蒙,小企鹅,9778772
小企鹅 小天才快乐学,"小企鹅, 小, 天才, 快乐, 学",小企鹅,1,,0,0-17722-17808-17810:玩具、图书音像-图书-幼儿启蒙,小企鹅,10149981
小企鹅 小天才快乐学－三字经,"小企鹅, 小, 天才, 快乐, 学, －, 三字经",小企鹅,1,,0,0-17722-17808-17810:玩具、图书音像-图书-幼儿启蒙,小企鹅,9777304
小企鹅 小天才快乐学－儿歌,"小企鹅, 小, 天才, 快乐, 学, －, 儿歌",小企鹅,1,,0,0-17722-17808-17810:玩具、图书音像-图书-幼儿启蒙,小企鹅,9777337
小企鹅 小天才快乐学－古诗,"小企鹅, 小, 天才, 快乐, 学, －, 古诗",小企鹅,1,,0,0-17722-17808-17810:玩具、图书音像-图书-幼儿启蒙,小企鹅,9777326
小企鹅 小天才快乐学－寓言,"小企鹅, 小, 天才, 快乐, 学, －, 寓言",小企鹅,1,寓言,1,0-17722-17808-17810:玩具、图书音像-图书-幼儿启蒙,小企鹅,9777268
小企鹅 小天才快乐学－成语,"小企鹅, 小, 天才, 快乐, 学, －, 成语",小企鹅,1,,0,0-17722-17808-17810:玩具、图书音像-图书-幼儿启蒙,小企鹅,9777348
小企鹅 小天才快乐学－拼音,"小企鹅, 小, 天才, 快乐, 学, －, 拼音",小企鹅,1,拼音,1,0-17722-17808-17810:玩具、图书音像-图书-幼儿启蒙,小企鹅,9777315
小企鹅 小天才快乐学－数学,"小企鹅, 小, 天才, 快乐, 学, －, 数学",小企鹅,1,数学,1,0-17722-17808-17810:玩具、图书音像-图书-幼儿启蒙,小企鹅,9777280
小企鹅 小天才快乐学－百家姓,"小企鹅, 小, 天才, 快乐, 学, －, 百家姓",小企鹅,1,,0,0-17722-17808-17810:玩具、图书音像-图书-幼儿启蒙,小企鹅,9841127
小企鹅 小天才快乐学－英文,"小企鹅, 小, 天才, 快乐, 学, －, 英文",小企鹅,1,,0,0-17722-17808-17810:玩具、图书音像-图书-幼儿启蒙,小企鹅,9777279
小企鹅 小天才快乐学－识字,"小企鹅, 小, 天才, 快乐, 学, －, 识字",小企鹅,1,,0,0-17722-17808-17810:玩具、图书音像-图书-幼儿启蒙,小企鹅,9777291
小企鹅 小宝贝启蒙必读,"小企鹅, 小, 宝贝, 启蒙, 必读",小企鹅,1,,0,0-17722-17808-17810:玩具、图书音像-图书-幼儿启蒙,小企鹅,10149936
小企鹅 小宝贝启蒙必读－婴幼儿童话书(太阳卷),"小企鹅, 小, 宝贝, 启蒙, 必读, －, 婴幼儿, 童话, 书, (, 太阳, 卷, )",小企鹅,1,童话,1,0-17722-17808-17810:玩具、图书音像-图书-幼儿启蒙,小企鹅,9778909
小企鹅 小宝贝启蒙必读－婴幼儿童话书(星星卷),"小企鹅, 小, 宝贝, 启蒙, 必读, －, 婴幼儿, 童话, 书, (, 星星, 卷, )",小企鹅,1,童话,1,0-17722-17808-17810:玩具、图书音像-图书-幼儿启蒙,小企鹅,9778896
小企鹅 小宝贝启蒙必读－婴幼儿童话书(月亮卷),"小企鹅, 小, 宝贝, 启蒙, 必读, －, 婴幼儿, 童话, 书, (, 月亮, 卷, )",小企鹅,1,童话,1,0-17722-17808-17810:玩具、图书音像-图书-幼儿启蒙,小企鹅,9838339
小企鹅 小宝贝启蒙必读－婴幼儿认物书,"小企鹅, 小, 宝贝, 启蒙, 必读, －, 婴幼儿, 认, 物, 书",小企鹅,1,,0,0-17722-17808-17810:玩具、图书音像-图书-幼儿启蒙,小企鹅,9778921
小企鹅 小宝贝启蒙必读－婴幼儿认知书,"小企鹅, 小, 宝贝, 启蒙, 必读, －, 婴幼儿, 认知, 书",小企鹅,1,认知,1,0-17722-17808-17810:玩具、图书音像-图书-幼儿启蒙,小企鹅,9778910
小企鹅 小手啪啪 共8册,"小企鹅, 小手, 啪啪, 共, 8, 册",小企鹅,1,,0,0-17722-17808-17810:玩具、图书音像-图书-幼儿启蒙,小企鹅,10149969
小企鹅 小手啪啪系列套装 共8册,"小企鹅, 小手, 啪啪, 系列, 套装, 共, 8, 册",小企鹅,1,套装,1,0-17722-17808-17810:玩具、图书音像-图书-幼儿启蒙,小企鹅,9777428
小企鹅 小手啪啪－吃饭,"小企鹅, 小手, 啪啪, －, 吃饭",小企鹅,1,,0,0-17722-17808-17810:玩具、图书音像-图书-幼儿启蒙,小企鹅,9777484
小企鹅 小手啪啪－我会刷牙,"小企鹅, 小手, 啪啪, －, 我会, 刷牙",小企鹅,1,,0,0-17722-17808-17810:玩具、图书音像-图书-幼儿启蒙,小企鹅,9777451
小企鹅 小手啪啪－我懂礼貌,"小企鹅, 小手, 啪啪, －, 我, 懂, 礼貌",小企鹅,1,,0,0-17722-17808-17810:玩具、图书音像-图书-幼儿启蒙,小企鹅,9777462
小企鹅 小手啪啪－我要游泳,"小企鹅, 小手, 啪啪, －, 我要, 游泳",小企鹅,1,游泳,1,0-17722-17808-17810:玩具、图书音像-图书-幼儿启蒙,小企鹅,9777440
小企鹅 小手啪啪－洗手,"小企鹅, 小手, 啪啪, －, 洗手",小企鹅,1,,0,0-17722-17808-17810:玩具、图书音像-图书-幼儿启蒙,小企鹅,9777439
小企鹅 小手啪啪－蔬菜好好吃,"小企鹅, 小手, 啪啪, －, 蔬菜, 好, 好吃",小企鹅,1,,0,0-17722-17808-17810:玩具、图书音像-图书-幼儿启蒙,小企鹅,9777473
小企鹅 小手啪啪－车来了,"小企鹅, 小手, 啪啪, －, 车, 来了",小企鹅,1,车,1,0-17722-17808-17810:玩具、图书音像-图书-幼儿启蒙,小企鹅,9777495
小企鹅 小手啪啪－遵守秩序,"小企鹅, 小手, 啪啪, －, 遵守, 秩序",小企鹅,1,,0,0-17722-17808-17810:玩具、图书音像-图书-幼儿启蒙,小企鹅,9838215
小企鹅 小手贴贴系列套装 共6册,"小企鹅, 小手, 贴, 贴, 系列, 套装, 共, 6, 册",小企鹅,1,"贴, 贴, 套装",3,0-17722-17808-17810:玩具、图书音像-图书-幼儿启蒙,小企鹅,9777360
小企鹅 小鲤鱼跳龙门,"小企鹅, 小, 鲤鱼, 跳龙门",小企鹅,1,,0,0-17722-17808-17810:玩具、图书音像-图书-幼儿启蒙,小企鹅,10149958
小企鹅 小鲤鱼跳龙门 共8册,"小企鹅, 小, 鲤鱼, 跳龙门, 共, 8, 册",小企鹅,1,,0,0-17722-17808-17810:玩具、图书音像-图书-幼儿启蒙,小企鹅,9778658
小企鹅 小鲤鱼跳龙门（共八册）,"小企鹅, 小, 鲤鱼, 跳龙门, （, 共, 八, 册, ）",小企鹅,1,,0,0-17722-17808-17810:玩具、图书音像-图书-幼儿启蒙,小企鹅,9955344
小企鹅 小鲤鱼跳龙门－A唐诗,"小企鹅, 小, 鲤鱼, 跳龙门, －, A, 唐诗",小企鹅,1,,0,0-17722-17808-17810:玩具、图书音像-图书-幼儿启蒙,小企鹅,9778716
小企鹅 小鲤鱼跳龙门－A成语,"小企鹅, 小, 鲤鱼, 跳龙门, －, A, 成语",小企鹅,1,,0,0-17722-17808-17810:玩具、图书音像-图书-幼儿启蒙,小企鹅,9778727
小企鹅 小鲤鱼跳龙门－B三字经,"小企鹅, 小, 鲤鱼, 跳龙门, －, B, 三字经",小企鹅,1,,0,0-17722-17808-17810:玩具、图书音像-图书-幼儿启蒙,小企鹅,9778705
小企鹅 小鲤鱼跳龙门－B寓言,"小企鹅, 小, 鲤鱼, 跳龙门, －, B, 寓言",小企鹅,1,寓言,1,0-17722-17808-17810:玩具、图书音像-图书-幼儿启蒙,小企鹅,9778692
小企鹅 小鲤鱼跳龙门－C弟子规,"小企鹅, 小, 鲤鱼, 跳龙门, －, C, 弟, 子规",小企鹅,1,,0,0-17722-17808-17810:玩具、图书音像-图书-幼儿启蒙,小企鹅,9778681
小企鹅 小鲤鱼跳龙门－C论语,"小企鹅, 小, 鲤鱼, 跳龙门, －, C, 论语",小企鹅,1,,0,0-17722-17808-17810:玩具、图书音像-图书-幼儿启蒙,小企鹅,9778670
小企鹅 小鲤鱼跳龙门－D千字文,"小企鹅, 小, 鲤鱼, 跳龙门, －, D, 千字文",小企鹅,1,,0,0-17722-17808-17810:玩具、图书音像-图书-幼儿启蒙,小企鹅,9841149
小企鹅 小鲤鱼跳龙门－D百家姓,"小企鹅, 小, 鲤鱼, 跳龙门, －, D, 百家姓",小企鹅,1,,0,0-17722-17808-17810:玩具、图书音像-图书-幼儿启蒙,小企鹅,9778669
小企鹅 掌中宝益智书 共8册,"小企鹅, 掌中宝, 益智, 书, 共, 8, 册",小企鹅,1,益智,1,0-17722-17808-17810:玩具、图书音像-图书-幼儿启蒙,小企鹅,10150024
小企鹅 掌中宝益智书（共八册）,"小企鹅, 掌中宝, 益智, 书, （, 共, 八, 册, ）",小企鹅,1,益智,1,0-17722-17808-17810:玩具、图书音像-图书-幼儿启蒙,小企鹅,9952754
小企鹅 撕不烂认知宝(四册入),"小企鹅, 撕, 不, 烂, 认知, 宝, (, 四, 册, 入, )",小企鹅,1,认知,1,0-17722-17808-17810:玩具、图书音像-图书-幼儿启蒙,小企鹅,10702520
小企鹅 撕不烂认知宝系列套装1-4册,"小企鹅, 撕, 不, 烂, 认知, 宝, 系列, 套装, 1-4, 册",小企鹅,1,"认知, 套装",2,0-17722-17808-17810:玩具、图书音像-图书-幼儿启蒙,小企鹅,9779195
小企鹅 撕不烂认知宝系列套装2 -4册,"小企鹅, 撕, 不, 烂, 认知, 宝, 系列, 套装, 2, -4, 册",小企鹅,1,"认知, 套装",2,0-17722-17808-17810:玩具、图书音像-图书-幼儿启蒙,小企鹅,11107907
小企鹅 撕不烂认知宝（共八册）,"小企鹅, 撕, 不, 烂, 认知, 宝, （, 共, 八, 册, ）",小企鹅,1,认知,1,0-17722-17808-17810:玩具、图书音像-图书-幼儿启蒙,小企鹅,9955537
小企鹅 撕不烂认知宝－交通工具,"小企鹅, 撕, 不, 烂, 认知, 宝, －, 交通工具",小企鹅,1,"认知, 交通工具",2,0-17722-17808-17810:玩具、图书音像-图书-幼儿启蒙,小企鹅,9779242
小企鹅 撕不烂认知宝－动物,"小企鹅, 撕, 不, 烂, 认知, 宝, －, 动物",小企鹅,1,"认知, 动物",2,0-17722-17808-17810:玩具、图书音像-图书-幼儿启蒙,小企鹅,9779264
小企鹅 撕不烂认知宝－基本概念,"小企鹅, 撕, 不, 烂, 认知, 宝, －, 基本概念",小企鹅,1,认知,1,0-17722-17808-17810:玩具、图书音像-图书-幼儿启蒙,小企鹅,9779253
小企鹅 撕不烂认知宝－拼音,"小企鹅, 撕, 不, 烂, 认知, 宝, －, 拼音",小企鹅,1,"认知, 拼音",2,0-17722-17808-17810:玩具、图书音像-图书-幼儿启蒙,小企鹅,9779231
小企鹅 撕不烂认知宝－数字,"小企鹅, 撕, 不, 烂, 认知, 宝, －, 数字",小企鹅,1,认知,1,0-17722-17808-17810:玩具、图书音像-图书-幼儿启蒙,小企鹅,9779219
小企鹅 撕不烂认知宝－日常用品,"小企鹅, 撕, 不, 烂, 认知, 宝, －, 日常用品",小企鹅,1,认知,1,0-17722-17808-17810:玩具、图书音像-图书-幼儿启蒙,小企鹅,9779220
小企鹅 撕不烂认知宝－水果蔬菜,"小企鹅, 撕, 不, 烂, 认知, 宝, －, 水果, 蔬菜",小企鹅,1,"认知, 水果",2,0-17722-17808-17810:玩具、图书音像-图书-幼儿启蒙,小企鹅,9779208
小企鹅 撕不烂认知宝－英语,"小企鹅, 撕, 不, 烂, 认知, 宝, －, 英语",小企鹅,1,认知,1,0-17722-17808-17810:玩具、图书音像-图书-幼儿启蒙,小企鹅,9838248
小企鹅 智能口袋书 共6册,"小企鹅, 智能, 口袋, 书, 共, 6, 册",小企鹅,1,,0,0-17722-17808-17810:玩具、图书音像-图书-幼儿启蒙,小企鹅,10150035
小企鹅 智能口袋书－三字经,"小企鹅, 智能, 口袋, 书, －, 三字经",小企鹅,1,,0,0-17722-17808-17810:玩具、图书音像-图书-幼儿启蒙,小企鹅,9776845
小企鹅 智能口袋书－寓言,"小企鹅, 智能, 口袋, 书, －, 寓言",小企鹅,1,寓言,1,0-17722-17808-17810:玩具、图书音像-图书-幼儿启蒙,小企鹅,9838328
小企鹅 智能口袋书－成语,"小企鹅, 智能, 口袋, 书, －, 成语",小企鹅,1,,0,0-17722-17808-17810:玩具、图书音像-图书-幼儿启蒙,小企鹅,9776867
小企鹅 智能口袋书－拼音,"小企鹅, 智能, 口袋, 书, －, 拼音",小企鹅,1,拼音,1,0-17722-17808-17810:玩具、图书音像-图书-幼儿启蒙,小企鹅,9776856
小企鹅 智能口袋书－百家姓,"小企鹅, 智能, 口袋, 书, －, 百家姓",小企鹅,1,,0,0-17722-17808-17810:玩具、图书音像-图书-幼儿启蒙,小企鹅,9776878
小企鹅 智能口袋书－英文,"小企鹅, 智能, 口袋, 书, －, 英文",小企鹅,1,,0,0-17722-17808-17810:玩具、图书音像-图书-幼儿启蒙,小企鹅,9776834
小企鹅 百变时装秀,"小企鹅, 百, 变, 时装秀",小企鹅,1,,0,0-17722-17808-17810:玩具、图书音像-图书-幼儿启蒙,小企鹅,10149652
小企鹅 聪明宝宝套装 共8册,"小企鹅, 聪明宝宝, 套装, 共, 8, 册",小企鹅,1,套装,1,0-17722-17808-17810:玩具、图书音像-图书-幼儿启蒙,小企鹅,9780636
小企鹅 聪明宝宝早早教,"小企鹅, 聪明宝宝, 早, 早教",小企鹅,1,早教,1,0-17722-17808-17810:玩具、图书音像-图书-幼儿启蒙,小企鹅,10149754
小企鹅 聪明宝宝早早教－B儿歌,"小企鹅, 聪明宝宝, 早, 早教, －, B, 儿歌",小企鹅,1,早教,1,0-17722-17808-17810:玩具、图书音像-图书-幼儿启蒙,小企鹅,9780692
小企鹅 聪明宝宝早早教－D动物,"小企鹅, 聪明宝宝, 早, 早教, －, D, 动物",小企鹅,1,"早教, 动物",2,0-17722-17808-17810:玩具、图书音像-图书-幼儿启蒙,小企鹅,9780670
小企鹅 聪明宝宝早早教－F日常用品,"小企鹅, 聪明宝宝, 早, 早教, －, F, 日常用品",小企鹅,1,早教,1,0-17722-17808-17810:玩具、图书音像-图书-幼儿启蒙,小企鹅,9780658
小企鹅 聪明宝宝早早教－H色彩形状,"小企鹅, 聪明宝宝, 早, 早教, －, H, 色彩, 形状",小企鹅,1,早教,1,0-17722-17808-17810:玩具、图书音像-图书-幼儿启蒙,小企鹅,9838168
小企鹅 聪明宝宝早早教－a唐诗,"小企鹅, 聪明宝宝, 早, 早教, －, a, 唐诗",小企鹅,1,早教,1,0-17722-17808-17810:玩具、图书音像-图书-幼儿启蒙,小企鹅,9780705
小企鹅 聪明宝宝早早教－c水果蔬菜,"小企鹅, 聪明宝宝, 早, 早教, －, c, 水果, 蔬菜",小企鹅,1,"早教, 水果",2,0-17722-17808-17810:玩具、图书音像-图书-幼儿启蒙,小企鹅,9780681
小企鹅 聪明宝宝早早教－e交通工具,"小企鹅, 聪明宝宝, 早, 早教, －, e, 交通工具",小企鹅,1,"早教, 交通工具",2,0-17722-17808-17810:玩具、图书音像-图书-幼儿启蒙,小企鹅,9780669
小企鹅 聪明宝宝早早教－g数字游戏,"小企鹅, 聪明宝宝, 早, 早教, －, g, 数字, 游戏",小企鹅,1,"早教, 游戏",2,0-17722-17808-17810:玩具、图书音像-图书-幼儿启蒙,小企鹅,9780647
小企鹅 聪明宝宝益智书+卡 共4册,"小企鹅, 聪明宝宝, 益智, 书, +, 卡, 共, 4, 册",小企鹅,1,益智,1,0-17722-17808-17810:玩具、图书音像-图书-幼儿启蒙,小企鹅,10149743
小企鹅 聪明宝宝益智书（共四册）,"小企鹅, 聪明宝宝, 益智, 书, （, 共, 四, 册, ）",小企鹅,1,益智,1,0-17722-17808-17810:玩具、图书音像-图书-幼儿启蒙,小企鹅,9955719
小企鹅 认世界 共10册,"小企鹅, 认, 世界, 共, 10, 册",小企鹅,1,,0,0-17722-17808-17810:玩具、图书音像-图书-幼儿启蒙,小企鹅,10149878
小企鹅 认世界系列套装 共10册,"小企鹅, 认, 世界, 系列, 套装, 共, 10, 册",小企鹅,1,套装,1,0-17722-17808-17810:玩具、图书音像-图书-幼儿启蒙,小企鹅,9778034
小企鹅 认世界－交通工具,"小企鹅, 认, 世界, －, 交通工具",小企鹅,1,交通工具,1,0-17722-17808-17810:玩具、图书音像-图书-幼儿启蒙,小企鹅,9778090
小企鹅 认世界－儿歌,"小企鹅, 认, 世界, －, 儿歌",小企鹅,1,,0,0-17722-17808-17810:玩具、图书音像-图书-幼儿启蒙,小企鹅,9778114
小企鹅 认世界－动物,"小企鹅, 认, 世界, －, 动物",小企鹅,1,动物,1,0-17722-17808-17810:玩具、图书音像-图书-幼儿启蒙,小企鹅,9778125
小企鹅 认世界－唐诗,"小企鹅, 认, 世界, －, 唐诗",小企鹅,1,,0,0-17722-17808-17810:玩具、图书音像-图书-幼儿启蒙,小企鹅,9778045
小企鹅 认世界－基本概念,"小企鹅, 认, 世界, －, 基本概念",小企鹅,1,,0,0-17722-17808-17810:玩具、图书音像-图书-幼儿启蒙,小企鹅,9778103
小企鹅 认世界－拼音,"小企鹅, 认, 世界, －, 拼音",小企鹅,1,拼音,1,0-17722-17808-17810:玩具、图书音像-图书-幼儿启蒙,小企鹅,9778089
小企鹅 认世界－数学游戏,"小企鹅, 认, 世界, －, 数学, 游戏",小企鹅,1,"数学, 游戏",2,0-17722-17808-17810:玩具、图书音像-图书-幼儿启蒙,小企鹅,9778067
小企鹅 认世界－日常用品,"小企鹅, 认, 世界, －, 日常用品",小企鹅,1,,0,0-17722-17808-17810:玩具、图书音像-图书-幼儿启蒙,小企鹅,9778078
小企鹅 认世界－水果蔬菜,"小企鹅, 认, 世界, －, 水果, 蔬菜",小企鹅,1,水果,1,0-17722-17808-17810:玩具、图书音像-图书-幼儿启蒙,小企鹅,9778056
小企鹅 认世界－英文,"小企鹅, 认, 世界, －, 英文",小企鹅,1,,0,0-17722-17808-17810:玩具、图书音像-图书-幼儿启蒙,小企鹅,9838306
小企鹅 让孩子受益一生的经典丛书 共10册,"小企鹅, 让, 孩子, 受益, 一, 生的, 经典, 丛书, 共, 10, 册",小企鹅,1,,0,0-17722-17808-17810:玩具、图书音像-图书-幼儿启蒙,小企鹅,9779333
小企鹅 让孩子受益一生的经典丛书－一千零一夜,"小企鹅, 让, 孩子, 受益, 一, 生的, 经典, 丛书, －, 一千零, 一夜",小企鹅,1,,0,0-17722-17808-17810:玩具、图书音像-图书-幼儿启蒙,小企鹅,9779366
小企鹅 让孩子受益一生的经典丛书－中国经典童话,"小企鹅, 让, 孩子, 受益, 一, 生的, 经典, 丛书, －, 中国, 经典, 童话",小企鹅,1,童话,1,0-17722-17808-17810:玩具、图书音像-图书-幼儿启蒙,小企鹅,9841183
小企鹅 让孩子受益一生的经典丛书－伊索寓言,"小企鹅, 让, 孩子, 受益, 一, 生的, 经典, 丛书, －, 伊索, 寓言",小企鹅,1,寓言,1,0-17722-17808-17810:玩具、图书音像-图书-幼儿启蒙,小企鹅,9779355
小企鹅 让孩子受益一生的经典丛书－儿歌,"小企鹅, 让, 孩子, 受益, 一, 生的, 经典, 丛书, －, 儿歌",小企鹅,1,,0,0-17722-17808-17810:玩具、图书音像-图书-幼儿启蒙,小企鹅,9779402
小企鹅 让孩子受益一生的经典丛书－唐诗,"小企鹅, 让, 孩子, 受益, 一, 生的, 经典, 丛书, －, 唐诗",小企鹅,1,,0,0-17722-17808-17810:玩具、图书音像-图书-幼儿启蒙,小企鹅,9779377
小企鹅 让孩子受益一生的经典丛书－安徒生童话,"小企鹅, 让, 孩子, 受益, 一, 生的, 经典, 丛书, －, 安徒生童话",小企鹅,1,,0,0-17722-17808-17810:玩具、图书音像-图书-幼儿启蒙,小企鹅,9779424
小企鹅 让孩子受益一生的经典丛书－感动好故事,"小企鹅, 让, 孩子, 受益, 一, 生的, 经典, 丛书, －, 感动, 好, 故事",小企鹅,1,,0,0-17722-17808-17810:玩具、图书音像-图书-幼儿启蒙,小企鹅,9779399
小企鹅 让孩子受益一生的经典丛书－成语故事,"小企鹅, 让, 孩子, 受益, 一, 生的, 经典, 丛书, －, 成语故事",小企鹅,1,成语故事,1,0-17722-17808-17810:玩具、图书音像-图书-幼儿启蒙,小企鹅,9779413
小企鹅 让孩子受益一生的经典丛书－智慧好故事,"小企鹅, 让, 孩子, 受益, 一, 生的, 经典, 丛书, －, 智慧, 好, 故事",小企鹅,1,,0,0-17722-17808-17810:玩具、图书音像-图书-幼儿启蒙,小企鹅,9779344
小企鹅 让孩子受益一生的经典丛书－格林童话,"小企鹅, 让, 孩子, 受益, 一, 生的, 经典, 丛书, －, 格林童话",小企鹅,1,,0,0-17722-17808-17810:玩具、图书音像-图书-幼儿启蒙,小企鹅,9779388
小企鹅 金牌宝宝学前必备 10册,"小企鹅, 金牌, 宝宝, 学前, 必备, 10, 册",小企鹅,1,,0,0-17722-17808-17810:玩具、图书音像-图书-幼儿启蒙,小企鹅,10149801
小企鹅 金牌宝宝学前必备 共10册,"小企鹅, 金牌, 宝宝, 学前, 必备, 共, 10, 册",小企鹅,1,,0,0-17722-17808-17810:玩具、图书音像-图书-幼儿启蒙,小企鹅,9780103
小企鹅 金牌宝宝学前必备（共十册）,"小企鹅, 金牌, 宝宝, 学前, 必备, （, 共, 十册, ）",小企鹅,1,,0,0-17722-17808-17810:玩具、图书音像-图书-幼儿启蒙,小企鹅,9955606
小企鹅 魔力红卡 共8册,"小企鹅, 魔力, 红, 卡, 共, 8, 册",小企鹅,1,,0,0-17722-17808-17810:玩具、图书音像-图书-幼儿启蒙,小企鹅,10149823
小企鹅 魔力红卡套装 共8册,"小企鹅, 魔力, 红, 卡, 套装, 共, 8, 册",小企鹅,1,套装,1,0-17722-17808-17810:玩具、图书音像-图书-幼儿启蒙,小企鹅,9779571
小企鹅 魔力红卡－儿歌（新）,"小企鹅, 魔力, 红, 卡, －, 儿歌, （, 新, ）",小企鹅,1,,0,0-17722-17808-17810:玩具、图书音像-图书-幼儿启蒙,小企鹅,9779640
小企鹅 魔力红卡－减法（新）,"小企鹅, 魔力, 红, 卡, －, 减法, （, 新, ）",小企鹅,1,,0,0-17722-17808-17810:玩具、图书音像-图书-幼儿启蒙,小企鹅,9779606
小企鹅 魔力红卡－加减法（新）,"小企鹅, 魔力, 红, 卡, －, 加减法, （, 新, ）",小企鹅,1,,0,0-17722-17808-17810:玩具、图书音像-图书-幼儿启蒙,小企鹅,9779617
小企鹅 魔力红卡－加法（新）,"小企鹅, 魔力, 红, 卡, －, 加法, （, 新, ）",小企鹅,1,,0,0-17722-17808-17810:玩具、图书音像-图书-幼儿启蒙,小企鹅,9779628
小企鹅 魔力红卡－古诗（新）,"小企鹅, 魔力, 红, 卡, －, 古诗, （, 新, ）",小企鹅,1,,0,0-17722-17808-17810:玩具、图书音像-图书-幼儿启蒙,小企鹅,9779639
小企鹅 魔力红卡－绕口令（新）,"小企鹅, 魔力, 红, 卡, －, 绕口令, （, 新, ）",小企鹅,1,,0,0-17722-17808-17810:玩具、图书音像-图书-幼儿启蒙,小企鹅,9779582
小企鹅 魔力红卡－识字（新）,"小企鹅, 魔力, 红, 卡, －, 识字, （, 新, ）",小企鹅,1,,0,0-17722-17808-17810:玩具、图书音像-图书-幼儿启蒙,小企鹅,9838124
小企鹅 魔力红卡－谜语（新）,"小企鹅, 魔力, 红, 卡, －, 谜语, （, 新, ）",小企鹅,1,,0,0-17722-17808-17810:玩具、图书音像-图书-幼儿启蒙,小企鹅,9779593
小企鹅 魔术学习卡套装 共8册,"小企鹅, 魔术, 学习, 卡, 套装, 共, 8, 册",小企鹅,1,"魔术, 学习, 套装",3,0-17722-17808-17810:玩具、图书音像-图书-幼儿启蒙,小企鹅,9778294
小企鹅 魔术学习卡－交通工具（新）,"小企鹅, 魔术, 学习, 卡, －, 交通工具, （, 新, ）",小企鹅,1,"魔术, 学习, 交通工具",3,0-17722-17808-17810:玩具、图书音像-图书-幼儿启蒙,小企鹅,9778352
小企鹅 魔术学习卡－动物（新）,"小企鹅, 魔术, 学习, 卡, －, 动物, （, 新, ）",小企鹅,1,"魔术, 学习, 动物",3,0-17722-17808-17810:玩具、图书音像-图书-幼儿启蒙,小企鹅,9778363
小企鹅 魔术学习卡－形状+对比（新）,"小企鹅, 魔术, 学习, 卡, －, 形状, +, 对比, （, 新, ）",小企鹅,1,"魔术, 学习",2,0-17722-17808-17810:玩具、图书音像-图书-幼儿启蒙,小企鹅,9778307
小企鹅 魔术学习卡－拼音（新）,"小企鹅, 魔术, 学习, 卡, －, 拼音, （, 新, ）",小企鹅,1,"魔术, 学习, 拼音",3,0-17722-17808-17810:玩具、图书音像-图书-幼儿启蒙,小企鹅,9778341
小企鹅 魔术学习卡－数学（新）,"小企鹅, 魔术, 学习, 卡, －, 数学, （, 新, ）",小企鹅,1,"魔术, 学习, 数学",3,0-17722-17808-17810:玩具、图书音像-图书-幼儿启蒙,小企鹅,9778329
小企鹅 魔术学习卡－日常用品（新）,"小企鹅, 魔术, 学习, 卡, －, 日常用品, （, 新, ）",小企鹅,1,"魔术, 学习",2,0-17722-17808-17810:玩具、图书音像-图书-幼儿启蒙,小企鹅,9778330
小企鹅 魔术学习卡－水果蔬菜（新）,"小企鹅, 魔术, 学习, 卡, －, 水果, 蔬菜, （, 新, ）",小企鹅,1,"魔术, 学习, 水果",3,0-17722-17808-17810:玩具、图书音像-图书-幼儿启蒙,小企鹅,9778318
乐乐趣猜猜看系列 共4册,"乐乐趣, 猜猜看, 系列, 共, 4, 册",乐乐趣,1,,0,0-17722-17808-17810:玩具、图书音像-图书-幼儿启蒙,荣信文化,10149083
乐乐趣猜猜看系列-这是一只老鼠吗?,"乐乐趣, 猜猜看, 系列, -, 这是, 一只, 老鼠, 吗, ?",乐乐趣,1,,0,0-17722-17808-17810:玩具、图书音像-图书-幼儿启蒙,荣信文化,213274
各种各样系列 共6册,"各种各样, 系列, 共, 6, 册",,0,,0,0-17722-17808-17810:玩具、图书音像-图书-幼儿启蒙,荣信文化,10149050
宝宝认知形孔书-交通工具,"宝宝, 认知, 形, 孔, 书, -, 交通工具",,0,"认知, 交通工具",2,0-17722-17808-17810:玩具、图书音像-图书-幼儿启蒙,荣信文化,213478
宝宝认知形孔书-体育用品,"宝宝, 认知, 形, 孔, 书, -, 体育用品",,0,认知,1,0-17722-17808-17810:玩具、图书音像-图书-幼儿启蒙,荣信文化,213456
宝宝认知形孔书-果蔬,"宝宝, 认知, 形, 孔, 书, -, 果, 蔬",,0,认知,1,0-17722-17808-17810:玩具、图书音像-图书-幼儿启蒙,荣信文化,213445
宝宝认知形孔书-花卉,"宝宝, 认知, 形, 孔, 书, -, 花卉",,0,"认知, 花卉",2,0-17722-17808-17810:玩具、图书音像-图书-幼儿启蒙,荣信文化,213434
宝宝认知纸板书-交通工具,"宝宝, 认知, 纸, 板书, -, 交通工具",,0,"认知, 交通工具",2,0-17722-17808-17810:玩具、图书音像-图书-幼儿启蒙,荣信文化,403305
宝宝认知纸板书-农场里的朋友,"宝宝, 认知, 纸, 板书, -, 农场, 里的, 朋友",,0,认知,1,0-17722-17808-17810:玩具、图书音像-图书-幼儿启蒙,荣信文化,403316
宝宝认知纸板书-动物,"宝宝, 认知, 纸, 板书, -, 动物",,0,"认知, 动物",2,0-17722-17808-17810:玩具、图书音像-图书-幼儿启蒙,荣信文化,403338
宝宝认知纸板书-海洋,"宝宝, 认知, 纸, 板书, -, 海洋",,0,"认知, 海洋",2,0-17722-17808-17810:玩具、图书音像-图书-幼儿启蒙,荣信文化,403292
宝宝认知纸板书-玩具,"宝宝, 认知, 纸, 板书, -, 玩具",,0,"认知, 玩具",2,0-17722-17808-17810:玩具、图书音像-图书-幼儿启蒙,荣信文化,403281
宝宝认知纸板书-词语,"宝宝, 认知, 纸, 板书, -, 词语",,0,认知,1,0-17722-17808-17810:玩具、图书音像-图书-幼儿启蒙,荣信文化,403327
宝宝认知纸板书-颜色,"宝宝, 认知, 纸, 板书, -, 颜色",,0,"认知, 颜色",2,0-17722-17808-17810:玩具、图书音像-图书-幼儿启蒙,荣信文化,403349
宝宝认知纸板书-餐桌,"宝宝, 认知, 纸, 板书, -, 餐桌",,0,"认知, 餐桌",2,0-17722-17808-17810:玩具、图书音像-图书-幼儿启蒙,荣信文化,403270
幼儿启蒙知识库(共12册),"幼儿启蒙, 知识库, (, 共, 12, 册, )",,0,幼儿启蒙,1,0-17722-17808-17810:玩具、图书音像-图书-幼儿启蒙,荣信文化,403350
幼儿启蒙知识库认知贴纸书(八册),"幼儿启蒙, 知识库, 认知, 贴纸, 书, (, 八, 册, )",,0,"幼儿启蒙, 认知, 贴纸",3,0-17722-17808-17810:玩具、图书音像-图书-幼儿启蒙,荣信文化,9528147
快乐认知贴纸书(四册),"快乐, 认知, 贴纸, 书, (, 四, 册, )",,0,"认知, 贴纸",2,0-17722-17808-17810:玩具、图书音像-图书-幼儿启蒙,荣信文化,9528114
惊喜连连翻系列,"惊喜, 连连, 翻, 系列",,0,,0,0-17722-17808-17810:玩具、图书音像-图书-幼儿启蒙,荣信文化,10149061
我的第一次经历-去上学,"我的, 第一次, 经历, -, 去, 上学",,0,,0,0-17722-17808-17810:玩具、图书音像-图书-幼儿启蒙,荣信文化,360156
我的第一次经历-去医院,"我的, 第一次, 经历, -, 去, 医院",,0,,0,0-17722-17808-17810:玩具、图书音像-图书-幼儿启蒙,荣信文化,360167
我的第一次经历-坐飞机,"我的, 第一次, 经历, -, 坐飞机",,0,,0,0-17722-17808-17810:玩具、图书音像-图书-幼儿启蒙,荣信文化,360203
我的第一次经历-我有一个小妹妹,"我的, 第一次, 经历, -, 我, 有一个, 小妹妹",,0,,0,0-17722-17808-17810:玩具、图书音像-图书-幼儿启蒙,荣信文化,360189
我的第一次经历-搬家,"我的, 第一次, 经历, -, 搬家",,0,,0,0-17722-17808-17810:玩具、图书音像-图书-幼儿启蒙,荣信文化,360190
我的第一次经历-看牙医,"我的, 第一次, 经历, -, 看, 牙医",,0,,0,0-17722-17808-17810:玩具、图书音像-图书-幼儿启蒙,荣信文化,360178
摇摆的虫子（四册）,"摇摆, 的, 虫子, （, 四, 册, ）",,0,,0,0-17722-17808-17810:玩具、图书音像-图书-幼儿启蒙,荣信文化,213332
爱丽丝梦幻奇境,"爱丽丝, 梦幻, 奇境",爱丽丝,1,,0,0-17722-17808-17810:玩具、图书音像-图书-幼儿启蒙,荣信文化,213285
环球旅行,环球旅行,,0,,0,0-17722-17808-17810:玩具、图书音像-图书-幼儿启蒙,荣信文化,213321
聪明宝宝创作坊,"聪明宝宝, 创, 作坊",聪明宝宝,1,,0,0-17722-17808-17810:玩具、图书音像-图书-幼儿启蒙,荣信文化,10149094
聪明宝宝创作坊-涂鸦书1,"聪明宝宝, 创, 作坊, -, 涂鸦, 书, 1",聪明宝宝,1,,0,0-17722-17808-17810:玩具、图书音像-图书-幼儿启蒙,荣信文化,213387
聪明宝宝创作坊-涂鸦书2,"聪明宝宝, 创, 作坊, -, 涂鸦, 书, 2",聪明宝宝,1,,0,0-17722-17808-17810:玩具、图书音像-图书-幼儿启蒙,荣信文化,213398
聪明宝宝创作坊-涂鸦书3,"聪明宝宝, 创, 作坊, -, 涂鸦, 书, 3",聪明宝宝,1,,0,0-17722-17808-17810:玩具、图书音像-图书-幼儿启蒙,荣信文化,213401
聪明宝宝创作坊-涂鸦书4,"聪明宝宝, 创, 作坊, -, 涂鸦, 书, 4",聪明宝宝,1,,0,0-17722-17808-17810:玩具、图书音像-图书-幼儿启蒙,荣信文化,213412
聪明宝宝创作坊-贴纸书1,"聪明宝宝, 创, 作坊, -, 贴纸, 书, 1",聪明宝宝,1,贴纸,1,0-17722-17808-17810:玩具、图书音像-图书-幼儿启蒙,荣信文化,213343
聪明宝宝创作坊-贴纸书2,"聪明宝宝, 创, 作坊, -, 贴纸, 书, 2",聪明宝宝,1,贴纸,1,0-17722-17808-17810:玩具、图书音像-图书-幼儿启蒙,荣信文化,213354
聪明宝宝创作坊-贴纸书3,"聪明宝宝, 创, 作坊, -, 贴纸, 书, 3",聪明宝宝,1,贴纸,1,0-17722-17808-17810:玩具、图书音像-图书-幼儿启蒙,荣信文化,213365
聪明宝宝创作坊-贴纸书4,"聪明宝宝, 创, 作坊, -, 贴纸, 书, 4",聪明宝宝,1,贴纸,1,0-17722-17808-17810:玩具、图书音像-图书-幼儿启蒙,荣信文化,213376
自信的鲁比鼠系列-音乐之星,"自信, 的, 鲁, 比, 鼠, 系列, -, 音乐, 之星",,0,音乐,1,0-17722-17808-17810:玩具、图书音像-图书-幼儿启蒙,荣信文化,213296
认知滑板书系列-反义词,"认知, 滑, 板书, 系列, -, 反义词",,0,认知,1,0-17722-17808-17810:玩具、图书音像-图书-幼儿启蒙,荣信文化,359911
认知滑板书系列-颜色,"认知, 滑, 板书, 系列, -, 颜色",,0,"认知, 颜色",2,0-17722-17808-17810:玩具、图书音像-图书-幼儿启蒙,荣信文化,359897
问号里的动物系列-农场的动物,"问号, 里的, 动物系列, -, 农场, 的, 动物",,0,动物,1,0-17722-17808-17810:玩具、图书音像-图书-幼儿启蒙,荣信文化,213605
问号里的动物系列-动物的家,"问号, 里的, 动物系列, -, 动物, 的, 家",,0,动物,1,0-17722-17808-17810:玩具、图书音像-图书-幼儿启蒙,荣信文化,213558
问号里的动物系列-卵生的动物,"问号, 里的, 动物系列, -, 卵, 生的, 动物",,0,动物,1,0-17722-17808-17810:玩具、图书音像-图书-幼儿启蒙,荣信文化,213581
问号里的动物系列-四季的动物,"问号, 里的, 动物系列, -, 四季, 的, 动物",四季,1,动物,1,0-17722-17808-17810:玩具、图书音像-图书-幼儿启蒙,荣信文化,213536
问号里的动物系列-夜间的动物,"问号, 里的, 动物系列, -, 夜, 间的, 动物",,0,动物,1,0-17722-17808-17810:玩具、图书音像-图书-幼儿启蒙,荣信文化,213514
问号里的动物系列-大海里的动物,"问号, 里的, 动物系列, -, 大海, 里的, 动物",,0,动物,1,0-17722-17808-17810:玩具、图书音像-图书-幼儿启蒙,荣信文化,213569
问号里的动物系列-寒带的动物,"问号, 里的, 动物系列, -, 寒, 带的, 动物",,0,动物,1,0-17722-17808-17810:玩具、图书音像-图书-幼儿启蒙,荣信文化,213547
问号里的动物系列-山区的动物,"问号, 里的, 动物系列, -, 山区, 的, 动物",,0,动物,1,0-17722-17808-17810:玩具、图书音像-图书-幼儿启蒙,荣信文化,213592
问号里的动物系列-河域的动物,"问号, 里的, 动物系列, -, 河, 域, 的, 动物",,0,动物,1,0-17722-17808-17810:玩具、图书音像-图书-幼儿启蒙,荣信文化,213570
问号里的动物系列-野生的动物,"问号, 里的, 动物系列, -, 野, 生的, 动物",,0,动物,1,0-17722-17808-17810:玩具、图书音像-图书-幼儿启蒙,荣信文化,213525
奇妙世界,"奇妙, 世界",,0,,0,0-17722-17808-17810:玩具、图书音像-图书-幼儿启蒙,,10351505
孩子的好榜样（注音故事）―居里夫人,"孩子, 的, 好榜样, （, 注音, 故事, ）, ―, 居里夫人",,0,,0,0-17722-17808-17810:玩具、图书音像-图书-幼儿启蒙,,10092247
孩子的好榜样（注音故事）―比尔・盖茨,"孩子, 的, 好榜样, （, 注音, 故事, ）, ―, 比尔, ・, 盖茨",,0,,0,0-17722-17808-17810:玩具、图书音像-图书-幼儿启蒙,,10092225
孩子的好榜样（注音故事）―爱因斯坦,"孩子, 的, 好榜样, （, 注音, 故事, ）, ―, 爱因斯坦",,0,,0,0-17722-17808-17810:玩具、图书音像-图书-幼儿启蒙,,10092214
孩子的好榜样（注音故事）―爱迪生,"孩子, 的, 好榜样, （, 注音, 故事, ）, ―, 爱迪生",爱迪生,1,,0,0-17722-17808-17810:玩具、图书音像-图书-幼儿启蒙,,10092203
孩子的好榜样（注音故事）―牛顿,"孩子, 的, 好榜样, （, 注音, 故事, ）, ―, 牛顿",,0,,0,0-17722-17808-17810:玩具、图书音像-图书-幼儿启蒙,,10092258
海宝国学堂―大中华成语1,"海宝, 国, 学堂, ―, 大, 中华, 成语, 1",海宝,1,,0,0-17722-17808-17810:玩具、图书音像-图书-幼儿启蒙,,10092270
海宝国学堂―大中华成语2,"海宝, 国, 学堂, ―, 大, 中华, 成语, 2",海宝,1,,0,0-17722-17808-17810:玩具、图书音像-图书-幼儿启蒙,,10092281
海宝国学堂―大中华成语3,"海宝, 国, 学堂, ―, 大, 中华, 成语, 3",海宝,1,,0,0-17722-17808-17810:玩具、图书音像-图书-幼儿启蒙,,10092292
海宝国学堂―大中华成语4,"海宝, 国, 学堂, ―, 大, 中华, 成语, 4",海宝,1,,0,0-17722-17808-17810:玩具、图书音像-图书-幼儿启蒙,,10092305
海宝国学堂―大中华成语5,"海宝, 国, 学堂, ―, 大, 中华, 成语, 5",海宝,1,,0,0-17722-17808-17810:玩具、图书音像-图书-幼儿启蒙,,10092316
海宝国学堂―大中华成语6,"海宝, 国, 学堂, ―, 大, 中华, 成语, 6",海宝,1,,0,0-17722-17808-17810:玩具、图书音像-图书-幼儿启蒙,,10092327
照片知识库,"照片, 知识库",,0,,0,0-17722-17808-17810:玩具、图书音像-图书-幼儿启蒙,,10351492
边学边玩游戏书,"边, 学, 边, 玩游戏, 书",,0,,0,0-17722-17808-17810:玩具、图书音像-图书-幼儿启蒙,,10351516
四大经典名著系列1-2本,"四大, 经典, 名著, 系列, 1-2, 本",,0,本,1,0-17722-17808-17811:玩具、图书音像-图书-儿童文学,华夏出版,11197776
四大经典名著系列2-2本,"四大, 经典, 名著, 系列, 2-2, 本",,0,本,1,0-17722-17808-17811:玩具、图书音像-图书-儿童文学,华夏出版,11197787
四大经典名著系列3-2本,"四大, 经典, 名著, 系列, 3-2, 本",,0,本,1,0-17722-17808-17811:玩具、图书音像-图书-儿童文学,华夏出版,11197798
最受孩子欢迎的经典故事,"最受, 孩子, 欢迎, 的, 经典, 故事",,0,,0,0-17722-17808-17811:玩具、图书音像-图书-儿童文学,小企鹅,10351403
最受孩子欢迎的经典故事―勤奋故事,"最受, 孩子, 欢迎, 的, 经典, 故事, ―, 勤奋, 故事",,0,,0,0-17722-17808-17811:玩具、图书音像-图书-儿童文学,小企鹅,10317483
最受孩子欢迎的经典故事―启发故事,"最受, 孩子, 欢迎, 的, 经典, 故事, ―, 启发, 故事",,0,,0,0-17722-17808-17811:玩具、图书音像-图书-儿童文学,小企鹅,10317518
最受孩子欢迎的经典故事―哲理故事,"最受, 孩子, 欢迎, 的, 经典, 故事, ―, 哲理, 故事",,0,,0,0-17722-17808-17811:玩具、图书音像-图书-儿童文学,小企鹅,10317507
最受孩子欢迎的经典故事―智谋故事,"最受, 孩子, 欢迎, 的, 经典, 故事, ―, 智谋, 故事",,0,,0,0-17722-17808-17811:玩具、图书音像-图书-儿童文学,小企鹅,10317494
最受孩子欢迎的经典故事―榜样故事,"最受, 孩子, 欢迎, 的, 经典, 故事, ―, 榜样, 故事",,0,,0,0-17722-17808-17811:玩具、图书音像-图书-儿童文学,小企鹅,10317427
最受孩子欢迎的经典故事―毅力故事,"最受, 孩子, 欢迎, 的, 经典, 故事, ―, 毅力, 故事",,0,,0,0-17722-17808-17811:玩具、图书音像-图书-儿童文学,小企鹅,10317472
最受孩子欢迎的经典故事―温馨故事,"最受, 孩子, 欢迎, 的, 经典, 故事, ―, 温馨, 故事",温馨,1,,0,0-17722-17808-17811:玩具、图书音像-图书-儿童文学,小企鹅,10317461
最受孩子欢迎的经典故事―美德故事,"最受, 孩子, 欢迎, 的, 经典, 故事, ―, 美德, 故事",,0,,0,0-17722-17808-17811:玩具、图书音像-图书-儿童文学,小企鹅,10317450
最受孩子欢迎的经典故事―聪明故事,"最受, 孩子, 欢迎, 的, 经典, 故事, ―, 聪明, 故事",,0,,0,0-17722-17808-17811:玩具、图书音像-图书-儿童文学,小企鹅,10317438
最受孩子欢迎的经典故事―道理故事,"最受, 孩子, 欢迎, 的, 经典, 故事, ―, 道理, 故事",,0,,0,0-17722-17808-17811:玩具、图书音像-图书-儿童文学,小企鹅,10317449
宝宝最爱听的365夜睡前故事/中国儿童成,"宝宝, 最爱, 听的, 365, 夜, 睡前, 故事, /, 中国, 儿童, 成",,0,,0,0-17722-17808-17811:玩具、图书音像-图书-儿童文学,汕头大学出版社,10835037
三只小猪/小马过河,"三只, 小猪, /, 小马, 过河",,0,,0,0-17722-17808-17811:玩具、图书音像-图书-儿童文学,江苏文艺出版社,10835399
三国演义,三国演义,,0,,0,0-17722-17808-17811:玩具、图书音像-图书-儿童文学,江苏文艺出版社,10835491
三字经,三字经,,0,,0,0-17722-17808-17811:玩具、图书音像-图书-儿童文学,江苏文艺出版社,10835504
丑小鸭/勇敢的小刺猬,"丑小鸭, /, 勇敢, 的, 小, 刺猬",,0,,0,0-17722-17808-17811:玩具、图书音像-图书-儿童文学,江苏文艺出版社,10835333
卖火柴的小女孩/狮子统帅,"卖, 火柴, 的, 小女孩, /, 狮子, 统帅",,0,火柴,1,0-17722-17808-17811:玩具、图书音像-图书-儿童文学,江苏文艺出版社,10835366
司马光砸缸/曹冲称象,"司马光, 砸, 缸, /, 曹冲称象",,0,,0,0-17722-17808-17811:玩具、图书音像-图书-儿童文学,江苏文艺出版社,10835457
哪吒闹海/八仙过海,"哪吒闹海, /, 八仙过海",,0,,0,0-17722-17808-17811:玩具、图书音像-图书-儿童文学,江苏文艺出版社,10835446
唐诗,唐诗,,0,,0,0-17722-17808-17811:玩具、图书音像-图书-儿童文学,江苏文艺出版社,10835515
大闹天宫/宝莲灯,"大闹天宫, /, 宝莲灯",,0,,0,0-17722-17808-17811:玩具、图书音像-图书-儿童文学,江苏文艺出版社,10835435
小红帽/小熊的冬天,"小红帽, /, 小, 熊的, 冬天",,0,小红帽,1,0-17722-17808-17811:玩具、图书音像-图书-儿童文学,江苏文艺出版社,10835344
水浒传,水浒传,,0,,0,0-17722-17808-17811:玩具、图书音像-图书-儿童文学,江苏文艺出版社,10835480
狼和七只小羊/嫦娥奔月,"狼, 和, 七, 只, 小羊, /, 嫦娥奔月",,0,,0,0-17722-17808-17811:玩具、图书音像-图书-儿童文学,江苏文艺出版社,10835424
白雪公主/雪娃娃,"白雪公主, /, 雪, 娃娃",,0,娃娃,1,0-17722-17808-17811:玩具、图书音像-图书-儿童文学,江苏文艺出版社,10835322
皇帝的新装/狐狸帮老虎拔牙,"皇帝, 的, 新装, /, 狐狸, 帮, 老虎, 拔牙",,0,,0,0-17722-17808-17811:玩具、图书音像-图书-儿童文学,江苏文艺出版社,10835413
美人鱼/猫头鹰当国王,"美人鱼, /, 猫头鹰, 当, 国王",美人鱼,1,,0,0-17722-17808-17811:玩具、图书音像-图书-儿童文学,江苏文艺出版社,10835402
美女与野兽/渔夫和金鱼,"美女, 与, 野兽, /, 渔夫, 和, 金鱼",金鱼,1,,0,0-17722-17808-17811:玩具、图书音像-图书-儿童文学,江苏文艺出版社,10835377
群鼠的会议/小白兔借尾巴,"群, 鼠, 的, 会议, /, 小白兔, 借, 尾巴",,0,,0,0-17722-17808-17811:玩具、图书音像-图书-儿童文学,江苏文艺出版社,10835388
聪明的阿凡提/白蛇传,"聪, 明的, 阿凡提, /, 白蛇传",阿凡提,1,,0,0-17722-17808-17811:玩具、图书音像-图书-儿童文学,江苏文艺出版社,10835468
青蛙王子/小棕熊晒被子,"青蛙王子, /, 小, 棕熊, 晒, 被子",青蛙王子,1,被子,1,0-17722-17808-17811:玩具、图书音像-图书-儿童文学,江苏文艺出版社,10835355
和平是什么,"和平, 是什么",,0,,0,0-17722-17808-17811:玩具、图书音像-图书-儿童文学,荣信文化,217414
大鸟和小鸟,"大鸟, 和, 小鸟",小鸟,1,,0,0-17722-17808-17811:玩具、图书音像-图书-儿童文学,荣信文化,217390
快乐动物系列(四册),"快乐, 动物系列, (, 四, 册, )",,0,,0,0-17722-17808-17811:玩具、图书音像-图书-儿童文学,荣信文化,217389
我的第一次经历 共6册,"我的, 第一次, 经历, 共, 6, 册",,0,,0,0-17722-17808-17811:玩具、图书音像-图书-儿童文学,荣信文化,10149630
拯救地球,"拯救, 地球",,0,,0,0-17722-17808-17811:玩具、图书音像-图书-儿童文学,荣信文化,217403
机器的奥秘系列-机器是怎样工作的,"机器, 的, 奥秘, 系列, -, 机器, 是, 怎样, 工作, 的",,0,,0,0-17722-17808-17811:玩具、图书音像-图书-儿童文学,荣信文化,217378
梦幻来信系列-小芭蕾舞演员,"梦幻, 来信, 系列, -, 小, 芭蕾舞演员",,0,,0,0-17722-17808-17811:玩具、图书音像-图书-儿童文学,荣信文化,217356
梦幻来信系列-美人鱼的手链,"梦幻, 来信, 系列, -, 美人鱼, 的, 手链",美人鱼,1,手链,1,0-17722-17808-17811:玩具、图书音像-图书-儿童文学,荣信文化,217345
毛毛虫嘉年华,"毛毛虫, 嘉年华",嘉年华,1,,0,0-17722-17808-17811:玩具、图书音像-图书-儿童文学,荣信文化,9782096
爱打扮的斑马黛布拉,"爱打, 扮的, 斑马, 黛, 布拉",斑马,1,,0,0-17722-17808-17811:玩具、图书音像-图书-儿童文学,荣信文化,359853
米歇尔一只倒霉的羊,"米, 歇, 尔, 一只, 倒霉, 的, 羊",,0,米,1,0-17722-17808-17811:玩具、图书音像-图书-儿童文学,荣信文化,9528181
迪士尼窗户书―小熊维尼与大风吹,"迪士尼, 窗户, 书, ―, 小熊维尼, 与, 大, 风吹",迪士尼,1,,0,0-17722-17808-17811:玩具、图书音像-图书-儿童文学,荣信文化,9528192
迪士尼窗户书―迪士尼公主之梦幻时分,"迪士尼, 窗户, 书, ―, 迪士尼公主, 之, 梦幻, 时分",迪士尼,1,,0,0-17722-17808-17811:玩具、图书音像-图书-儿童文学,荣信文化,9528205
露露的成长故事(12册),"露露, 的, 成长, 故事, (, 12, 册, )",露露,1,,0,0-17722-17808-17811:玩具、图书音像-图书-儿童文学,荣信文化,9528158
世界经典漫画名家赏析丛书,"世界, 经典, 漫画, 名家, 赏析, 丛书",名家,1,漫画,1,0-17722-17808-17811:玩具、图书音像-图书-儿童文学,,10189374
世界经典漫画名家赏析丛书―伦格仑,"世界, 经典, 漫画, 名家, 赏析, 丛书, ―, 伦, 格, 仑",名家,1,漫画,1,0-17722-17808-17811:玩具、图书音像-图书-儿童文学,,10092690
世界经典漫画名家赏析丛书―父与子,"世界, 经典, 漫画, 名家, 赏析, 丛书, ―, 父, 与, 子",名家,1,漫画,1,0-17722-17808-17811:玩具、图书音像-图书-儿童文学,,10092689
中国古典文学名著―西游记(上下卷美绘版),"中国, 古典文学, 名著, ―, 西游记, (, 上, 下卷, 美, 绘, 版, )",,0,,0,0-17722-17808-17811:玩具、图书音像-图书-儿童文学,,10092770
中国当代儿童文学名家丛书,"中国, 当代, 儿童文学, 名家, 丛书",名家,1,儿童文学,1,0-17722-17808-17811:玩具、图书音像-图书-儿童文学,,10189385
中国童话名家名篇珍藏版―郑春华卷,"中国, 童话, 名家, 名篇, 珍藏版, ―, 郑, 春华, 卷",名家,1,童话,1,0-17722-17808-17811:玩具、图书音像-图书-儿童文学,,10189409
中国童话名家名篇珍藏版―郑春华卷―风铃小屋,"中国, 童话, 名家, 名篇, 珍藏版, ―, 郑, 春华, 卷, ―, 风铃, 小屋",名家,1,童话,1,0-17722-17808-17811:玩具、图书音像-图书-儿童文学,,10092894
中国童话名家名篇珍藏版―郑春华卷―香喷喷的村庄,"中国, 童话, 名家, 名篇, 珍藏版, ―, 郑, 春华, 卷, ―, 香喷喷, 的, 村庄",名家,1,童话,1,0-17722-17808-17811:玩具、图书音像-图书-儿童文学,,10092918
中国童话名家名篇珍藏版―郑春华卷―香蕉床垫,"中国, 童话, 名家, 名篇, 珍藏版, ―, 郑, 春华, 卷, ―, 香蕉, 床垫",名家,1,"童话, 香蕉, 床垫",3,0-17722-17808-17811:玩具、图书音像-图书-儿童文学,,10092907
共和国儿童文学金奖文库―小巴掌童话,"共和国, 儿童文学, 金奖, 文库, ―, 小, 巴掌, 童话",,0,"儿童文学, 童话",2,0-17722-17808-17811:玩具、图书音像-图书-儿童文学,,10092156
共和国儿童文学金奖文库―故乡的芦苇,"共和国, 儿童文学, 金奖, 文库, ―, 故乡, 的, 芦苇",,0,儿童文学,1,0-17722-17808-17811:玩具、图书音像-图书-儿童文学,,10092009
共和国儿童文学金奖文库―没有不好玩的时候,"共和国, 儿童文学, 金奖, 文库, ―, 没有, 不好, 玩的, 时候",,0,儿童文学,1,0-17722-17808-17811:玩具、图书音像-图书-儿童文学,,10092076
共和国儿童文学金奖文库―狼王梦,"共和国, 儿童文学, 金奖, 文库, ―, 狼王, 梦",狼王,1,儿童文学,1,0-17722-17808-17811:玩具、图书音像-图书-儿童文学,,10092043
共和国儿童文学金奖文库―盲孩子和他的影子,"共和国, 儿童文学, 金奖, 文库, ―, 盲, 孩子, 和, 他的, 影子",,0,儿童文学,1,0-17722-17808-17811:玩具、图书音像-图书-儿童文学,,10092065
共和国儿童文学金奖文库―第三军团,"共和国, 儿童文学, 金奖, 文库, ―, 第三, 军团",,0,儿童文学,1,0-17722-17808-17811:玩具、图书音像-图书-儿童文学,,10091982
动物童谣(四册),"动物, 童谣, (, 四, 册, )",,0,动物,1,0-17722-17808-17811:玩具、图书音像-图书-儿童文学,,10327363
大头儿子升级版GOGOGO踢球去,"大头, 儿子, 升级版, GOGOGO, 踢球, 去",,0,,0,0-17722-17808-17811:玩具、图书音像-图书-儿童文学,,10189283
最能打动孩子心灵的世界经典童话,"最能, 打动, 孩子, 心灵, 的, 世界, 经典, 童话",,0,童话,1,0-17722-17808-17811:玩具、图书音像-图书-儿童文学,,10149629
最能打动孩子心灵的世界经典童话―吹牛大王历险记,"最能, 打动, 孩子, 心灵, 的, 世界, 经典, 童话, ―, 吹牛大王, 历险记",,0,童话,1,0-17722-17808-17811:玩具、图书音像-图书-儿童文学,,10092929
最能打动孩子心灵的世界经典童话―小熊温尼・菩,"最能, 打动, 孩子, 心灵, 的, 世界, 经典, 童话, ―, 小熊, 温, 尼, ・, 菩",小熊,1,童话,1,0-17722-17808-17811:玩具、图书音像-图书-儿童文学,,10093024
最能打动孩子心灵的世界经典童话―木偶奇遇记,"最能, 打动, 孩子, 心灵, 的, 世界, 经典, 童话, ―, 木偶, 奇遇记",,0,童话,1,0-17722-17808-17811:玩具、图书音像-图书-儿童文学,,10092941
最能打动孩子心灵的世界经典童话―瘸腿小王子,"最能, 打动, 孩子, 心灵, 的, 世界, 经典, 童话, ―, 瘸腿, 小王子",小王子,1,童话,1,0-17722-17808-17811:玩具、图书音像-图书-儿童文学,,10092974
最能打动孩子心灵的世界经典童话―青鸟,"最能, 打动, 孩子, 心灵, 的, 世界, 经典, 童话, ―, 青鸟",青鸟,1,童话,1,0-17722-17808-17811:玩具、图书音像-图书-儿童文学,,10092963
最能打动孩子心灵的世界经典童话―骑鹅旅行记,"最能, 打动, 孩子, 心灵, 的, 世界, 经典, 童话, ―, 骑, 鹅, 旅行, 记",,0,童话,1,0-17722-17808-17811:玩具、图书音像-图书-儿童文学,,10092952
海宝国学堂,"海宝, 国, 学堂",海宝,1,,0,0-17722-17808-17811:玩具、图书音像-图书-儿童文学,,10189318
猫武士,"猫, 武士",,0,,0,0-17722-17808-17811:玩具、图书音像-图书-儿童文学,,10186853
猫武士―力挽狂澜,"猫, 武士, ―, 力挽狂澜",,0,,0,0-17722-17808-17811:玩具、图书音像-图书-儿童文学,,10092612
猫武士―呼唤野性,"猫, 武士, ―, 呼唤, 野性",,0,,0,0-17722-17808-17811:玩具、图书音像-图书-儿童文学,,10092601
猫武士―寒冰烈火,"猫, 武士, ―, 寒冰, 烈火",,0,,0,0-17722-17808-17811:玩具、图书音像-图书-儿童文学,,10092598
猫武士―险路惊魂,"猫, 武士, ―, 险路, 惊魂",,0,,0,0-17722-17808-17811:玩具、图书音像-图书-儿童文学,,10092623
福尔摩斯探案全集（4册精装）,"福尔摩斯, 探案, 全集, （, 4, 册, 精装, ）",,0,,0,0-17722-17808-17811:玩具、图书音像-图书-儿童文学,,10091915
花袜子小乌鸦成长故事―全都会害怕（精装 低幼）,"花, 袜子, 小, 乌鸦, 成长, 故事, ―, 全都会, 害怕, （, 精装, 低, 幼, ）",,0,袜子,1,0-17722-17808-17811:玩具、图书音像-图书-儿童文学,,10092485
花袜子小乌鸦成长故事―全都别吵了（精装 低幼）,"花, 袜子, 小, 乌鸦, 成长, 故事, ―, 全都, 别吵, 了, （, 精装, 低, 幼, ）",,0,袜子,1,0-17722-17808-17811:玩具、图书音像-图书-儿童文学,,10092430
花袜子小乌鸦成长故事―全都很勇敢（精装 低幼）,"花, 袜子, 小, 乌鸦, 成长, 故事, ―, 全, 都很, 勇敢, （, 精装, 低, 幼, ）",,0,袜子,1,0-17722-17808-17811:玩具、图书音像-图书-儿童文学,,10092474
花袜子小乌鸦成长故事―全都拆坏了（低幼）,"花, 袜子, 小, 乌鸦, 成长, 故事, ―, 全都, 拆, 坏了, （, 低, 幼, ）",,0,袜子,1,0-17722-17808-17811:玩具、图书音像-图书-儿童文学,,10092452
花袜子小乌鸦成长故事―全都放假了（低幼）,"花, 袜子, 小, 乌鸦, 成长, 故事, ―, 全都, 放假, 了, （, 低, 幼, ）",,0,袜子,1,0-17722-17808-17811:玩具、图书音像-图书-儿童文学,,10092463
花袜子小乌鸦成长故事―全都是我的（精装 低幼）,"花, 袜子, 小, 乌鸦, 成长, 故事, ―, 全都是, 我的, （, 精装, 低, 幼, ）",,0,袜子,1,0-17722-17808-17811:玩具、图书音像-图书-儿童文学,,10092543
花袜子小乌鸦成长故事―全都有名字（精装 低幼）,"花, 袜子, 小, 乌鸦, 成长, 故事, ―, 全都有, 名字, （, 精装, 低, 幼, ）",,0,袜子,1,0-17722-17808-17811:玩具、图书音像-图书-儿童文学,,10092565
花袜子小乌鸦成长故事―全都没关系（精装 低幼）,"花, 袜子, 小, 乌鸦, 成长, 故事, ―, 全都, 没关系, （, 精装, 低, 幼, ）",,0,袜子,1,0-17722-17808-17811:玩具、图书音像-图书-儿童文学,,10092496
花袜子小乌鸦成长故事―全都玩过了（低幼）,"花, 袜子, 小, 乌鸦, 成长, 故事, ―, 全都, 玩, 过了, （, 低, 幼, ）",,0,袜子,1,0-17722-17808-17811:玩具、图书音像-图书-儿童文学,,10092554
葛翠琳童话精选（美绘版）,"葛, 翠, 琳, 童话, 精选, （, 美, 绘, 版, ）",,0,童话,1,0-17722-17808-17811:玩具、图书音像-图书-儿童文学,,10189307
千奇百怪篇,"千奇百怪, 篇",,0,,0,0-17722-17808-17812:玩具、图书音像-图书-手工游戏,中国画报出版社,10834818
奇思妙想篇,"奇, 思, 妙想, 篇",,0,,0,0-17722-17808-17812:玩具、图书音像-图书-手工游戏,中国画报出版社,10834794
女孩手工――动物,"女孩, 手工, ―, ―, 动物",,0,动物,1,0-17722-17808-17812:玩具、图书音像-图书-手工游戏,中国画报出版社,10834829
女孩手工――卡通,"女孩, 手工, ―, ―, 卡通",,0,卡通,1,0-17722-17808-17812:玩具、图书音像-图书-手工游戏,中国画报出版社,10834874
女孩手工――玩具,"女孩, 手工, ―, ―, 玩具",,0,玩具,1,0-17722-17808-17812:玩具、图书音像-图书-手工游戏,中国画报出版社,10834863
女孩手工――生活用品,"女孩, 手工, ―, ―, 生活用品",,0,,0,0-17722-17808-17812:玩具、图书音像-图书-手工游戏,中国画报出版社,10834841
女孩手工――花样少年,"女孩, 手工, ―, ―, 花样, 少年",,0,,0,0-17722-17808-17812:玩具、图书音像-图书-手工游戏,中国画报出版社,10834852
女孩手工――风景,"女孩, 手工, ―, ―, 风景",,0,,0,0-17722-17808-17812:玩具、图书音像-图书-手工游戏,中国画报出版社,10834830
神秘莫测篇,"神秘莫测, 篇",,0,,0,0-17722-17808-17812:玩具、图书音像-图书-手工游戏,中国画报出版社,10834807
难以置信篇,"难以置信, 篇",,0,,0,0-17722-17808-17812:玩具、图书音像-图书-手工游戏,中国画报出版社,10834783
婴之侣 6色可洗涂画彩笔+宝宝学画－描画（一星）,"婴之侣, 6, 色, 可, 洗, 涂画, 彩笔, +, 宝宝, 学, 画, －, 描画, （, 一星, ）",婴之侣,1,彩笔,1,0-17722-17808-17812:玩具、图书音像-图书-手工游戏,小企鹅,10637351
婴之侣儿童涂鸦彩笔+绘画提高本,"婴之侣, 儿童, 涂鸦, 彩笔, +, 绘画, 提高, 本",婴之侣,1,"彩笔, 绘画, 本",3,0-17722-17808-17812:玩具、图书音像-图书-手工游戏,小企鹅,10637340
小企鹅 IQ百变拼图系列套装 共6册,"小企鹅, IQ, 百, 变, 拼图, 系列, 套装, 共, 6, 册",小企鹅,1,"拼图, 套装",2,0-17722-17808-17812:玩具、图书音像-图书-手工游戏,小企鹅,9781275
小企鹅 IQ百变拼图－动物王国,"小企鹅, IQ, 百, 变, 拼图, －, 动物, 王国",小企鹅,1,"拼图, 动物",2,0-17722-17808-17812:玩具、图书音像-图书-手工游戏,小企鹅,9781322
小企鹅 IQ百变拼图－太空战士,"小企鹅, IQ, 百, 变, 拼图, －, 太空, 战士",小企鹅,1,拼图,1,0-17722-17808-17812:玩具、图书音像-图书-手工游戏,小企鹅,9781286
小企鹅 IQ百变拼图－恐龙世界,"小企鹅, IQ, 百, 变, 拼图, －, 恐龙, 世界",小企鹅,1,拼图,1,0-17722-17808-17812:玩具、图书音像-图书-手工游戏,小企鹅,9781311
小企鹅 IQ百变拼图－神奇王子和魔法公主,"小企鹅, IQ, 百, 变, 拼图, －, 神奇, 王子, 和, 魔法, 公主",小企鹅,1,拼图,1,0-17722-17808-17812:玩具、图书音像-图书-手工游戏,小企鹅,9781300
小企鹅 娃娃学纸工 4册,"小企鹅, 娃娃, 学, 纸工, 4, 册",小企鹅,1,娃娃,1,0-17722-17808-17812:玩具、图书音像-图书-手工游戏,小企鹅,10149914
小企鹅 娃娃学纸工－剪纸艺术篇,"小企鹅, 娃娃, 学, 纸工, －, 剪纸, 艺术, 篇",小企鹅,1,"娃娃, 剪纸, 艺术",3,0-17722-17808-17812:玩具、图书音像-图书-手工游戏,小企鹅,9778987
小企鹅 娃娃学纸工－剪纸趣味篇,"小企鹅, 娃娃, 学, 纸工, －, 剪纸, 趣味, 篇",小企鹅,1,"娃娃, 剪纸",2,0-17722-17808-17812:玩具、图书音像-图书-手工游戏,小企鹅,9778998
小企鹅 娃娃学纸工－折纸创意篇,"小企鹅, 娃娃, 学, 纸工, －, 折纸, 创意, 篇",小企鹅,1,娃娃,1,0-17722-17808-17812:玩具、图书音像-图书-手工游戏,小企鹅,9778976
小企鹅 娃娃学纸工－折纸灵巧篇,"小企鹅, 娃娃, 学, 纸工, －, 折纸, 灵巧, 篇",小企鹅,1,娃娃,1,0-17722-17808-17812:玩具、图书音像-图书-手工游戏,小企鹅,9841172
小企鹅 宝宝乐翻翻－A 水果蔬菜,"小企鹅, 宝宝乐, 翻翻, －, A, 水果, 蔬菜",小企鹅,1,水果,1,0-17722-17808-17812:玩具、图书音像-图书-手工游戏,小企鹅,9781004
小企鹅 宝宝乐翻翻－B 日常用品,"小企鹅, 宝宝乐, 翻翻, －, B, 日常用品",小企鹅,1,,0,0-17722-17808-17812:玩具、图书音像-图书-手工游戏,小企鹅,9780998
小企鹅 宝宝乐翻翻－B 颜色形状+交通工具,"小企鹅, 宝宝乐, 翻翻, －, B, 颜色, 形状, +, 交通工具",小企鹅,1,"颜色, 交通工具",2,0-17722-17808-17812:玩具、图书音像-图书-手工游戏,小企鹅,9780987
小企鹅 宝宝乐翻翻－C 拼音,"小企鹅, 宝宝乐, 翻翻, －, C, 拼音",小企鹅,1,拼音,1,0-17722-17808-17812:玩具、图书音像-图书-手工游戏,小企鹅,9780965
小企鹅 宝宝乐翻翻－C 看图识字,"小企鹅, 宝宝乐, 翻翻, －, C, 看图识字",小企鹅,1,,0,0-17722-17808-17812:玩具、图书音像-图书-手工游戏,小企鹅,9780976
小企鹅 宝宝乐翻翻－a 动物,"小企鹅, 宝宝乐, 翻翻, －, a, 动物",小企鹅,1,动物,1,0-17722-17808-17812:玩具、图书音像-图书-手工游戏,小企鹅,9781015
小企鹅 宝宝学画系列套装 共10册,"小企鹅, 宝宝, 学, 画, 系列, 套装, 共, 10, 册",小企鹅,1,套装,1,0-17722-17808-17812:玩具、图书音像-图书-手工游戏,小企鹅,9780772
小企鹅 宝宝学画－描画（一星）,"小企鹅, 宝宝, 学, 画, －, 描画, （, 一星, ）",小企鹅,1,,0,0-17722-17808-17812:玩具、图书音像-图书-手工游戏,小企鹅,9780818
小企鹅 宝宝学画－描画（三星）,"小企鹅, 宝宝, 学, 画, －, 描画, （, 三星, ）",小企鹅,1,,0,0-17722-17808-17812:玩具、图书音像-图书-手工游戏,小企鹅,9780829
小企鹅 宝宝学画－描画（二星）,"小企鹅, 宝宝, 学, 画, －, 描画, （, 二, 星, ）",小企鹅,1,,0,0-17722-17808-17812:玩具、图书音像-图书-手工游戏,小企鹅,9780830
小企鹅 宝宝学画－油画棒画,"小企鹅, 宝宝, 学, 画, －, 油画棒, 画",小企鹅,1,油画棒,1,0-17722-17808-17812:玩具、图书音像-图书-手工游戏,小企鹅,9838259
小企鹅 宝宝学画－涂色（一星）,"小企鹅, 宝宝, 学, 画, －, 涂色, （, 一星, ）",小企鹅,1,,0,0-17722-17808-17812:玩具、图书音像-图书-手工游戏,小企鹅,9780783
小企鹅 宝宝学画－涂色（三星）,"小企鹅, 宝宝, 学, 画, －, 涂色, （, 三星, ）",小企鹅,1,,0,0-17722-17808-17812:玩具、图书音像-图书-手工游戏,小企鹅,9780794
小企鹅 宝宝学画－涂色（二星）,"小企鹅, 宝宝, 学, 画, －, 涂色, （, 二, 星, ）",小企鹅,1,,0,0-17722-17808-17812:玩具、图书音像-图书-手工游戏,小企鹅,9780807
小企鹅 宝宝学画－绘画基础本,"小企鹅, 宝宝, 学, 画, －, 绘画, 基础, 本",小企鹅,1,"绘画, 本",2,0-17722-17808-17812:玩具、图书音像-图书-手工游戏,小企鹅,9780863
小企鹅 宝宝学画－绘画提高本,"小企鹅, 宝宝, 学, 画, －, 绘画, 提高, 本",小企鹅,1,"绘画, 本",2,0-17722-17808-17812:玩具、图书音像-图书-手工游戏,小企鹅,9780852
小企鹅 宝宝学画－蜡笔画,"小企鹅, 宝宝, 学, 画, －, 蜡笔画",小企鹅,1,,0,0-17722-17808-17812:玩具、图书音像-图书-手工游戏,小企鹅,9780841
小企鹅 宝宝拼童话－三只小猪,"小企鹅, 宝宝, 拼, 童话, －, 三只, 小猪",小企鹅,1,童话,1,0-17722-17808-17812:玩具、图书音像-图书-手工游戏,小企鹅,9780896
小企鹅 宝宝拼童话－丑小鸭,"小企鹅, 宝宝, 拼, 童话, －, 丑小鸭",小企鹅,1,童话,1,0-17722-17808-17812:玩具、图书音像-图书-手工游戏,小企鹅,9780932
小企鹅 宝宝拼童话－小红帽,"小企鹅, 宝宝, 拼, 童话, －, 小红帽",小企鹅,1,"童话, 小红帽",2,0-17722-17808-17812:玩具、图书音像-图书-手工游戏,小企鹅,9780885
小企鹅 宝宝拼童话－海的女儿,"小企鹅, 宝宝, 拼, 童话, －, 海, 的, 女儿",小企鹅,1,童话,1,0-17722-17808-17812:玩具、图书音像-图书-手工游戏,小企鹅,9780921
小企鹅 宝宝拼童话－渔夫和金鱼,"小企鹅, 宝宝, 拼, 童话, －, 渔夫, 和, 金鱼",小企鹅,1,童话,1,0-17722-17808-17812:玩具、图书音像-图书-手工游戏,小企鹅,9838204
小企鹅 宝宝拼童话－灰姑娘,"小企鹅, 宝宝, 拼, 童话, －, 灰姑娘",小企鹅,1,童话,1,0-17722-17808-17812:玩具、图书音像-图书-手工游戏,小企鹅,9780910
小企鹅 宝宝拼童话－白雪公主,"小企鹅, 宝宝, 拼, 童话, －, 白雪公主",小企鹅,1,童话,1,0-17722-17808-17812:玩具、图书音像-图书-手工游戏,小企鹅,9780943
小企鹅 宝宝拼童话－美女与野兽,"小企鹅, 宝宝, 拼, 童话, －, 美女, 与, 野兽",小企鹅,1,童话,1,0-17722-17808-17812:玩具、图书音像-图书-手工游戏,小企鹅,9780909
小企鹅 宝宝爱画画系列 共9册,"小企鹅, 宝宝, 爱, 画画, 系列, 共, 9, 册",小企鹅,1,,0,0-17722-17808-17812:玩具、图书音像-图书-手工游戏,小企鹅,9781026
小企鹅 宝宝爱画画－交通工具,"小企鹅, 宝宝, 爱, 画画, －, 交通工具",小企鹅,1,交通工具,1,0-17722-17808-17812:玩具、图书音像-图书-手工游戏,小企鹅,9781082
小企鹅 宝宝爱画画－可爱动物,"小企鹅, 宝宝, 爱, 画画, －, 可爱, 动物",小企鹅,1,动物,1,0-17722-17808-17812:玩具、图书音像-图书-手工游戏,小企鹅,9781060
小企鹅 宝宝爱画画－恐龙王国,"小企鹅, 宝宝, 爱, 画画, －, 恐龙, 王国",小企鹅,1,,0,0-17722-17808-17812:玩具、图书音像-图书-手工游戏,小企鹅,9781059
小企鹅 宝宝爱画画－海洋世界,"小企鹅, 宝宝, 爱, 画画, －, 海洋, 世界",小企鹅,1,海洋,1,0-17722-17808-17812:玩具、图书音像-图书-手工游戏,小企鹅,9781106
小企鹅 宝宝爱画画－童话人物,"小企鹅, 宝宝, 爱, 画画, －, 童话, 人物",小企鹅,1,童话,1,0-17722-17808-17812:玩具、图书音像-图书-手工游戏,小企鹅,9841229
小企鹅 宝宝爱画画－美丽动物,"小企鹅, 宝宝, 爱, 画画, －, 美丽, 动物",小企鹅,1,动物,1,0-17722-17808-17812:玩具、图书音像-图书-手工游戏,小企鹅,9781048
小企鹅 宝宝爱画画－花鸟百科,"小企鹅, 宝宝, 爱, 画画, －, 花鸟, 百科",小企鹅,1,百科,1,0-17722-17808-17812:玩具、图书音像-图书-手工游戏,小企鹅,9781093
小企鹅 宝宝爱画画－蔬菜水果,"小企鹅, 宝宝, 爱, 画画, －, 蔬菜, 水果",小企鹅,1,水果,1,0-17722-17808-17812:玩具、图书音像-图书-手工游戏,小企鹅,9781037
小企鹅 小手啪啪（共八册）,"小企鹅, 小手, 啪啪, （, 共, 八, 册, ）",小企鹅,1,,0,0-17722-17808-17812:玩具、图书音像-图书-手工游戏,小企鹅,9955151
小企鹅 小手贴贴,"小企鹅, 小手, 贴, 贴",小企鹅,1,"贴, 贴",2,0-17722-17808-17812:玩具、图书音像-图书-手工游戏,小企鹅,10149970
小企鹅 小手贴贴（共六册）,"小企鹅, 小手, 贴, 贴, （, 共, 六, 册, ）",小企鹅,1,"贴, 贴",2,0-17722-17808-17812:玩具、图书音像-图书-手工游戏,小企鹅,9955128
小企鹅 小手贴贴－EQ创意贴纸,"小企鹅, 小手, 贴, 贴, －, EQ, 创意, 贴纸",小企鹅,1,"贴, 贴, 贴纸",3,0-17722-17808-17812:玩具、图书音像-图书-手工游戏,小企鹅,9777417
小企鹅 小手贴贴－EQ童话贴纸,"小企鹅, 小手, 贴, 贴, －, EQ, 童话, 贴纸",小企鹅,1,"贴, 贴, 童话, 贴纸",4,0-17722-17808-17812:玩具、图书音像-图书-手工游戏,小企鹅,9777406
小企鹅 小手贴贴－EQ艺术贴纸,"小企鹅, 小手, 贴, 贴, －, EQ, 艺术, 贴纸",小企鹅,1,"贴, 贴, 艺术, 贴纸",4,0-17722-17808-17812:玩具、图书音像-图书-手工游戏,小企鹅,9777393
小企鹅 小手贴贴－IQ EQ贴纸,"小企鹅, 小手, 贴, 贴, －, IQ, EQ, 贴纸",小企鹅,1,"贴, 贴, 贴纸",3,0-17722-17808-17812:玩具、图书音像-图书-手工游戏,小企鹅,10741545
小企鹅 小手贴贴－IQ常识贴纸,"小企鹅, 小手, 贴, 贴, －, IQ, 常识, 贴纸",小企鹅,1,"贴, 贴, 贴纸",3,0-17722-17808-17812:玩具、图书音像-图书-手工游戏,小企鹅,9777382
小企鹅 小手贴贴－IQ认知贴纸,"小企鹅, 小手, 贴, 贴, －, IQ, 认知, 贴纸",小企鹅,1,"贴, 贴, 认知, 贴纸",4,0-17722-17808-17812:玩具、图书音像-图书-手工游戏,小企鹅,9838282
小企鹅 小手贴贴－IQ逻辑贴纸,"小企鹅, 小手, 贴, 贴, －, IQ, 逻辑, 贴纸",小企鹅,1,"贴, 贴, 贴纸",3,0-17722-17808-17812:玩具、图书音像-图书-手工游戏,小企鹅,9777371
小企鹅 手工大王 共6册,"小企鹅, 手工, 大王, 共, 6, 册",小企鹅,1,,0,0-17722-17808-17812:玩具、图书音像-图书-手工游戏,小企鹅,10149889
小企鹅 手工大王系列套装 共6册,"小企鹅, 手工, 大王, 系列, 套装, 共, 6, 册",小企鹅,1,套装,1,0-17722-17808-17812:玩具、图书音像-图书-手工游戏,小企鹅,9779275
小企鹅 手工大王（共六册）,"小企鹅, 手工, 大王, （, 共, 六, 册, ）",小企鹅,1,,0,0-17722-17808-17812:玩具、图书音像-图书-手工游戏,小企鹅,9955548
小企鹅 手工大王－兵器,"小企鹅, 手工, 大王, －, 兵器",小企鹅,1,兵器,1,0-17722-17808-17812:玩具、图书音像-图书-手工游戏,小企鹅,9779322
小企鹅 手工大王－动物,"小企鹅, 手工, 大王, －, 动物",小企鹅,1,动物,1,0-17722-17808-17812:玩具、图书音像-图书-手工游戏,小企鹅,9779311
小企鹅 手工大王－建筑,"小企鹅, 手工, 大王, －, 建筑",小企鹅,1,建筑,1,0-17722-17808-17812:玩具、图书音像-图书-手工游戏,小企鹅,9779300
小企鹅 手工大王－恐龙,"小企鹅, 手工, 大王, －, 恐龙",小企鹅,1,,0,0-17722-17808-17812:玩具、图书音像-图书-手工游戏,小企鹅,9779286
小企鹅 手工大王－玩具,"小企鹅, 手工, 大王, －, 玩具",小企鹅,1,玩具,1,0-17722-17808-17812:玩具、图书音像-图书-手工游戏,小企鹅,9838179
小企鹅 撕不烂认知宝 共8册,"小企鹅, 撕, 不, 烂, 认知, 宝, 共, 8, 册",小企鹅,1,认知,1,0-17722-17808-17812:玩具、图书音像-图书-手工游戏,小企鹅,10149890
小企鹅 欢乐手工,"小企鹅, 欢乐, 手工",小企鹅,1,,0,0-17722-17808-17812:玩具、图书音像-图书-手工游戏,小企鹅,10351425
小企鹅 欢乐手工―动物王国,"小企鹅, 欢乐, 手工, ―, 动物, 王国",小企鹅,1,动物,1,0-17722-17808-17812:玩具、图书音像-图书-手工游戏,小企鹅,10317563
小企鹅 欢乐手工―小站风光,"小企鹅, 欢乐, 手工, ―, 小站, 风光",小企鹅,1,,0,0-17722-17808-17812:玩具、图书音像-图书-手工游戏,小企鹅,10317529
小企鹅 欢乐手工―梦幻游乐场,"小企鹅, 欢乐, 手工, ―, 梦幻, 游乐场",小企鹅,1,游乐场,1,0-17722-17808-17812:玩具、图书音像-图书-手工游戏,小企鹅,10317574
小企鹅 欢乐手工―海滨小城,"小企鹅, 欢乐, 手工, ―, 海滨, 小城",小企鹅,1,,0,0-17722-17808-17812:玩具、图书音像-图书-手工游戏,小企鹅,10317552
小企鹅 欢乐手工―趣味创意,"小企鹅, 欢乐, 手工, ―, 趣味, 创意",小企鹅,1,,0,0-17722-17808-17812:玩具、图书音像-图书-手工游戏,小企鹅,10317530
小企鹅 涂涂画画晶晶亮,"小企鹅, 涂涂, 画画, 晶, 晶亮",小企鹅,1,,0,0-17722-17808-17812:玩具、图书音像-图书-手工游戏,小企鹅,10149903
小企鹅 涂涂画画晶晶亮系列套装1-5册,"小企鹅, 涂涂, 画画, 晶, 晶亮, 系列, 套装, 1-5, 册",小企鹅,1,套装,1,0-17722-17808-17812:玩具、图书音像-图书-手工游戏,小企鹅,9779004
小企鹅 涂涂画画晶晶亮系列套装2 -4册,"小企鹅, 涂涂, 画画, 晶, 晶亮, 系列, 套装, 2, -4, 册",小企鹅,1,套装,1,0-17722-17808-17812:玩具、图书音像-图书-手工游戏,小企鹅,11107894
小企鹅 涂涂画画晶晶亮－双子篇,"小企鹅, 涂涂, 画画, 晶, 晶亮, －, 双子, 篇",小企鹅,1,,0,0-17722-17808-17812:玩具、图书音像-图书-手工游戏,小企鹅,9779026
小企鹅 涂涂画画晶晶亮－双鱼篇,"小企鹅, 涂涂, 画画, 晶, 晶亮, －, 双鱼, 篇",小企鹅,1,,0,0-17722-17808-17812:玩具、图书音像-图书-手工游戏,小企鹅,9779037
小企鹅 涂涂画画晶晶亮－天秤篇,"小企鹅, 涂涂, 画画, 晶, 晶亮, －, 天, 秤, 篇",小企鹅,1,秤,1,0-17722-17808-17812:玩具、图书音像-图书-手工游戏,小企鹅,9838237
小企鹅 涂涂画画晶晶亮－山羊篇,"小企鹅, 涂涂, 画画, 晶, 晶亮, －, 山羊, 篇",小企鹅,1,山羊,1,0-17722-17808-17812:玩具、图书音像-图书-手工游戏,小企鹅,9779060
小企鹅 涂涂画画晶晶亮－狮子篇,"小企鹅, 涂涂, 画画, 晶, 晶亮, －, 狮子, 篇",小企鹅,1,,0,0-17722-17808-17812:玩具、图书音像-图书-手工游戏,小企鹅,9779048
小企鹅 涂涂画画晶晶亮－白羊篇,"小企鹅, 涂涂, 画画, 晶, 晶亮, －, 白羊, 篇",小企鹅,1,,0,0-17722-17808-17812:玩具、图书音像-图书-手工游戏,小企鹅,9779082
小企鹅 潜能开发益智拼玩大卡系列 共6册,"小企鹅, 潜能, 开发, 益智, 拼, 玩, 大卡, 系列, 共, 6, 册",小企鹅,1,益智,1,0-17722-17808-17812:玩具、图书音像-图书-手工游戏,小企鹅,9779515
小企鹅 潜能开发益智拼玩大卡系列－1.换装娃娃拼图,"小企鹅, 潜能, 开发, 益智, 拼, 玩, 大卡, 系列, －, 1, ., 换装, 娃娃, 拼图",小企鹅,1,"益智, 娃娃, 拼图",3,0-17722-17808-17812:玩具、图书音像-图书-手工游戏,小企鹅,9779560
小企鹅 潜能开发益智拼玩大卡系列－2.百变娃娃拼图,"小企鹅, 潜能, 开发, 益智, 拼, 玩, 大卡, 系列, －, 2, ., 百, 变, 娃娃, 拼图",小企鹅,1,"益智, 娃娃, 拼图",3,0-17722-17808-17812:玩具、图书音像-图书-手工游戏,小企鹅,9779559
小企鹅 潜能开发益智拼玩大卡系列－3.日常用品拼玩大卡,"小企鹅, 潜能, 开发, 益智, 拼, 玩, 大卡, 系列, －, 3, ., 日常用品, 拼, 玩, 大卡",小企鹅,1,益智,1,0-17722-17808-17812:玩具、图书音像-图书-手工游戏,小企鹅,9779548
小企鹅 潜能开发益智拼玩大卡系列－4.交通工具拼玩大卡,"小企鹅, 潜能, 开发, 益智, 拼, 玩, 大卡, 系列, －, 4, ., 交通工具, 拼, 玩, 大卡",小企鹅,1,"益智, 交通工具",2,0-17722-17808-17812:玩具、图书音像-图书-手工游戏,小企鹅,9779537
小企鹅 潜能开发益智拼玩大卡系列－5颜色形状拼图,"小企鹅, 潜能, 开发, 益智, 拼, 玩, 大卡, 系列, －, 5, 颜色, 形状, 拼图",小企鹅,1,"益智, 颜色, 拼图",3,0-17722-17808-17812:玩具、图书音像-图书-手工游戏,小企鹅,9838191
小企鹅 潜能开发益智拼玩大卡系列－6.识数拼玩大卡（识数1－10）,"小企鹅, 潜能, 开发, 益智, 拼, 玩, 大卡, 系列, －, 6, ., 识数, 拼, 玩, 大卡, （, 识数, 1, －, 10, ）",小企鹅,1,益智,1,0-17722-17808-17812:玩具、图书音像-图书-手工游戏,小企鹅,9779526
小企鹅 灵巧小手,"小企鹅, 灵巧, 小手",小企鹅,1,,0,0-17722-17808-17812:玩具、图书音像-图书-手工游戏,小企鹅,10149812
小企鹅 灵巧小手 共6册,"小企鹅, 灵巧, 小手, 共, 6, 册",小企鹅,1,,0,0-17722-17808-17812:玩具、图书音像-图书-手工游戏,小企鹅,9779695
小企鹅 灵巧小手－剪纸,"小企鹅, 灵巧, 小手, －, 剪纸",小企鹅,1,剪纸,1,0-17722-17808-17812:玩具、图书音像-图书-手工游戏,小企鹅,9779742
小企鹅 灵巧小手－折纸基础本,"小企鹅, 灵巧, 小手, －, 折纸, 基础, 本",小企鹅,1,本,1,0-17722-17808-17812:玩具、图书音像-图书-手工游戏,小企鹅,9779708
小企鹅 灵巧小手－折纸提高本,"小企鹅, 灵巧, 小手, －, 折纸, 提高, 本",小企鹅,1,本,1,0-17722-17808-17812:玩具、图书音像-图书-手工游戏,小企鹅,9841194
小企鹅 灵巧小手－撕纸,"小企鹅, 灵巧, 小手, －, 撕, 纸",小企鹅,1,,0,0-17722-17808-17812:玩具、图书音像-图书-手工游戏,小企鹅,9779731
小企鹅 灵巧小手－橡皮泥提高本,"小企鹅, 灵巧, 小手, －, 橡皮泥, 提高, 本",小企鹅,1,"橡皮泥, 本",2,0-17722-17808-17812:玩具、图书音像-图书-手工游戏,小企鹅,9779719
小企鹅 百变时装秀－俏丽美少女,"小企鹅, 百, 变, 时装秀, －, 俏丽, 美少女",小企鹅,1,,0,0-17722-17808-17812:玩具、图书音像-图书-手工游戏,小企鹅,9781220
小企鹅 百变时装秀－可爱美少女,"小企鹅, 百, 变, 时装秀, －, 可爱, 美少女",小企鹅,1,,0,0-17722-17808-17812:玩具、图书音像-图书-手工游戏,小企鹅,9781264
小企鹅 百变时装秀－时尚美少女,"小企鹅, 百, 变, 时装秀, －, 时尚, 美少女",小企鹅,1,,0,0-17722-17808-17812:玩具、图书音像-图书-手工游戏,小企鹅,9781208
小企鹅 百变时装秀－气质美少女,"小企鹅, 百, 变, 时装秀, －, 气质, 美少女",小企鹅,1,,0,0-17722-17808-17812:玩具、图书音像-图书-手工游戏,小企鹅,9781231
小企鹅 百变时装秀－浪漫美少女,"小企鹅, 百, 变, 时装秀, －, 浪漫, 美少女",小企鹅,1,,0,0-17722-17808-17812:玩具、图书音像-图书-手工游戏,小企鹅,9781253
小企鹅 百变时装秀－漂亮美少女,"小企鹅, 百, 变, 时装秀, －, 漂亮, 美少女",小企鹅,1,,0,0-17722-17808-17812:玩具、图书音像-图书-手工游戏,小企鹅,9781242
小企鹅 百变时装秀－青春美少女,"小企鹅, 百, 变, 时装秀, －, 青春美少女",小企鹅,1,,0,0-17722-17808-17812:玩具、图书音像-图书-手工游戏,小企鹅,9781219
小企鹅 超级趣味手工 共6册,"小企鹅, 超级, 趣味, 手工, 共, 6, 册",小企鹅,1,,0,0-17722-17808-17812:玩具、图书音像-图书-手工游戏,小企鹅,10149732
小企鹅 超级趣味手工系列套装 共6册,"小企鹅, 超级, 趣味, 手工, 系列, 套装, 共, 6, 册",小企鹅,1,套装,1,0-17722-17808-17812:玩具、图书音像-图书-手工游戏,小企鹅,9780716
小企鹅 超级趣味手工－交通工具,"小企鹅, 超级, 趣味, 手工, －, 交通工具",小企鹅,1,交通工具,1,0-17722-17808-17812:玩具、图书音像-图书-手工游戏,小企鹅,9780738
小企鹅 超级趣味手工－动物,"小企鹅, 超级, 趣味, 手工, －, 动物",小企鹅,1,动物,1,0-17722-17808-17812:玩具、图书音像-图书-手工游戏,小企鹅,9780750
小企鹅 超级趣味手工－建筑,"小企鹅, 超级, 趣味, 手工, －, 建筑",小企鹅,1,建筑,1,0-17722-17808-17812:玩具、图书音像-图书-手工游戏,小企鹅,9780749
小企鹅 超级趣味手工－游乐场,"小企鹅, 超级, 趣味, 手工, －, 游乐场",小企鹅,1,游乐场,1,0-17722-17808-17812:玩具、图书音像-图书-手工游戏,小企鹅,9838180
小企鹅 超级趣味手工－玩具,"小企鹅, 超级, 趣味, 手工, －, 玩具",小企鹅,1,玩具,1,0-17722-17808-17812:玩具、图书音像-图书-手工游戏,小企鹅,9780727
小企鹅 超级趣味手工－百变金刚,"小企鹅, 超级, 趣味, 手工, －, 百, 变, 金刚",小企鹅,1,,0,0-17722-17808-17812:玩具、图书音像-图书-手工游戏,小企鹅,9780761
德国LYRA 可扭出蜡笔12色 袋装+宝宝学画－蜡笔画,"德国LYRA, 可, 扭出, 蜡笔, 12, 色, 袋装, +, 宝宝, 学, 画, －, 蜡笔画",德国lyra,1,蜡笔,1,0-17722-17808-17812:玩具、图书音像-图书-手工游戏,小企鹅,10637431
德国LYRA 常规型油画棒蜡笔25色+宝宝学画－蜡笔画,"德国LYRA, 常规, 型, 油画棒, 蜡笔, 25, 色, +, 宝宝, 学, 画, －, 蜡笔画",德国lyra,1,"油画棒, 蜡笔",2,0-17722-17808-17812:玩具、图书音像-图书-手工游戏,小企鹅,10637384
德国LYRA 彩色蜡笔12色+宝宝学画－蜡笔画,"德国LYRA, 彩色, 蜡笔, 12, 色, +, 宝宝, 学, 画, －, 蜡笔画",德国lyra,1,蜡笔,1,0-17722-17808-17812:玩具、图书音像-图书-手工游戏,小企鹅,10637395
德国LYRA 水溶性9mm彩色蜡笔12色+宝宝学画－蜡笔画,"德国LYRA, 水溶性, 9mm, 彩色, 蜡笔, 12, 色, +, 宝宝, 学, 画, －, 蜡笔画",德国lyra,1,蜡笔,1,0-17722-17808-17812:玩具、图书音像-图书-手工游戏,小企鹅,10637408
德国LYRA 水溶性彩色铅笔12色铁盒装+宝宝学画－描画（二星）,"德国LYRA, 水溶性, 彩色铅笔, 12, 色, 铁, 盒装, +, 宝宝, 学, 画, －, 描画, （, 二, 星, ）",德国lyra,1,彩色铅笔,1,0-17722-17808-17812:玩具、图书音像-图书-手工游戏,小企鹅,10637442
德国LYRA 舒适易握9mm彩色蜡笔50色+宝宝学画－绘画基础本,"德国LYRA, 舒适, 易, 握, 9mm, 彩色, 蜡笔, 50, 色, +, 宝宝, 学, 画, －, 绘画, 基础, 本",德国lyra,1,"蜡笔, 绘画, 本",3,0-17722-17808-17812:玩具、图书音像-图书-手工游戏,小企鹅,10637420
德国LYRA 舒适易握水溶性彩色铅笔12色+宝宝学画－涂色（二星）,"德国LYRA, 舒适, 易, 握, 水溶性, 彩色铅笔, 12, 色, +, 宝宝, 学, 画, －, 涂色, （, 二, 星, ）",德国lyra,1,彩色铅笔,1,0-17722-17808-17812:玩具、图书音像-图书-手工游戏,小企鹅,10637419
纷多乐 冬已DIY清洁六角型蜡笔 24色+宝宝学画－蜡笔画,"纷多乐, 冬, 已, DIY, 清洁, 六角, 型, 蜡笔, 24, 色, +, 宝宝, 学, 画, －, 蜡笔画",纷多乐,1,"清洁, 蜡笔",2,0-17722-17808-17812:玩具、图书音像-图书-手工游戏,小企鹅,10637362
纷多乐 冬已DIY清洁蜡笔 24色胶盒套装+宝宝学画－蜡笔画,"纷多乐, 冬, 已, DIY, 清洁, 蜡笔, 24, 色, 胶, 盒, 套装, +, 宝宝, 学, 画, －, 蜡笔画",纷多乐,1,"清洁, 蜡笔, 盒, 套装",4,0-17722-17808-17812:玩具、图书音像-图书-手工游戏,小企鹅,10637373
乐乐趣神奇转转书(两册),"乐乐趣, 神奇, 转转, 书, (, 两册, )",乐乐趣,1,,0,0-17722-17808-17812:玩具、图书音像-图书-手工游戏,荣信文化,10153943
宝宝趣味摇铃书系列,"宝宝, 趣味, 摇铃, 书, 系列",,0,摇铃,1,0-17722-17808-17812:玩具、图书音像-图书-手工游戏,荣信文化,10179052
宝宝趣味摇铃书系列 4册,"宝宝, 趣味, 摇铃, 书, 系列, 4, 册",,0,摇铃,1,0-17722-17808-17812:玩具、图书音像-图书-手工游戏,荣信文化,10149594
忙碌的虫子系列 共4册,"忙碌, 的, 虫子, 系列, 共, 4, 册",,0,,0,0-17722-17808-17812:玩具、图书音像-图书-手工游戏,荣信文化,10149607
快乐盒子(四册),"快乐, 盒子, (, 四, 册, )",,0,,0,0-17722-17808-17812:玩具、图书音像-图书-手工游戏,荣信文化,360145
快乐绒布贴贴书-农场,"快乐, 绒, 布贴, 贴, 书, -, 农场",,0,"布贴, 贴",2,0-17722-17808-17812:玩具、图书音像-图书-手工游戏,荣信文化,9528169
快乐绒布贴贴书-城市,"快乐, 绒, 布贴, 贴, 书, -, 城市",,0,"布贴, 贴",2,0-17722-17808-17812:玩具、图书音像-图书-手工游戏,荣信文化,9528170
怪物乐趣系列-疯狂小怪物,"怪物, 乐趣, 系列, -, 疯狂, 小, 怪物",乐趣,1,"怪物, 怪物",2,0-17722-17808-17812:玩具、图书音像-图书-手工游戏,荣信文化,360101
梦幻来信系列 共2册,"梦幻, 来信, 系列, 共, 2, 册",,0,,0,0-17722-17808-17812:玩具、图书音像-图书-手工游戏,荣信文化,10149618
卡通狮子,"卡通, 狮子",,0,卡通,1,0-17722-17808-17812:玩具、图书音像-图书-手工游戏,龙门书局,10835275
卡通老虎,"卡通, 老虎",,0,卡通,1,0-17722-17808-17812:玩具、图书音像-图书-手工游戏,龙门书局,10835286
圣伯纳犬,"圣伯纳, 犬",,0,,0,0-17722-17808-17812:玩具、图书音像-图书-手工游戏,龙门书局,10835300
女学生熊,"女学生, 熊",,0,,0,0-17722-17808-17812:玩具、图书音像-图书-手工游戏,龙门书局,10835162
小长卷毛狗,"小, 长, 卷毛, 狗",,0,,0,0-17722-17808-17812:玩具、图书音像-图书-手工游戏,龙门书局,10835242
新娘熊,"新娘, 熊",,0,,0,0-17722-17808-17812:玩具、图书音像-图书-手工游戏,龙门书局,10835140
新郎熊,"新郎, 熊",,0,,0,0-17722-17808-17812:玩具、图书音像-图书-手工游戏,龙门书局,10835151
日本短尾猫,"日本, 短尾, 猫",,0,,0,0-17722-17808-17812:玩具、图书音像-图书-手工游戏,龙门书局,10835297
海军熊,"海军, 熊",,0,,0,0-17722-17808-17812:玩具、图书音像-图书-手工游戏,龙门书局,10835208
玉女熊,"玉女, 熊",,0,,0,0-17722-17808-17812:玩具、图书音像-图书-手工游戏,龙门书局,10835184
男学生熊,"男学生, 熊",,0,,0,0-17722-17808-17812:玩具、图书音像-图书-手工游戏,龙门书局,10835173
绿河马,"绿, 河马",,0,,0,0-17722-17808-17812:玩具、图书音像-图书-手工游戏,龙门书局,10835231
美国短毛猫,"美国, 短, 毛, 猫",,0,,0,0-17722-17808-17812:玩具、图书音像-图书-手工游戏,龙门书局,10835311
花环猴,"花环, 猴",,0,,0,0-17722-17808-17812:玩具、图书音像-图书-手工游戏,龙门书局,10835264
蝴蝶结熊,"蝴蝶结, 熊",,0,,0,0-17722-17808-17812:玩具、图书音像-图书-手工游戏,龙门书局,10835220
郊游熊,"郊游, 熊",,0,,0,0-17722-17808-17812:玩具、图书音像-图书-手工游戏,龙门书局,10835219
金童熊,"金童, 熊",金童,1,,0,0-17722-17808-17812:玩具、图书音像-图书-手工游戏,龙门书局,10835195
香蕉猴,"香蕉, 猴",,0,香蕉,1,0-17722-17808-17812:玩具、图书音像-图书-手工游戏,龙门书局,10835253
奇妙变身书,"奇妙, 变身, 书",,0,,0,0-17722-17808-17812:玩具、图书音像-图书-手工游戏,,10351549
小手动起来(两册),"小手, 动起来, (, 两册, )",,0,,0,0-17722-17808-17812:玩具、图书音像-图书-手工游戏,,10327249
(DL)影响世界的大企业家,"(, DL, ), 影响, 世界的, 大, 企业家",,0,,0,0-17722-17808-17813:玩具、图书音像-图书-科普/百科,北方妇儿出版社,10839197
(DL)影响世界的大发明家,"(, DL, ), 影响, 世界的, 大, 发明家",,0,,0,0-17722-17808-17813:玩具、图书音像-图书-科普/百科,北方妇儿出版社,10839186
(DL)影响世界的大思想家,"(, DL, ), 影响, 世界的, 大, 思想家",,0,,0,0-17722-17808-17813:玩具、图书音像-图书-科普/百科,北方妇儿出版社,10839200
(DL)影响世界的大教育家,"(, DL, ), 影响, 世界的, 大, 教育家",,0,教育家,1,0-17722-17808-17813:玩具、图书音像-图书-科普/百科,北方妇儿出版社,10839222
(DL)影响世界的大数学家,"(, DL, ), 影响, 世界的, 大, 数学家",,0,,0,0-17722-17808-17813:玩具、图书音像-图书-科普/百科,北方妇儿出版社,10839211
凶猛动物档案,"凶猛, 动物, 档案",,0,动物,1,0-17722-17808-17813:玩具、图书音像-图书-科普/百科,吉林出版,11197721
史前动物档案,"史前, 动物, 档案",,0,动物,1,0-17722-17808-17813:玩具、图书音像-图书-科普/百科,吉林出版,11197732
完全恐龙档案,"完全, 恐龙, 档案",,0,,0,0-17722-17808-17813:玩具、图书音像-图书-科普/百科,吉林出版,11197743
(ZP)怪兽+城堡,"(, ZP, ), 怪兽, +, 城堡",,0,,0,0-17722-17808-17813:玩具、图书音像-图书-科普/百科,吉林美术出版社,10838649
(ZP)昆虫+猛兽,"(, ZP, ), 昆虫, +, 猛兽",,0,昆虫,1,0-17722-17808-17813:玩具、图书音像-图书-科普/百科,吉林美术出版社,10838661
恐龙+深海,"恐龙, +, 深海",深海,1,,0,0-17722-17808-17813:玩具、图书音像-图书-科普/百科,吉林美术出版社,10838650
海盗+间谍,"海盗, +, 间谍",,0,,0,0-17722-17808-17813:玩具、图书音像-图书-科普/百科,吉林美术出版社,10838638
这是怎么回事系列书,"这是, 怎么回事, 系列, 书",,0,,0,0-17722-17808-17813:玩具、图书音像-图书-科普/百科,未来出版社,10838309
动物拖拉机,"动物, 拖拉机",,0,动物,1,0-17722-17808-17813:玩具、图书音像-图书-科普/百科,荣信文化,360098
大自然之旅(四册）,"大自然, 之旅, (, 四, 册, ）",大自然,1,,0,0-17722-17808-17813:玩具、图书音像-图书-科普/百科,荣信文化,217425
寻找与发现-世界,"寻找, 与, 发现, -, 世界",,0,,0,0-17722-17808-17813:玩具、图书音像-图书-科普/百科,荣信文化,9528001
寻找与发现-交通工具,"寻找, 与, 发现, -, 交通工具",,0,交通工具,1,0-17722-17808-17813:玩具、图书音像-图书-科普/百科,荣信文化,9528034
寻找与发现-历史,"寻找, 与, 发现, -, 历史",,0,历史,1,0-17722-17808-17813:玩具、图书音像-图书-科普/百科,荣信文化,9528023
寻找与发现-日常,"寻找, 与, 发现, -, 日常",,0,,0,0-17722-17808-17813:玩具、图书音像-图书-科普/百科,荣信文化,9528012
忙碌的小虫子（四册）,"忙碌, 的, 小虫子, （, 四, 册, ）",,0,,0,0-17722-17808-17813:玩具、图书音像-图书-科普/百科,荣信文化,217436
看里面系列-揭秘地下,"看, 里面, 系列, -, 揭秘, 地下",,0,,0,0-17722-17808-17813:玩具、图书音像-图书-科普/百科,荣信文化,360225
看里面系列-揭秘地球,"看, 里面, 系列, -, 揭秘, 地球",,0,,0,0-17722-17808-17813:玩具、图书音像-图书-科普/百科,荣信文化,360236
看里面系列-揭秘恐龙,"看, 里面, 系列, -, 揭秘, 恐龙",,0,,0,0-17722-17808-17813:玩具、图书音像-图书-科普/百科,荣信文化,360258
看里面系列-揭秘科学,"看, 里面, 系列, -, 揭秘, 科学",,0,,0,0-17722-17808-17813:玩具、图书音像-图书-科普/百科,荣信文化,360247
迷你寻找与发现-家里,"迷你, 寻找, 与, 发现, -, 家里",,0,,0,0-17722-17808-17813:玩具、图书音像-图书-科普/百科,荣信文化,9528045
问号里的动物系列 共10册,"问号, 里的, 动物系列, 共, 10, 册",,0,,0,0-17722-17808-17813:玩具、图书音像-图书-科普/百科,荣信文化,10149572
世界是如何运转的,"世界, 是, 如何, 运转, 的",,0,,0,0-17722-17808-17813:玩具、图书音像-图书-科普/百科,,10327385
世界经典动物名著（美绘版）―昆虫记（上下）,"世界, 经典, 动物, 名著, （, 美, 绘, 版, ）, ―, 昆虫, 记, （, 上下, ）",,0,"动物, 昆虫",2,0-17722-17808-17813:玩具、图书音像-图书-科普/百科,,10092678
中国科普名家名作,"中国, 科普, 名家, 名作",科普,1,,0,0-17722-17808-17813:玩具、图书音像-图书-科普/百科,,10189396
中国科普名家名作―不知道的世界专辑―人体篇（升级版）,"中国, 科普, 名家, 名作, ―, 不知道, 的, 世界, 专辑, ―, 人体, 篇, （, 升级版, ）",科普,1,,0,0-17722-17808-17813:玩具、图书音像-图书-科普/百科,,10092838
中国科普名家名作―不知道的世界专辑―化学篇（升级版）,"中国, 科普, 名家, 名作, ―, 不知道, 的, 世界, 专辑, ―, 化学, 篇, （, 升级版, ）",科普,1,化学,1,0-17722-17808-17813:玩具、图书音像-图书-科普/百科,,10092792
中国科普名家名作―不知道的世界专辑―历史考古篇（升级版）,"中国, 科普, 名家, 名作, ―, 不知道, 的, 世界, 专辑, ―, 历史, 考古, 篇, （, 升级版, ）",科普,1,"历史, 考古",2,0-17722-17808-17813:玩具、图书音像-图书-科普/百科,,10092816
中国科普名家名作―不知道的世界专辑―大地海洋篇（升级版）,"中国, 科普, 名家, 名作, ―, 不知道, 的, 世界, 专辑, ―, 大地, 海洋, 篇, （, 升级版, ）",科普,1,海洋,1,0-17722-17808-17813:玩具、图书音像-图书-科普/百科,,10092781
中国科普名家名作―不知道的世界专辑―天文篇（升级版）,"中国, 科普, 名家, 名作, ―, 不知道, 的, 世界, 专辑, ―, 天文, 篇, （, 升级版, ）",科普,1,,0,0-17722-17808-17813:玩具、图书音像-图书-科普/百科,,10092850
中国科普名家名作―不知道的世界专辑―数学篇（升级版）,"中国, 科普, 名家, 名作, ―, 不知道, 的, 世界, 专辑, ―, 数学, 篇, （, 升级版, ）",科普,1,数学,1,0-17722-17808-17813:玩具、图书音像-图书-科普/百科,,10092849
中国科普名家名作―不知道的世界专辑―昆虫、海洋动物篇,"中国, 科普, 名家, 名作, ―, 不知道, 的, 世界, 专辑, ―, 昆虫, 、, 海洋, 动物, 篇",科普,1,"昆虫, 海洋, 动物",3,0-17722-17808-17813:玩具、图书音像-图书-科普/百科,,10092805
中国科普名家名作―不知道的世界专辑―植物篇（升级版）,"中国, 科普, 名家, 名作, ―, 不知道, 的, 世界, 专辑, ―, 植物, 篇, （, 升级版, ）",科普,1,植物,1,0-17722-17808-17813:玩具、图书音像-图书-科普/百科,,10092872
中国科普名家名作―不知道的世界专辑―物理篇（升级版）,"中国, 科普, 名家, 名作, ―, 不知道, 的, 世界, 专辑, ―, 物理, 篇, （, 升级版, ）",科普,1,,0,0-17722-17808-17813:玩具、图书音像-图书-科普/百科,,10092861
中国科普名家名作―不知道的世界专辑―鸟兽篇（升级版）,"中国, 科普, 名家, 名作, ―, 不知道, 的, 世界, 专辑, ―, 鸟兽, 篇, （, 升级版, ）",科普,1,,0,0-17722-17808-17813:玩具、图书音像-图书-科普/百科,,10092827
动物日记,"动物, 日记",,0,动物,1,0-17722-17808-17813:玩具、图书音像-图书-科普/百科,,10189294
动物日记―兔、虎、鸡、猫,"动物, 日记, ―, 兔, 、, 虎, 、, 鸡, 、, 猫",虎,1,动物,1,0-17722-17808-17813:玩具、图书音像-图书-科普/百科,,10091880
多彩世界小百科,"多, 彩世界, 小, 百科",彩世界,1,百科,1,0-17722-17808-17813:玩具、图书音像-图书-科普/百科,,10351538
多彩世界小百科―世界各地的孩子,"多, 彩世界, 小, 百科, ―, 世界各地, 的, 孩子",彩世界,1,百科,1,0-17722-17808-17813:玩具、图书音像-图书-科普/百科,,10327476
多彩世界小百科―动物宝宝,"多, 彩世界, 小, 百科, ―, 动物, 宝宝",彩世界,1,"百科, 动物",2,0-17722-17808-17813:玩具、图书音像-图书-科普/百科,,10327465
多彩世界小百科―海洋,"多, 彩世界, 小, 百科, ―, 海洋",彩世界,1,"百科, 海洋",2,0-17722-17808-17813:玩具、图书音像-图书-科普/百科,,10327454
多彩世界小百科―自然,"多, 彩世界, 小, 百科, ―, 自然",彩世界,1,百科,1,0-17722-17808-17813:玩具、图书音像-图书-科普/百科,,10327443
大自然小秘密(四册),"大自然, 小秘密, (, 四, 册, )",大自然,1,,0,0-17722-17808-17813:玩具、图书音像-图书-科普/百科,,10327487
奇妙世界―你好，医生,"奇妙, 世界, ―, 你好, ，, 医生",,0,,0,0-17722-17808-17813:玩具、图书音像-图书-科普/百科,,10327294
奇妙世界―你好，老师,"奇妙, 世界, ―, 你好, ，, 老师",,0,,0,0-17722-17808-17813:玩具、图书音像-图书-科普/百科,,10327307
奇妙世界―去动物园,"奇妙, 世界, ―, 去, 动物园",,0,,0,0-17722-17808-17813:玩具、图书音像-图书-科普/百科,,10327272
奇妙世界―太空之旅,"奇妙, 世界, ―, 太空, 之旅",,0,,0,0-17722-17808-17813:玩具、图书音像-图书-科普/百科,,10327261
奇妙世界―河流,"奇妙, 世界, ―, 河流",,0,河流,1,0-17722-17808-17813:玩具、图书音像-图书-科普/百科,,10327283
奇妙世界―沿着恐龙的足迹,"奇妙, 世界, ―, 沿着, 恐, 龙的, 足迹",,0,,0,0-17722-17808-17813:玩具、图书音像-图书-科普/百科,,10327250
改变世界的发明,"改变, 世界的, 发明",,0,,0,0-17722-17808-17813:玩具、图书音像-图书-科普/百科,,10327374
照片知识库―认一认从地球到太空,"照片, 知识库, ―, 认, 一, 认, 从, 地球, 到, 太空",,0,,0,0-17722-17808-17813:玩具、图书音像-图书-科普/百科,,10327227
照片知识库―认一认你的每一天,"照片, 知识库, ―, 认, 一, 认, 你的, 每, 一天",,0,,0,0-17722-17808-17813:玩具、图书音像-图书-科普/百科,,10327205
照片知识库―认一认奇妙的动物,"照片, 知识库, ―, 认, 一, 认, 奇妙, 的, 动物",,0,动物,1,0-17722-17808-17813:玩具、图书音像-图书-科普/百科,,10327238
照片知识库―认一认日常事物,"照片, 知识库, ―, 认, 一, 认, 日常, 事物",,0,,0,0-17722-17808-17813:玩具、图书音像-图书-科普/百科,,10327216
皮卡西随身绘本 第一季（6套/48册）,"皮卡西随身绘本, 第, 一季, （, 6, 套, /48, 册, ）",皮卡西随身绘本,1,,0,0-17722-17808-17814:玩具、图书音像-图书-儿童绘本,皮卡西随身绘本,10766957
皮卡西随身绘本---带你去,"皮卡西随身绘本, -, -, -, 带, 你去",皮卡西随身绘本,1,,0,0-17722-17808-17814:玩具、图书音像-图书-儿童绘本,皮卡西随身绘本,10723021
皮卡西随身绘本---我的第一次,"皮卡西随身绘本, -, -, -, 我的, 第一次",皮卡西随身绘本,1,,0,0-17722-17808-17814:玩具、图书音像-图书-儿童绘本,皮卡西随身绘本,10723054
皮卡西随身绘本---海盗宝盒,"皮卡西随身绘本, -, -, -, 海盗, 宝, 盒",皮卡西随身绘本,1,盒,1,0-17722-17808-17814:玩具、图书音像-图书-儿童绘本,皮卡西随身绘本,10723032
皮卡西随身绘本---童话宝盒,"皮卡西随身绘本, -, -, -, 童话, 宝, 盒",皮卡西随身绘本,1,"童话, 盒",2,0-17722-17808-17814:玩具、图书音像-图书-儿童绘本,皮卡西随身绘本,10723010
皮卡西随身绘本---谁的牙齿最漂亮,"皮卡西随身绘本, -, -, -, 谁的, 牙齿, 最, 漂亮",皮卡西随身绘本,1,,0,0-17722-17808-17814:玩具、图书音像-图书-儿童绘本,皮卡西随身绘本,10723043
皮卡西随身绘本---魔法马戏团,"皮卡西随身绘本, -, -, -, 魔法, 马戏团",皮卡西随身绘本,1,,0,0-17722-17808-17814:玩具、图书音像-图书-儿童绘本,皮卡西随身绘本,10723065
移动书箱系列 共4册,"移动, 书箱, 系列, 共, 4, 册",,0,移动,1,0-17722-17808-17814:玩具、图书音像-图书-儿童绘本,荣信文化,10150046
蒲蒲兰绘本 9只小猫呼呼呼,"蒲蒲兰绘本, 9, 只, 小猫, 呼, 呼呼",蒲蒲兰绘本,1,,0,0-17722-17808-17814:玩具、图书音像-图书-儿童绘本,蒲蒲兰绘本,11221684
蒲蒲兰绘本 《蚂蚁和西瓜》,"蒲蒲兰绘本, 《, 蚂蚁, 和, 西瓜, 》",蒲蒲兰绘本,1,蚂蚁,1,0-17722-17808-17814:玩具、图书音像-图书-儿童绘本,蒲蒲兰绘本,10621019
蒲蒲兰绘本 不得了的野餐,"蒲蒲兰绘本, 不得, 了的, 野餐",蒲蒲兰绘本,1,,0,0-17722-17808-17814:玩具、图书音像-图书-儿童绘本,蒲蒲兰绘本,11221695
蒲蒲兰绘本 克里克塔,"蒲蒲兰绘本, 克里克, 塔",蒲蒲兰绘本,1,,0,0-17722-17808-17814:玩具、图书音像-图书-儿童绘本,蒲蒲兰绘本,10621439
蒲蒲兰绘本 动物动物捉迷藏,"蒲蒲兰绘本, 动物, 动物, 捉迷藏",蒲蒲兰绘本,1,"动物, 动物",2,0-17722-17808-17814:玩具、图书音像-图书-儿童绘本,蒲蒲兰绘本,10620890
蒲蒲兰绘本 可爱的鼠小弟7~12,"蒲蒲兰绘本, 可爱的, 鼠, 小弟, 7, ~, 12",蒲蒲兰绘本,1,,0,0-17722-17808-17814:玩具、图书音像-图书-儿童绘本,蒲蒲兰绘本,11224161
蒲蒲兰绘本 喵喵,"蒲蒲兰绘本, 喵, 喵",蒲蒲兰绘本,1,,0,0-17722-17808-17814:玩具、图书音像-图书-儿童绘本,蒲蒲兰绘本,10621224
蒲蒲兰绘本 完美的小狗阿波罗,"蒲蒲兰绘本, 完, 美的, 小狗, 阿波罗",蒲蒲兰绘本,1,,0,0-17722-17808-17814:玩具、图书音像-图书-儿童绘本,蒲蒲兰绘本,10621495
蒲蒲兰绘本 小一步系列,"蒲蒲兰绘本, 小, 一步, 系列",蒲蒲兰绘本,1,,0,0-17722-17808-17814:玩具、图书音像-图书-儿童绘本,蒲蒲兰绘本,10808976
蒲蒲兰绘本 小一步，你好,"蒲蒲兰绘本, 小, 一步, ，, 你好",蒲蒲兰绘本,1,,0,0-17722-17808-17814:玩具、图书音像-图书-儿童绘本,蒲蒲兰绘本,10620936
蒲蒲兰绘本 小一步，回来了,"蒲蒲兰绘本, 小, 一步, ，, 回, 来了",蒲蒲兰绘本,1,,0,0-17722-17808-17814:玩具、图书音像-图书-儿童绘本,蒲蒲兰绘本,10620947
蒲蒲兰绘本 小一步，对不起,"蒲蒲兰绘本, 小, 一步, ，, 对不起",蒲蒲兰绘本,1,,0,0-17722-17808-17814:玩具、图书音像-图书-儿童绘本,蒲蒲兰绘本,10620958
蒲蒲兰绘本 小艾和小象,"蒲蒲兰绘本, 小艾, 和, 小象",蒲蒲兰绘本,1,,0,0-17722-17808-17814:玩具、图书音像-图书-儿童绘本,蒲蒲兰绘本,11224150
蒲蒲兰绘本 帽子,"蒲蒲兰绘本, 帽子",蒲蒲兰绘本,1,帽子,1,0-17722-17808-17814:玩具、图书音像-图书-儿童绘本,蒲蒲兰绘本,11221708
蒲蒲兰绘本 我是霸王龙,"蒲蒲兰绘本, 我是, 霸王, 龙",蒲蒲兰绘本,1,,0,0-17722-17808-17814:玩具、图书音像-图书-儿童绘本,蒲蒲兰绘本,10621064
蒲蒲兰绘本 我爱妈妈,"蒲蒲兰绘本, 我爱, 妈妈",蒲蒲兰绘本,1,,0,0-17722-17808-17814:玩具、图书音像-图书-儿童绘本,蒲蒲兰绘本,10621188
蒲蒲兰绘本 我爱爸爸,"蒲蒲兰绘本, 我爱, 爸爸",蒲蒲兰绘本,1,,0,0-17722-17808-17814:玩具、图书音像-图书-儿童绘本,蒲蒲兰绘本,10621177
蒲蒲兰绘本 我爱爸爸妈妈,"蒲蒲兰绘本, 我爱, 爸爸妈妈",蒲蒲兰绘本,1,,0,0-17722-17808-17814:玩具、图书音像-图书-儿童绘本,蒲蒲兰绘本,10809004
蒲蒲兰绘本 我的身体，这是什么,"蒲蒲兰绘本, 我的, 身体, ，, 这, 是什么",蒲蒲兰绘本,1,,0,0-17722-17808-17814:玩具、图书音像-图书-儿童绘本,蒲蒲兰绘本,10620992
蒲蒲兰绘本 我的颜色是什么,"蒲蒲兰绘本, 我的, 颜色, 是什么",蒲蒲兰绘本,1,颜色,1,0-17722-17808-17814:玩具、图书音像-图书-儿童绘本,蒲蒲兰绘本,10620970
蒲蒲兰绘本 抱抱 抱抱,"蒲蒲兰绘本, 抱抱, 抱抱",蒲蒲兰绘本,1,,0,0-17722-17808-17814:玩具、图书音像-图书-儿童绘本,蒲蒲兰绘本,10621202
蒲蒲兰绘本 捉迷藏系列,"蒲蒲兰绘本, 捉迷藏, 系列",蒲蒲兰绘本,1,,0,0-17722-17808-17814:玩具、图书音像-图书-儿童绘本,蒲蒲兰绘本,10808965
蒲蒲兰绘本 月亮先生,"蒲蒲兰绘本, 月亮, 先生",蒲蒲兰绘本,1,,0,0-17722-17808-17814:玩具、图书音像-图书-儿童绘本,蒲蒲兰绘本,11221720
蒲蒲兰绘本 植树的男人,"蒲蒲兰绘本, 植树, 的, 男人",蒲蒲兰绘本,1,,0,0-17722-17808-17814:玩具、图书音像-图书-儿童绘本,蒲蒲兰绘本,11221719
蒲蒲兰绘本 汪汪,"蒲蒲兰绘本, 汪汪",蒲蒲兰绘本,1,,0,0-17722-17808-17814:玩具、图书音像-图书-儿童绘本,蒲蒲兰绘本,10621213
蒲蒲兰绘本 汪汪喵喵,"蒲蒲兰绘本, 汪汪, 喵, 喵",蒲蒲兰绘本,1,,0,0-17722-17808-17814:玩具、图书音像-图书-儿童绘本,蒲蒲兰绘本,10809015
蒲蒲兰绘本 玩具玩具捉迷藏,"蒲蒲兰绘本, 玩具, 玩具, 捉迷藏",蒲蒲兰绘本,1,"玩具, 玩具",2,0-17722-17808-17814:玩具、图书音像-图书-儿童绘本,蒲蒲兰绘本,10620914
蒲蒲兰绘本 粉红线,"蒲蒲兰绘本, 粉, 红线",蒲蒲兰绘本,1,粉,1,0-17722-17808-17814:玩具、图书音像-图书-儿童绘本,蒲蒲兰绘本,10621360
蒲蒲兰绘本 聪明的小宝（一套10本）,"蒲蒲兰绘本, 聪, 明的, 小宝, （, 一套, 10, 本, ）",蒲蒲兰绘本,1,,0,0-17722-17808-17814:玩具、图书音像-图书-儿童绘本,蒲蒲兰绘本,10621520
蒲蒲兰绘本 背背 背背,"蒲蒲兰绘本, 背, 背, 背, 背",蒲蒲兰绘本,1,,0,0-17722-17808-17814:玩具、图书音像-图书-儿童绘本,蒲蒲兰绘本,10621199
蒲蒲兰绘本 背背抱抱,"蒲蒲兰绘本, 背, 背, 抱抱",蒲蒲兰绘本,1,,0,0-17722-17808-17814:玩具、图书音像-图书-儿童绘本,蒲蒲兰绘本,10809026
蒲蒲兰绘本 英文字母猜猜猜,"蒲蒲兰绘本, 英文字母, 猜猜猜",蒲蒲兰绘本,1,,0,0-17722-17808-17814:玩具、图书音像-图书-儿童绘本,蒲蒲兰绘本,11224183
蒲蒲兰绘本 衣服衣服捉迷藏,"蒲蒲兰绘本, 衣服, 衣服, 捉迷藏",蒲蒲兰绘本,1,,0,0-17722-17808-17814:玩具、图书音像-图书-儿童绘本,蒲蒲兰绘本,10620925
蒲蒲兰绘本 谁偷了 包子,"蒲蒲兰绘本, 谁, 偷了, 包子",蒲蒲兰绘本,1,,0,0-17722-17808-17814:玩具、图书音像-图书-儿童绘本,蒲蒲兰绘本,11221731
蒲蒲兰绘本 这是什么形状,"蒲蒲兰绘本, 这, 是什么, 形状",蒲蒲兰绘本,1,,0,0-17722-17808-17814:玩具、图书音像-图书-儿童绘本,蒲蒲兰绘本,10620981
蒲蒲兰绘本 这是什么系列,"蒲蒲兰绘本, 这, 是什么, 系列",蒲蒲兰绘本,1,,0,0-17722-17808-17814:玩具、图书音像-图书-儿童绘本,蒲蒲兰绘本,10808998
蒲蒲兰绘本 逃跑的小火车头,"蒲蒲兰绘本, 逃, 跑的, 小, 火车头",蒲蒲兰绘本,1,,0,0-17722-17808-17814:玩具、图书音像-图书-儿童绘本,蒲蒲兰绘本,11224149
蒲蒲兰绘本 鲷鱼妈妈逛商场,"蒲蒲兰绘本, 鲷鱼, 妈妈, 逛, 商场",蒲蒲兰绘本,1,,0,0-17722-17808-17814:玩具、图书音像-图书-儿童绘本,蒲蒲兰绘本,11224194
蒲蒲兰绘本 《小熊宝宝》(15册),"蒲蒲兰绘本, 《, 小熊宝宝, 》, (, 15, 册, )",蒲蒲兰绘本,1,,0,0-17722-17808-17814:玩具、图书音像-图书-儿童绘本,蒲蒲兰绘本馆,10637737
蒲蒲兰绘本 又来了！鼠小弟的小背心,"蒲蒲兰绘本, 又, 来了, ！, 鼠, 小弟, 的, 小背心",蒲蒲兰绘本,1,小背心,1,0-17722-17808-17814:玩具、图书音像-图书-儿童绘本,蒲蒲兰绘本馆,10637840
蒲蒲兰绘本 想吃苹果的鼠小弟,"蒲蒲兰绘本, 想吃, 苹果, 的, 鼠, 小弟",蒲蒲兰绘本,1,苹果,1,0-17722-17808-17814:玩具、图书音像-图书-儿童绘本,蒲蒲兰绘本馆,10637806
蒲蒲兰绘本 打破杯子的鼠小弟,"蒲蒲兰绘本, 打破, 杯子, 的, 鼠, 小弟",蒲蒲兰绘本,1,,0,0-17722-17808-17814:玩具、图书音像-图书-儿童绘本,蒲蒲兰绘本馆,10637862
蒲蒲兰绘本 换换吧！鼠小弟的小背心,"蒲蒲兰绘本, 换换, 吧, ！, 鼠, 小弟, 的, 小背心",蒲蒲兰绘本,1,小背心,1,0-17722-17808-17814:玩具、图书音像-图书-儿童绘本,蒲蒲兰绘本馆,10637908
蒲蒲兰绘本 生命的故事,"蒲蒲兰绘本, 生命, 的, 故事",蒲蒲兰绘本,1,,0,0-17722-17808-17814:玩具、图书音像-图书-儿童绘本,蒲蒲兰绘本馆,10637771
蒲蒲兰绘本 红气球&苹果与蝴蝶,"蒲蒲兰绘本, 红, 气球, &, 苹, 果与, 蝴蝶",蒲蒲兰绘本,1,气球,1,0-17722-17808-17814:玩具、图书音像-图书-儿童绘本,蒲蒲兰绘本馆,10637759
蒲蒲兰绘本 聪明的小宝,"蒲蒲兰绘本, 聪, 明的, 小宝",蒲蒲兰绘本,1,,0,0-17722-17808-17814:玩具、图书音像-图书-儿童绘本,蒲蒲兰绘本馆,10637748
蒲蒲兰绘本 超人兔&臭粑粑&我不要去幼儿园,"蒲蒲兰绘本, 超人, 兔, &, 臭, 粑粑, &, 我不, 要去, 幼儿园",蒲蒲兰绘本,1,,0,0-17722-17808-17814:玩具、图书音像-图书-儿童绘本,蒲蒲兰绘本馆,10637782
蒲蒲兰绘本 鼠小弟和大象哥哥,"蒲蒲兰绘本, 鼠, 小弟, 和, 大象, 哥哥",蒲蒲兰绘本,1,,0,0-17722-17808-17814:玩具、图书音像-图书-儿童绘本,蒲蒲兰绘本馆,10637873
蒲蒲兰绘本 鼠小弟和音乐会,"蒲蒲兰绘本, 鼠, 小弟, 和, 音乐会",蒲蒲兰绘本,1,,0,0-17722-17808-17814:玩具、图书音像-图书-儿童绘本,蒲蒲兰绘本馆,10637895
蒲蒲兰绘本 鼠小弟和鼠小妹,"蒲蒲兰绘本, 鼠, 小弟, 和, 鼠, 小妹",蒲蒲兰绘本,1,,0,0-17722-17808-17814:玩具、图书音像-图书-儿童绘本,蒲蒲兰绘本馆,10637828
蒲蒲兰绘本 鼠小弟套装之好孩子（四册入）,"蒲蒲兰绘本, 鼠, 小弟, 套装, 之, 好孩子, （, 四, 册, 入, ）",蒲蒲兰绘本,1,套装,1,0-17722-17808-17814:玩具、图书音像-图书-儿童绘本,蒲蒲兰绘本馆,10679886
蒲蒲兰绘本 鼠小弟套装之小背心（四册入）,"蒲蒲兰绘本, 鼠, 小弟, 套装, 之, 小背心, （, 四, 册, 入, ）",蒲蒲兰绘本,1,"套装, 小背心",2,0-17722-17808-17814:玩具、图书音像-图书-儿童绘本,蒲蒲兰绘本馆,10679864
蒲蒲兰绘本 鼠小弟套装之鼠小弟和朋友们（四册入）,"蒲蒲兰绘本, 鼠, 小弟, 套装, 之, 鼠, 小弟, 和, 朋友们, （, 四, 册, 入, ）",蒲蒲兰绘本,1,套装,1,0-17722-17808-17814:玩具、图书音像-图书-儿童绘本,蒲蒲兰绘本馆,10679875
蒲蒲兰绘本 鼠小弟套装（12册入）,"蒲蒲兰绘本, 鼠, 小弟, 套装, （, 12, 册, 入, ）",蒲蒲兰绘本,1,套装,1,0-17722-17808-17814:玩具、图书音像-图书-儿童绘本,蒲蒲兰绘本馆,10679897
蒲蒲兰绘本 鼠小弟的又一件小背心,"蒲蒲兰绘本, 鼠, 小弟, 的, 又, 一件, 小背心",蒲蒲兰绘本,1,小背心,1,0-17722-17808-17814:玩具、图书音像-图书-儿童绘本,蒲蒲兰绘本馆,10637817
蒲蒲兰绘本 鼠小弟的小背心,"蒲蒲兰绘本, 鼠, 小弟, 的, 小背心",蒲蒲兰绘本,1,小背心,1,0-17722-17808-17814:玩具、图书音像-图书-儿童绘本,蒲蒲兰绘本馆,10637793
蒲蒲兰绘本 鼠小弟荡秋千,"蒲蒲兰绘本, 鼠, 小弟, 荡秋千",蒲蒲兰绘本,1,,0,0-17722-17808-17814:玩具、图书音像-图书-儿童绘本,蒲蒲兰绘本馆,10637884
蒲蒲兰绘本 鼠小弟，鼠小弟,"蒲蒲兰绘本, 鼠, 小弟, ，, 鼠, 小弟",蒲蒲兰绘本,1,,0,0-17722-17808-17814:玩具、图书音像-图书-儿童绘本,蒲蒲兰绘本馆,10637839
帮助我们的人/皮卡西随身绘本,"帮助, 我们, 的人, /, 皮卡西随身绘本",皮卡西随身绘本,1,,0,0-17722-17808-17814:玩具、图书音像-图书-儿童绘本,贵州人民出版社,10835617
科妮的新鲜事/皮卡西随身绘本,"科, 妮, 的, 新鲜事, /, 皮卡西随身绘本",皮卡西随身绘本,1,,0,0-17722-17808-17814:玩具、图书音像-图书-儿童绘本,贵州人民出版社,10835606
阿阿熊启智大礼盒,"阿阿熊, 启, 智, 大, 礼盒",阿阿熊,1,礼盒,1,0-17722-17808-17814:玩具、图书音像-图书-儿童绘本,阿阿熊,10723076
宝宝心里成长绘本(12册),"宝宝, 心里, 成长, 绘, 本, (, 12, 册, )",,0,本,1,0-17722-17808-17814:玩具、图书音像-图书-儿童绘本,,10327396
培养最棒女孩100招,"培养, 最, 棒, 女孩, 100, 招",,0,棒,1,0-17722-17808-17815:玩具、图书音像-图书-家庭教育,北京理工大学,11197765
培养最棒男孩100招,"培养, 最, 棒, 男孩, 100, 招",,0,棒,1,0-17722-17808-17815:玩具、图书音像-图书-家庭教育,北京理工大学,11197754
培养优秀女孩的100个细节,"培养, 优秀, 女孩, 的, 100, 个, 细节",,0,,0,0-17722-17808-17815:玩具、图书音像-图书-家庭教育,华夏出版社,10838821
培养杰出男孩的100个细节,"培养, 杰出, 男孩, 的, 100, 个, 细节",,0,,0,0-17722-17808-17815:玩具、图书音像-图书-家庭教育,华夏出版社,10838810
好妈妈心理学,"好, 妈妈, 心理学",,0,心理学,1,0-17722-17808-17815:玩具、图书音像-图书-家庭教育,华夏出版社,10838832
小企鹅 让孩子受益一生的经典丛书 10册,"小企鹅, 让, 孩子, 受益, 一, 生的, 经典, 丛书, 10, 册",小企鹅,1,,0,0-17722-17808-17815:玩具、图书音像-图书-家庭教育,小企鹅,10149867
亲子关细,"亲子, 关, 细",,0,,0,0-17722-17808-17815:玩具、图书音像-图书-家庭教育,时代文艺出版社,10838332
别把孩子越管越远,"别把, 孩子, 越, 管, 越远",,0,,0,0-17722-17808-17815:玩具、图书音像-图书-家庭教育,时代文艺出版社,10838310
女孩富养,"女孩, 富, 养",,0,,0,0-17722-17808-17815:玩具、图书音像-图书-家庭教育,时代文艺出版社,10838321
读懂孩子的行为艺术,"读懂, 孩子, 的, 行为艺术",,0,,0,0-17722-17808-17815:玩具、图书音像-图书-家庭教育,时代文艺出版社,10838343
如何批评孩子才肯听,"如何, 批评, 孩子, 才肯, 听",,0,,0,0-17722-17808-17815:玩具、图书音像-图书-家庭教育,江西科技出版社,10838592
父母妙答好孩子的怪问题,"父母, 妙答, 好孩子, 的, 怪, 问题",好孩子,1,,0,0-17722-17808-17815:玩具、图书音像-图书-家庭教育,江西科技出版社,10838605
全世界新妈妈都在和宝宝玩的亲子游戏,"全世界, 新, 妈妈, 都在, 和, 宝宝, 玩的, 亲子, 游戏",,0,游戏,1,0-17722-17808-17815:玩具、图书音像-图书-家庭教育,沈阳出版社,10838354
40周全程孕产指南/贝博士・冠军宝贝成,"40, 周, 全程, 孕, 产, 指南, /, 贝博士, ・, 冠军, 宝贝, 成",贝博士,1,,0,0-17722-17808-17815:玩具、图书音像-图书-家庭教育,贝博士,10723112
和宝宝一起做的游戏大全:0-3岁/贝博士,"和, 宝宝, 一起, 做的, 游戏, 大全, :, 0-3, 岁, /, 贝博士",大全,1,游戏,1,0-17722-17808-17815:玩具、图书音像-图书-家庭教育,贝博士,10723101
宝宝成长百科:0-3岁/贝博士・冠军宝贝,"宝宝, 成长, 百科, :, 0-3, 岁, /, 贝博士, ・, 冠军, 宝贝",贝博士,1,百科,1,0-17722-17808-17815:玩具、图书音像-图书-家庭教育,贝博士,10723087
实用育儿百科:0-3岁/贝博士・冠军宝贝,"实用, 育儿, 百科, :, 0-3, 岁, /, 贝博士, ・, 冠军, 宝贝",贝博士,1,"育儿, 百科",2,0-17722-17808-17815:玩具、图书音像-图书-家庭教育,贝博士,10723098
贝博士・冠军宝贝（四册大套装）,"贝博士, ・, 冠军, 宝贝, （, 四, 册, 大, 套装, ）",贝博士,1,,0,0-17722-17808-17815:玩具、图书音像-图书-家庭教育,贝博士,10808749
隔代教育：隔代不隔心,"隔代, 教育, ：, 隔代, 不, 隔心",,0,教育,1,0-17722-17808-17815:玩具、图书音像-图书-家庭教育,陕西师大出版社,10835048
孩子的好榜样（注音故事） 六册,"孩子, 的, 好榜样, （, 注音, 故事, ）, 六, 册",,0,,0,0-17722-17808-17815:玩具、图书音像-图书-家庭教育,,10150897
花袜子小乌鸦成长故事（精装）,"花, 袜子, 小, 乌鸦, 成长, 故事, （, 精装, ）",,0,袜子,1,0-17722-17808-17815:玩具、图书音像-图书-家庭教育,,10186864
黄蓓佳―我要做好孩子,"黄, 蓓, 佳, ―, 我, 要做, 好孩子",好孩子,1,,0,0-17722-17808-17815:玩具、图书音像-图书-家庭教育,,10092576
全脑开发智能宝典,"全, 脑, 开发, 智能, 宝典",,0,,0,0-17722-17808-17816:玩具、图书音像-图书-智力开发,小企鹅,10351458
全脑开发智能宝典―0-2岁,"全, 脑, 开发, 智能, 宝典, ―, 0-2, 岁",,0,,0,0-17722-17808-17816:玩具、图书音像-图书-智力开发,小企鹅,10317745
全脑开发智能宝典―2-3岁,"全, 脑, 开发, 智能, 宝典, ―, 2-3, 岁",,0,,0,0-17722-17808-17816:玩具、图书音像-图书-智力开发,小企鹅,10317756
全脑开发智能宝典―3-4岁,"全, 脑, 开发, 智能, 宝典, ―, 3-4, 岁",,0,,0,0-17722-17808-17816:玩具、图书音像-图书-智力开发,小企鹅,10317767
全脑开发智能宝典―4-5岁,"全, 脑, 开发, 智能, 宝典, ―, 4-5, 岁",,0,,0,0-17722-17808-17816:玩具、图书音像-图书-智力开发,小企鹅,10317778
小企鹅 全能宝宝卡 共8册,"小企鹅, 全能, 宝宝, 卡, 共, 8, 册",小企鹅,1,,0,0-17722-17808-17816:玩具、图书音像-图书-智力开发,小企鹅,10149856
小企鹅 掌中宝益智书套装 共8册,"小企鹅, 掌中宝, 益智, 书, 套装, 共, 8, 册",小企鹅,1,"益智, 套装",2,0-17722-17808-17816:玩具、图书音像-图书-智力开发,小企鹅,9776889
小企鹅 掌中宝益智书－对比,"小企鹅, 掌中宝, 益智, 书, －, 对比",小企鹅,1,益智,1,0-17722-17808-17816:玩具、图书音像-图书-智力开发,小企鹅,9776958
小企鹅 掌中宝益智书－数学,"小企鹅, 掌中宝, 益智, 书, －, 数学",小企鹅,1,"益智, 数学",2,0-17722-17808-17816:玩具、图书音像-图书-智力开发,小企鹅,9776914
小企鹅 掌中宝益智书－智力,"小企鹅, 掌中宝, 益智, 书, －, 智力",小企鹅,1,益智,1,0-17722-17808-17816:玩具、图书音像-图书-智力开发,小企鹅,9838293
小企鹅 掌中宝益智书－视觉,"小企鹅, 掌中宝, 益智, 书, －, 视觉",小企鹅,1,益智,1,0-17722-17808-17816:玩具、图书音像-图书-智力开发,小企鹅,9776925
小企鹅 掌中宝益智书－认知,"小企鹅, 掌中宝, 益智, 书, －, 认知",小企鹅,1,"益智, 认知",2,0-17722-17808-17816:玩具、图书音像-图书-智力开发,小企鹅,9776947
小企鹅 掌中宝益智书－语言,"小企鹅, 掌中宝, 益智, 书, －, 语言",小企鹅,1,"益智, 语言",2,0-17722-17808-17816:玩具、图书音像-图书-智力开发,小企鹅,9776890
小企鹅 智能口袋书系列套装 共6册,"小企鹅, 智能, 口袋, 书, 系列, 套装, 共, 6, 册",小企鹅,1,套装,1,0-17722-17808-17816:玩具、图书音像-图书-智力开发,小企鹅,9776823
小企鹅 潜能开发益智拼玩大卡系列 6册,"小企鹅, 潜能, 开发, 益智, 拼, 玩, 大卡, 系列, 6, 册",小企鹅,1,益智,1,0-17722-17808-17816:玩具、图书音像-图书-智力开发,小企鹅,10149845
小企鹅 聪明宝宝益智书+卡 0岁,"小企鹅, 聪明宝宝, 益智, 书, +, 卡, 0, 岁",小企鹅,1,益智,1,0-17722-17808-17816:玩具、图书音像-图书-智力开发,小企鹅,9838373
小企鹅 聪明宝宝益智书+卡 1岁,"小企鹅, 聪明宝宝, 益智, 书, +, 卡, 1, 岁",小企鹅,1,益智,1,0-17722-17808-17816:玩具、图书音像-图书-智力开发,小企鹅,9838384
小企鹅 聪明宝宝益智书+卡 2岁,"小企鹅, 聪明宝宝, 益智, 书, +, 卡, 2, 岁",小企鹅,1,益智,1,0-17722-17808-17816:玩具、图书音像-图书-智力开发,小企鹅,9838395
小企鹅 聪明宝宝益智书+卡 3岁,"小企鹅, 聪明宝宝, 益智, 书, +, 卡, 3, 岁",小企鹅,1,益智,1,0-17722-17808-17816:玩具、图书音像-图书-智力开发,小企鹅,9838408
小博士左右脑开发同步练习册,"小, 博士, 左, 右脑, 开发, 同步, 练习册",博士,1,练习册,1,0-17722-17808-17816:玩具、图书音像-图书-智力开发,小企鹅,10351447
小博士左右脑开发同步练习册―右脑转转转(书写),"小, 博士, 左, 右脑, 开发, 同步, 练习册, ―, 右脑, 转, 转转, (, 书写, )",博士,1,练习册,1,0-17722-17808-17816:玩具、图书音像-图书-智力开发,小企鹅,10317676
小博士左右脑开发同步练习册―右脑转转转(情商),"小, 博士, 左, 右脑, 开发, 同步, 练习册, ―, 右脑, 转, 转转, (, 情商, )",博士,1,练习册,1,0-17722-17808-17816:玩具、图书音像-图书-智力开发,小企鹅,10317665
小博士左右脑开发同步练习册―右脑转转转(感知),"小, 博士, 左, 右脑, 开发, 同步, 练习册, ―, 右脑, 转, 转转, (, 感知, )",博士,1,练习册,1,0-17722-17808-17816:玩具、图书音像-图书-智力开发,小企鹅,10317687
小博士左右脑开发同步练习册―右脑转转转(记忆),"小, 博士, 左, 右脑, 开发, 同步, 练习册, ―, 右脑, 转, 转转, (, 记忆, )",博士,1,练习册,1,0-17722-17808-17816:玩具、图书音像-图书-智力开发,小企鹅,10317654
小博士左右脑开发同步练习册―左脑转转转(数学),"小, 博士, 左, 右脑, 开发, 同步, 练习册, ―, 左, 脑, 转, 转转, (, 数学, )",博士,1,练习册,1,0-17722-17808-17816:玩具、图书音像-图书-智力开发,小企鹅,10317698
小博士左右脑开发同步练习册―左脑转转转(计算),"小, 博士, 左, 右脑, 开发, 同步, 练习册, ―, 左, 脑, 转, 转转, (, 计算, )",博士,1,练习册,1,0-17722-17808-17816:玩具、图书音像-图书-智力开发,小企鹅,10317723
小博士左右脑开发同步练习册―左脑转转转(语言),"小, 博士, 左, 右脑, 开发, 同步, 练习册, ―, 左, 脑, 转, 转转, (, 语言, )",博士,1,练习册,1,0-17722-17808-17816:玩具、图书音像-图书-智力开发,小企鹅,10317712
乐乐趣猜猜看系列-这是一只小猫吗?,"乐乐趣, 猜猜看, 系列, -, 这是, 一只, 小猫, 吗, ?",乐乐趣,1,,0,0-17722-17808-17816:玩具、图书音像-图书-智力开发,荣信文化,213241
乐乐趣猜猜看系列-这是一只蜗牛吗?,"乐乐趣, 猜猜看, 系列, -, 这是, 一只, 蜗牛, 吗, ?",乐乐趣,1,,0,0-17722-17808-17816:玩具、图书音像-图书-智力开发,荣信文化,213263
乐乐趣猜猜看系列-这是一只青蛙吗?,"乐乐趣, 猜猜看, 系列, -, 这是, 一只, 青蛙, 吗, ?",乐乐趣,1,,0,0-17722-17808-17816:玩具、图书音像-图书-智力开发,荣信文化,213252
各种各样系列-各种各样的交通工具,"各种各样, 系列, -, 各种各样, 的, 交通工具",,0,交通工具,1,0-17722-17808-17816:玩具、图书音像-图书-智力开发,荣信文化,213161
各种各样系列-各种各样的人,"各种各样, 系列, -, 各种各样, 的人",,0,,0,0-17722-17808-17816:玩具、图书音像-图书-智力开发,荣信文化,213127
各种各样系列-各种各样的害怕,"各种各样, 系列, -, 各种各样, 的, 害怕",,0,,0,0-17722-17808-17816:玩具、图书音像-图书-智力开发,荣信文化,213150
各种各样系列-各种各样的感觉,"各种各样, 系列, -, 各种各样, 的, 感觉",,0,,0,0-17722-17808-17816:玩具、图书音像-图书-智力开发,荣信文化,213138
各种各样系列-各种各样的房屋,"各种各样, 系列, -, 各种各样, 的, 房屋",,0,,0,0-17722-17808-17816:玩具、图书音像-图书-智力开发,荣信文化,213172
各种各样系列-各种各样的身体,"各种各样, 系列, -, 各种各样, 的, 身体",,0,,0,0-17722-17808-17816:玩具、图书音像-图书-智力开发,荣信文化,213149
惊喜连连翻系列-农场,"惊喜, 连连, 翻, 系列, -, 农场",,0,,0,0-17722-17808-17816:玩具、图书音像-图书-智力开发,荣信文化,213183
惊喜连连翻系列-动物园,"惊喜, 连连, 翻, 系列, -, 动物园",,0,,0,0-17722-17808-17816:玩具、图书音像-图书-智力开发,荣信文化,213230
惊喜连连翻系列-反义词,"惊喜, 连连, 翻, 系列, -, 反义词",,0,,0,0-17722-17808-17816:玩具、图书音像-图书-智力开发,荣信文化,213218
惊喜连连翻系列-字母,"惊喜, 连连, 翻, 系列, -, 字母",,0,,0,0-17722-17808-17816:玩具、图书音像-图书-智力开发,荣信文化,213207
惊喜连连翻系列-数字,"惊喜, 连连, 翻, 系列, -, 数字",,0,,0,0-17722-17808-17816:玩具、图书音像-图书-智力开发,荣信文化,213194
惊喜连连翻系列-颜色与形状,"惊喜, 连连, 翻, 系列, -, 颜色, 与, 形状",,0,颜色,1,0-17722-17808-17816:玩具、图书音像-图书-智力开发,荣信文化,213229
脑力激荡训练营幼儿版(四册),"脑力激荡, 训练, 营, 幼儿, 版, (, 四, 册, )",,0,幼儿,1,0-17722-17808-17816:玩具、图书音像-图书-智力开发,荣信文化,9782007
脑力激荡训练营（四册）,"脑力激荡, 训练, 营, （, 四, 册, ）",,0,,0,0-17722-17808-17816:玩具、图书音像-图书-智力开发,荣信文化,9782074
数独揭秘,"数, 独, 揭秘",,0,,0,0-17722-17808-17816:玩具、图书音像-图书-智力开发,,10092714
海宝来了―思维特训书―中级（4-5岁）,"海宝, 来了, ―, 思维, 特训, 书, ―, 中级, （, 4-5, 岁, ）",海宝,1,,0,0-17722-17808-17816:玩具、图书音像-图书-智力开发,,10092372
海宝来了―思维特训书―初级（3-4岁）,"海宝, 来了, ―, 思维, 特训, 书, ―, 初级, （, 3-4, 岁, ）",海宝,1,,0,0-17722-17808-17816:玩具、图书音像-图书-智力开发,,10092350
海宝来了―思维特训书―高级（5-6岁）,"海宝, 来了, ―, 思维, 特训, 书, ―, 高级, （, 5-6, 岁, ）",海宝,1,,0,0-17722-17808-17816:玩具、图书音像-图书-智力开发,,10092361
海宝来了―智能游戏书―保卫彩虹城（3-4岁）,"海宝, 来了, ―, 智能, 游戏, 书, ―, 保卫, 彩虹, 城, （, 3-4, 岁, ）",海宝,1,游戏,1,0-17722-17808-17816:玩具、图书音像-图书-智力开发,,10092407
海宝来了―智能游戏书―萤火虫的秘密（4-5岁）,"海宝, 来了, ―, 智能, 游戏, 书, ―, 萤火虫, 的, 秘密, （, 4-5, 岁, ）",海宝,1,游戏,1,0-17722-17808-17816:玩具、图书音像-图书-智力开发,,10092429
让你更聪明的游戏书―SUDOKU挑战数独,"让你, 更, 聪, 明的, 游戏, 书, ―, SUDOKU, 挑战, 数, 独",,0,游戏,1,0-17722-17808-17816:玩具、图书音像-图书-智力开发,,10189363
让你更聪明的游戏书―SUDOKU挑战数独 第III阶,"让你, 更, 聪, 明的, 游戏, 书, ―, SUDOKU, 挑战, 数, 独, 第, III, 阶",,0,游戏,1,0-17722-17808-17816:玩具、图书音像-图书-智力开发,,10092645
让你更聪明的游戏书―SUDOKU挑战数独 第I阶,"让你, 更, 聪, 明的, 游戏, 书, ―, SUDOKU, 挑战, 数, 独, 第, I, 阶",,0,游戏,1,0-17722-17808-17816:玩具、图书音像-图书-智力开发,,10092667
读童话.玩游戏.长知识,"读, 童话, ., 玩游戏, ., 长, 知识",,0,童话,1,0-17722-17808-17816:玩具、图书音像-图书-智力开发,,10351527
乐乐趣 毛毛虫嘉年华,"乐乐趣, 毛毛虫, 嘉年华",乐乐趣,1,,0,0-17722-17808-17820:玩具、图书音像-图书-入学教育,乐乐趣,9761802
全国名牌小学入学必备丛书,"全国, 名牌, 小学, 入学, 必备, 丛书",,0,,0,0-17722-17808-17820:玩具、图书音像-图书-入学教育,小企鹅,10351436
全国名牌小学入学必备丛书―传统蒙学,"全国, 名牌, 小学, 入学, 必备, 丛书, ―, 传统, 蒙, 学",,0,,0,0-17722-17808-17820:玩具、图书音像-图书-入学教育,小企鹅,10317596
全国名牌小学入学必备丛书―学前成语精编,"全国, 名牌, 小学, 入学, 必备, 丛书, ―, 学前, 成语, 精, 编",,0,,0,0-17722-17808-17820:玩具、图书音像-图书-入学教育,小企鹅,10317585
全国名牌小学入学必备丛书―学前拼音,"全国, 名牌, 小学, 入学, 必备, 丛书, ―, 学前, 拼音",,0,拼音,1,0-17722-17808-17820:玩具、图书音像-图书-入学教育,小企鹅,10317610
全国名牌小学入学必备丛书―学前数学,"全国, 名牌, 小学, 入学, 必备, 丛书, ―, 学前, 数学",,0,数学,1,0-17722-17808-17820:玩具、图书音像-图书-入学教育,小企鹅,10317609
全国名牌小学入学必备丛书―学前识字,"全国, 名牌, 小学, 入学, 必备, 丛书, ―, 学前, 识字",,0,,0,0-17722-17808-17820:玩具、图书音像-图书-入学教育,小企鹅,10317632
全国名牌小学入学必备丛书―学前识词,"全国, 名牌, 小学, 入学, 必备, 丛书, ―, 学, 前识, 词",,0,,0,0-17722-17808-17820:玩具、图书音像-图书-入学教育,小企鹅,10317621
小企鹅 金牌宝宝学前必备－儿歌,"小企鹅, 金牌, 宝宝, 学前, 必备, －, 儿歌",小企鹅,1,,0,0-17722-17808-17820:玩具、图书音像-图书-入学教育,小企鹅,9780089
小企鹅 金牌宝宝学前必备－唐诗,"小企鹅, 金牌, 宝宝, 学前, 必备, －, 唐诗",小企鹅,1,,0,0-17722-17808-17820:玩具、图书音像-图书-入学教育,小企鹅,9780034
小企鹅 金牌宝宝学前必备－寓言,"小企鹅, 金牌, 宝宝, 学前, 必备, －, 寓言",小企鹅,1,寓言,1,0-17722-17808-17820:玩具、图书音像-图书-入学教育,小企鹅,9780012
小企鹅 金牌宝宝学前必备－成语,"小企鹅, 金牌, 宝宝, 学前, 必备, －, 成语",小企鹅,1,,0,0-17722-17808-17820:玩具、图书音像-图书-入学教育,小企鹅,9780090
小企鹅 金牌宝宝学前必备－拼音,"小企鹅, 金牌, 宝宝, 学前, 必备, －, 拼音",小企鹅,1,拼音,1,0-17722-17808-17820:玩具、图书音像-图书-入学教育,小企鹅,9780078
小企鹅 金牌宝宝学前必备－数学,"小企鹅, 金牌, 宝宝, 学前, 必备, －, 数学",小企鹅,1,数学,1,0-17722-17808-17820:玩具、图书音像-图书-入学教育,小企鹅,9780045
小企鹅 金牌宝宝学前必备－百家姓,"小企鹅, 金牌, 宝宝, 学前, 必备, －, 百家姓",小企鹅,1,,0,0-17722-17808-17820:玩具、图书音像-图书-入学教育,小企鹅,9841207
小企鹅 金牌宝宝学前必备－英文,"小企鹅, 金牌, 宝宝, 学前, 必备, －, 英文",小企鹅,1,,0,0-17722-17808-17820:玩具、图书音像-图书-入学教育,小企鹅,9780023
小企鹅 金牌宝宝学前必备－识字,"小企鹅, 金牌, 宝宝, 学前, 必备, －, 识字",小企鹅,1,,0,0-17722-17808-17820:玩具、图书音像-图书-入学教育,小企鹅,9780056
绘画拉拉卡-古都西安,"绘画, 拉拉, 卡, -, 古都, 西安",,0,"绘画, 西安",2,0-17722-17808-17820:玩具、图书音像-图书-入学教育,荣信文化,9738209
忙碌的虫子系列-忙碌的蜘蛛,"忙碌, 的, 虫子, 系列, -, 忙碌, 的, 蜘蛛",,0,蜘蛛,1,0-17722-17808-17821:玩具、图书音像-图书-立体图书,荣信文化,217323
忙碌的虫子系列-甲壳虫的工具箱,"忙碌, 的, 虫子, 系列, -, 甲壳虫, 的, 工具箱",甲壳虫,1,,0,0-17722-17808-17821:玩具、图书音像-图书-立体图书,荣信文化,217334
忙碌的虫子系列-蚂蚁的职责,"忙碌, 的, 虫子, 系列, -, 蚂蚁, 的, 职责",,0,蚂蚁,1,0-17722-17808-17821:玩具、图书音像-图书-立体图书,荣信文化,217312
找朋友-小兔比利,"找, 朋友, -, 小兔, 比利",,0,,0,0-17722-17808-17821:玩具、图书音像-图书-立体图书,荣信文化,217265
找朋友-小鸡查理,"找, 朋友, -, 小鸡, 查理",,0,,0,0-17722-17808-17821:玩具、图书音像-图书-立体图书,荣信文化,217276
找朋友-猫头鹰奥齐,"找, 朋友, -, 猫头鹰, 奥, 齐",猫头鹰,1,,0,0-17722-17808-17821:玩具、图书音像-图书-立体图书,荣信文化,217298
乐乐趣神奇转转书-打招呼的丛林动物,"乐乐趣, 神奇, 转转, 书, -, 打招呼, 的, 丛林, 动物",乐乐趣,1,动物,1,0-17722-17808-17861:玩具、图书音像-图书-玩具书,荣信文化,359864
乐乐趣神奇转转书-打招呼的花园动物,"乐乐趣, 神奇, 转转, 书, -, 打招呼, 的, 花园, 动物",乐乐趣,1,动物,1,0-17722-17808-17861:玩具、图书音像-图书-玩具书,荣信文化,359875
宝宝趣味摇铃书系列-可爱的宠物,"宝宝, 趣味, 摇铃, 书, 系列, -, 可爱的, 宠物",可爱的,1,"摇铃, 宠物",2,0-17722-17808-17861:玩具、图书音像-图书-玩具书,荣信文化,213616
宝宝趣味摇铃书系列-小车车出发啦！,"宝宝, 趣味, 摇铃, 书, 系列, -, 小, 车车, 出发, 啦, ！",,0,摇铃,1,0-17722-17808-17861:玩具、图书音像-图书-玩具书,荣信文化,213649
宝宝趣味摇铃书系列-快乐的小虫虫,"宝宝, 趣味, 摇铃, 书, 系列, -, 快, 乐的, 小, 虫虫",,0,摇铃,1,0-17722-17808-17861:玩具、图书音像-图书-玩具书,荣信文化,213627
宝宝趣味摇铃书系列-我的一天,"宝宝, 趣味, 摇铃, 书, 系列, -, 我的, 一天",,0,摇铃,1,0-17722-17808-17861:玩具、图书音像-图书-玩具书,荣信文化,213638
托尼・沃尔夫翻翻书-农场,"托, 尼, ・, 沃, 尔, 夫, 翻, 翻书, -, 农场",,0,,0,0-17722-17808-17861:玩具、图书音像-图书-玩具书,荣信文化,9528089
托尼・沃尔夫翻翻书-城市,"托, 尼, ・, 沃, 尔, 夫, 翻, 翻书, -, 城市",,0,,0,0-17722-17808-17861:玩具、图书音像-图书-玩具书,荣信文化,9528103
托尼・沃尔夫翻翻书-森林,"托, 尼, ・, 沃, 尔, 夫, 翻, 翻书, -, 森林",,0,,0,0-17722-17808-17861:玩具、图书音像-图书-玩具书,荣信文化,9528078
托尼・沃尔夫翻翻书-海洋,"托, 尼, ・, 沃, 尔, 夫, 翻, 翻书, -, 海洋",,0,海洋,1,0-17722-17808-17861:玩具、图书音像-图书-玩具书,荣信文化,9528090
托尼・沃尔夫翻翻书-童话,"托, 尼, ・, 沃, 尔, 夫, 翻, 翻书, -, 童话",,0,童话,1,0-17722-17808-17861:玩具、图书音像-图书-玩具书,荣信文化,9528067
游戏时间(四册),"游戏, 时间, (, 四, 册, )",,0,游戏,1,0-17722-17808-17861:玩具、图书音像-图书-玩具书,荣信文化,217254
移动书箱系列-公主,"移动, 书箱, 系列, -, 公主",,0,移动,1,0-17722-17808-17861:玩具、图书音像-图书-玩具书,荣信文化,403236
移动书箱系列-农场,"移动, 书箱, 系列, -, 农场",,0,移动,1,0-17722-17808-17861:玩具、图书音像-图书-玩具书,荣信文化,403269
移动书箱系列-森林,"移动, 书箱, 系列, -, 森林",,0,移动,1,0-17722-17808-17861:玩具、图书音像-图书-玩具书,荣信文化,403258
移动书箱系列-运动会,"移动, 书箱, 系列, -, 运动会",,0,移动,1,0-17722-17808-17861:玩具、图书音像-图书-玩具书,荣信文化,403247
迪士尼多媒体系列玩具书-小熊维尼神奇放映机故事书,"迪士尼, 多媒体, 系列, 玩具书, -, 小熊维尼, 神奇, 放映机, 故事书",迪士尼,1,"多媒体, 玩具书, 放映机",3,0-17722-17808-17861:玩具、图书音像-图书-玩具书,荣信文化,213490
迪士尼多媒体系列玩具书-米奇妙妙屋观看器故事书,"迪士尼, 多媒体, 系列, 玩具书, -, 米奇, 妙妙, 屋, 观看, 器, 故事书",迪士尼,1,"多媒体, 玩具书",2,0-17722-17808-17861:玩具、图书音像-图书-玩具书,荣信文化,217447
迪士尼多媒体系列玩具书-音乐播放器迪士尼公主故事书,"迪士尼, 多媒体, 系列, 玩具书, -, 音乐, 播放器, 迪士尼公主, 故事书",迪士尼,1,"多媒体, 玩具书, 音乐",3,0-17722-17808-17861:玩具、图书音像-图书-玩具书,荣信文化,213503
奇妙变身书―公主乐园,"奇妙, 变身, 书, ―, 公主, 乐园",,0,,0,0-17722-17808-17861:玩具、图书音像-图书-玩具书,,10327545
奇妙变身书―汽车修理厂,"奇妙, 变身, 书, ―, 汽车修理厂",,0,,0,0-17722-17808-17861:玩具、图书音像-图书-玩具书,,10327512
奇妙变身书―珊瑚礁,"奇妙, 变身, 书, ―, 珊瑚礁",,0,,0,0-17722-17808-17861:玩具、图书音像-图书-玩具书,,10327501
奇妙变身书―足球场,"奇妙, 变身, 书, ―, 足球场",,0,,0,0-17722-17808-17861:玩具、图书音像-图书-玩具书,,10327523
奇妙变身书―金字塔,"奇妙, 变身, 书, ―, 金字塔",,0,,0,0-17722-17808-17861:玩具、图书音像-图书-玩具书,,10327498
奇妙变身书―雨林,"奇妙, 变身, 书, ―, 雨林",,0,,0,0-17722-17808-17861:玩具、图书音像-图书-玩具书,,10327534
读童话.玩游戏.长知识―三只公羊格鲁夫,"读, 童话, ., 玩游戏, ., 长, 知识, ―, 三只, 公羊, 格, 鲁, 夫",公羊,1,童话,1,0-17722-17808-17861:玩具、图书音像-图书-玩具书,,10327421
读童话.玩游戏.长知识―三只小猪,"读, 童话, ., 玩游戏, ., 长, 知识, ―, 三只, 小猪",,0,童话,1,0-17722-17808-17861:玩具、图书音像-图书-玩具书,,10327409
读童话.玩游戏.长知识―小红帽,"读, 童话, ., 玩游戏, ., 长, 知识, ―, 小红帽",,0,"童话, 小红帽",2,0-17722-17808-17861:玩具、图书音像-图书-玩具书,,10327410
读童话.玩游戏.长知识―杰克与魔豆,"读, 童话, ., 玩游戏, ., 长, 知识, ―, 杰克, 与, 魔豆",,0,"童话, 魔豆",2,0-17722-17808-17861:玩具、图书音像-图书-玩具书,,10327432
边学边玩游戏书―优雅公主,"边, 学, 边, 玩游戏, 书, ―, 优雅, 公主",,0,,0,0-17722-17808-17861:玩具、图书音像-图书-玩具书,,10327341
边学边玩游戏书―旅行达人,"边, 学, 边, 玩游戏, 书, ―, 旅行, 达人",,0,,0,0-17722-17808-17861:玩具、图书音像-图书-玩具书,,10327318
边学边玩游戏书―海盗传奇,"边, 学, 边, 玩游戏, 书, ―, 海盗, 传奇",传奇,1,,0,0-17722-17808-17861:玩具、图书音像-图书-玩具书,,10327330
边学边玩游戏书―环保行动,"边, 学, 边, 玩游戏, 书, ―, 环保, 行动",,0,环保,1,0-17722-17808-17861:玩具、图书音像-图书-玩具书,,10327329
剪羊毛事件,"剪, 羊毛, 事件",,0,剪,1,0-17722-17808-17862:玩具、图书音像-图书-卡通动漫,小羊肖恩,10826934
可恶的鼹鼠,"可, 恶的, 鼹鼠",,0,,0,0-17722-17808-17862:玩具、图书音像-图书-卡通动漫,小羊肖恩,10826945
恐怖片事件,"恐怖片, 事件",,0,,0,0-17722-17808-17862:玩具、图书音像-图书-卡通动漫,小羊肖恩,10826956
提米的困扰,"提, 米, 的, 困扰",,0,米,1,0-17722-17808-17862:玩具、图书音像-图书-卡通动漫,小羊肖恩,10826989
斗牛士肖恩,"斗牛士, 肖, 恩",,0,,0,0-17722-17808-17862:玩具、图书音像-图书-卡通动漫,小羊肖恩,10826912
淘气猪的恶作剧,"淘气, 猪, 的, 恶作剧",,0,,0,0-17722-17808-17862:玩具、图书音像-图书-卡通动漫,小羊肖恩,10826978
热水澡万岁,"热水澡, 万岁",,0,,0,0-17722-17808-17862:玩具、图书音像-图书-卡通动漫,小羊肖恩,10826967
羊羊们的舞会,"羊, 羊, 们, 的, 舞会",,0,,0,0-17722-17808-17862:玩具、图书音像-图书-卡通动漫,小羊肖恩,10826990
羊羊足球赛,"羊, 羊, 足球赛",,0,,0,0-17722-17808-17862:玩具、图书音像-图书-卡通动漫,小羊肖恩,10827006
跟肖恩一起减肥,"跟, 肖, 恩, 一起, 减肥",,0,减肥,1,0-17722-17808-17862:玩具、图书音像-图书-卡通动漫,小羊肖恩,10826923
臭袜子查理系列―大冒险,"臭, 袜子, 查理, 系列, ―, 大冒险",,0,袜子,1,0-17722-17808-17862:玩具、图书音像-图书-卡通动漫,荣信文化,9528125
臭袜子查理系列―恐怖之夜,"臭, 袜子, 查理, 系列, ―, 恐怖, 之夜",,0,"袜子, 恐怖",2,0-17722-17808-17862:玩具、图书音像-图书-卡通动漫,荣信文化,9528136
丁丁历险记系列（大16开本）,"丁丁, 历险记, 系列, （, 大, 16, 开本, ）",,0,,0,0-17722-17808-17862:玩具、图书音像-图书-卡通动漫,,10419622
丁丁历险记系列（小16开本）,"丁丁, 历险记, 系列, （, 小, 16, 开本, ）",,0,,0,0-17722-17808-17862:玩具、图书音像-图书-卡通动漫,,10419611
丁丁历险记（大16开本）―714航班,"丁丁, 历险记, （, 大, 16, 开本, ）, ―, 714, 航班",,0,,0,0-17722-17808-17862:玩具、图书音像-图书-卡通动漫,,10091415
丁丁历险记（大16开本）―丁丁在刚果,"丁丁, 历险记, （, 大, 16, 开本, ）, ―, 丁丁, 在, 刚果",,0,,0,0-17722-17808-17862:玩具、图书音像-图书-卡通动漫,,10091459
丁丁历险记（大16开本）―丁丁在美洲,"丁丁, 历险记, （, 大, 16, 开本, ）, ―, 丁丁, 在, 美洲",,0,美洲,1,0-17722-17808-17862:玩具、图书音像-图书-卡通动漫,,10091460
丁丁历险记（大16开本）―七个水晶球,"丁丁, 历险记, （, 大, 16, 开本, ）, ―, 七个, 水晶球",,0,,0,0-17722-17808-17862:玩具、图书音像-图书-卡通动漫,,10091584
丁丁历险记（大16开本）―向日葵教授绑架案,"丁丁, 历险记, （, 大, 16, 开本, ）, ―, 向日葵, 教授, 绑架, 案",,0,向日葵,1,0-17722-17808-17862:玩具、图书音像-图书-卡通动漫,,10091619
丁丁历险记（大16开本）―太阳神的囚徒,"丁丁, 历险记, （, 大, 16, 开本, ）, ―, 太阳神, 的, 囚徒",太阳神,1,,0,0-17722-17808-17862:玩具、图书音像-图书-卡通动漫,,10091608
丁丁历险记（大16开本）―奔向月球,"丁丁, 历险记, （, 大, 16, 开本, ）, ―, 奔向, 月球",,0,,0,0-17722-17808-17862:玩具、图书音像-图书-卡通动漫,,10091437
丁丁历险记（大16开本）―奥托卡王的权杖,"丁丁, 历险记, （, 大, 16, 开本, ）, ―, 奥, 托, 卡, 王, 的, 权杖",,0,,0,0-17722-17808-17862:玩具、图书音像-图书-卡通动漫,,10091426
丁丁历险记（大16开本）―法老的雪茄,"丁丁, 历险记, （, 大, 16, 开本, ）, ―, 法, 老的, 雪茄",,0,,0,0-17722-17808-17862:玩具、图书音像-图书-卡通动漫,,10091493
丁丁历险记（大16开本）―独角兽号的秘密,"丁丁, 历险记, （, 大, 16, 开本, ）, ―, 独角兽, 号, 的, 秘密",,0,,0,0-17722-17808-17862:玩具、图书音像-图书-卡通动漫,,10091482
丁丁历险记（大16开本）―破损的耳朵,"丁丁, 历险记, （, 大, 16, 开本, ）, ―, 破损, 的, 耳朵",,0,,0,0-17722-17808-17862:玩具、图书音像-图书-卡通动漫,,10091573
丁丁历险记（大16开本）―红色拉克姆的宝藏,"丁丁, 历险记, （, 大, 16, 开本, ）, ―, 红, 色拉, 克, 姆, 的, 宝藏",,0,,0,0-17722-17808-17862:玩具、图书音像-图书-卡通动漫,,10091528
丁丁历险记（大16开本）―绿宝石失窃案,"丁丁, 历险记, （, 大, 16, 开本, ）, ―, 绿宝石, 失, 窃案",,0,,0,0-17722-17808-17862:玩具、图书音像-图书-卡通动漫,,10091562
丁丁历险记（大16开本）―蓝莲花,"丁丁, 历险记, （, 大, 16, 开本, ）, ―, 蓝, 莲花",莲花,1,,0,0-17722-17808-17862:玩具、图书音像-图书-卡通动漫,,10091551
丁丁历险记（大16开本）―金钳螃蟹贩毒集团,"丁丁, 历险记, （, 大, 16, 开本, ）, ―, 金, 钳, 螃蟹, 贩毒集团",,0,,0,0-17722-17808-17862:玩具、图书音像-图书-卡通动漫,,10091540
丁丁历险记（大16开本）―黑岛,"丁丁, 历险记, （, 大, 16, 开本, ）, ―, 黑, 岛",,0,,0,0-17722-17808-17862:玩具、图书音像-图书-卡通动漫,,10091506
丁丁历险记（大16开本）―黑金之国,"丁丁, 历险记, （, 大, 16, 开本, ）, ―, 黑金, 之国",黑金,1,,0,0-17722-17808-17862:玩具、图书音像-图书-卡通动漫,,10091517
丁丁历险记（小16开本）―714航班,"丁丁, 历险记, （, 小, 16, 开本, ）, ―, 714, 航班",,0,,0,0-17722-17808-17862:玩具、图书音像-图书-卡通动漫,,10091631
丁丁历险记（小16开本）―丁丁与丛林战士,"丁丁, 历险记, （, 小, 16, 开本, ）, ―, 丁丁, 与, 丛林, 战士",,0,,0,0-17722-17808-17862:玩具、图书音像-图书-卡通动漫,,10091664
丁丁历险记（小16开本）―丁丁在刚果,"丁丁, 历险记, （, 小, 16, 开本, ）, ―, 丁丁, 在, 刚果",,0,,0,0-17722-17808-17862:玩具、图书音像-图书-卡通动漫,,10091675
丁丁历险记（小16开本）―丁丁在美洲,"丁丁, 历险记, （, 小, 16, 开本, ）, ―, 丁丁, 在, 美洲",,0,美洲,1,0-17722-17808-17862:玩具、图书音像-图书-卡通动漫,,10091686
丁丁历险记（小16开本）―丁丁在西藏,"丁丁, 历险记, （, 小, 16, 开本, ）, ―, 丁丁, 在, 西藏",,0,西藏,1,0-17722-17808-17862:玩具、图书音像-图书-卡通动漫,,10091697
丁丁历险记（小16开本）―七个水晶球,"丁丁, 历险记, （, 小, 16, 开本, ）, ―, 七个, 水晶球",,0,,0,0-17722-17808-17862:玩具、图书音像-图书-卡通动漫,,10091802
丁丁历险记（小16开本）―向日葵教授绑架案,"丁丁, 历险记, （, 小, 16, 开本, ）, ―, 向日葵, 教授, 绑架, 案",,0,向日葵,1,0-17722-17808-17862:玩具、图书音像-图书-卡通动漫,,10091835
丁丁历险记（小16开本）―太阳神的囚徒,"丁丁, 历险记, （, 小, 16, 开本, ）, ―, 太阳神, 的, 囚徒",太阳神,1,,0,0-17722-17808-17862:玩具、图书音像-图书-卡通动漫,,10091824
丁丁历险记（小16开本）―奔向月球,"丁丁, 历险记, （, 小, 16, 开本, ）, ―, 奔向, 月球",,0,,0,0-17722-17808-17862:玩具、图书音像-图书-卡通动漫,,10091653
丁丁历险记（小16开本）―奥托卡王的权杖,"丁丁, 历险记, （, 小, 16, 开本, ）, ―, 奥, 托, 卡, 王, 的, 权杖",,0,,0,0-17722-17808-17862:玩具、图书音像-图书-卡通动漫,,10091642
丁丁历险记（小16开本）―月球探险,"丁丁, 历险记, （, 小, 16, 开本, ）, ―, 月球, 探险",,0,,0,0-17722-17808-17862:玩具、图书音像-图书-卡通动漫,,10091846
丁丁历险记（小16开本）―法老的雪茄,"丁丁, 历险记, （, 小, 16, 开本, ）, ―, 法, 老的, 雪茄",,0,,0,0-17722-17808-17862:玩具、图书音像-图书-卡通动漫,,10091711
丁丁历险记（小16开本）―独角兽号的秘密,"丁丁, 历险记, （, 小, 16, 开本, ）, ―, 独角兽, 号, 的, 秘密",,0,,0,0-17722-17808-17862:玩具、图书音像-图书-卡通动漫,,10091700
丁丁历险记（小16开本）―破损的耳朵,"丁丁, 历险记, （, 小, 16, 开本, ）, ―, 破损, 的, 耳朵",,0,,0,0-17722-17808-17862:玩具、图书音像-图书-卡通动漫,,10091799
丁丁历险记（小16开本）―神秘的流星,"丁丁, 历险记, （, 小, 16, 开本, ）, ―, 神秘的, 流星",,0,,0,0-17722-17808-17862:玩具、图书音像-图书-卡通动漫,,10091813
丁丁历险记（小16开本）―红色拉克姆的宝藏,"丁丁, 历险记, （, 小, 16, 开本, ）, ―, 红, 色拉, 克, 姆, 的, 宝藏",,0,,0,0-17722-17808-17862:玩具、图书音像-图书-卡通动漫,,10091744
丁丁历险记（小16开本）―绿宝石失窃案,"丁丁, 历险记, （, 小, 16, 开本, ）, ―, 绿宝石, 失, 窃案",,0,,0,0-17722-17808-17862:玩具、图书音像-图书-卡通动漫,,10091788
丁丁历险记（小16开本）―蓝莲花,"丁丁, 历险记, （, 小, 16, 开本, ）, ―, 蓝, 莲花",莲花,1,,0,0-17722-17808-17862:玩具、图书音像-图书-卡通动漫,,10091777
丁丁历险记（小16开本）―货舱里的黑幕,"丁丁, 历险记, （, 小, 16, 开本, ）, ―, 货舱, 里的, 黑幕",,0,,0,0-17722-17808-17862:玩具、图书音像-图书-卡通动漫,,10091755
丁丁历险记（小16开本）―金钳螃蟹贩毒集团,"丁丁, 历险记, （, 小, 16, 开本, ）, ―, 金, 钳, 螃蟹, 贩毒集团",,0,,0,0-17722-17808-17862:玩具、图书音像-图书-卡通动漫,,10091766
丁丁历险记（小16开本）―黑岛,"丁丁, 历险记, （, 小, 16, 开本, ）, ―, 黑, 岛",,0,,0,0-17722-17808-17862:玩具、图书音像-图书-卡通动漫,,10091722
丁丁历险记（小16开本）―黑金之国,"丁丁, 历险记, （, 小, 16, 开本, ）, ―, 黑金, 之国",黑金,1,,0,0-17722-17808-17862:玩具、图书音像-图书-卡通动漫,,10091733
丛林小子布布(10册),"丛林, 小子, 布, 布, (, 10, 册, )",,0,,0,0-17722-17808-17862:玩具、图书音像-图书-卡通动漫,,10327352
0-3岁宝宝养育全书,"0-3, 岁, 宝宝, 养育, 全书",,0,,0,0-17722-17808-19355:玩具、图书音像-图书-孕产育儿,北京理工大学出版社,10839153
280天同步胎教全书,"280, 天, 同步, 胎教, 全书",,0,,0,0-17722-17808-19355:玩具、图书音像-图书-孕产育儿,北京理工大学出版社,10839164
40周健康怀孕全书,"40, 周, 健康, 怀孕, 全书",,0,"健康, 怀孕",2,0-17722-17808-19355:玩具、图书音像-图书-孕产育儿,北京理工大学出版社,10839175
0-3岁婴幼儿疾病防治与护理大全,"0-3, 岁, 婴幼儿, 疾病, 防治, 与, 护理, 大全",大全,1,护理,1,0-17722-17808-19355:玩具、图书音像-图书-孕产育儿,华夏出版社,10838752
产妇护理宜忌大全,"产妇, 护理, 宜, 忌, 大全",大全,1,护理,1,0-17722-17808-19355:玩具、图书音像-图书-孕产育儿,华夏出版社,10838796
全家一起看的胎教百科,"全家, 一起, 看, 的, 胎教, 百科",,0,百科,1,0-17722-17808-19355:玩具、图书音像-图书-孕产育儿,华夏出版社,10838809
准爸准妈全程孕产手册,"准, 爸, 准, 妈, 全程, 孕, 产, 手册",,0,手册,1,0-17722-17808-19355:玩具、图书音像-图书-孕产育儿,华夏出版社,10838785
孕产妇营养保健与食谱大全,"孕, 产妇, 营养保健, 与, 食谱, 大全",大全,1,营养保健,1,0-17722-17808-19355:玩具、图书音像-图书-孕产育儿,华夏出版社,10838763
宝宝喂养完全方案(0～3)岁,"宝宝, 喂养, 完全, 方案, (, 0, ～, 3, ), 岁",,0,,0,0-17722-17808-19355:玩具、图书音像-图书-孕产育儿,华夏出版社,10838774
色彩育儿经,"色彩, 育儿, 经",,0,育儿,1,0-17722-17808-19355:玩具、图书音像-图书-孕产育儿,华夏出版社,10838707
80后妈妈五星级月子,"80, 后, 妈妈, 五星级, 月子",,0,,0,0-17722-17808-19355:玩具、图书音像-图书-孕产育儿,武汉出版社,10838207
七彩的世界(小学卷）/语文报・三十年,"七彩, 的, 世界, (, 小学, 卷, ）, /, 语文, 报, ・, 三, 十年",七彩,1,,0,0-17722-17808-19368:玩具、图书音像-图书-文教,华夏出版社,10838967
提高中学生自我品质的128个修养故事,"提高, 中学生, 自我, 品, 质的, 128, 个, 修养, 故事",,0,修养,1,0-17722-17808-19368:玩具、图书音像-图书-文教,华夏出版社,10838741
教会中学生珍惜理解的128个感恩故事,"教会, 中学生, 珍惜, 理解, 的, 128, 个, 感恩, 故事",感恩,1,,0,0-17722-17808-19368:玩具、图书音像-图书-文教,华夏出版社,10838730
激发中学生努力进取的128个激励故事,"激发, 中学生, 努力, 进, 取的, 128, 个, 激励, 故事",,0,,0,0-17722-17808-19368:玩具、图书音像-图书-文教,华夏出版社,10838729
笔尖的声音(小学卷）/语文报・三十年,"笔, 尖的, 声音, (, 小学, 卷, ）, /, 语文, 报, ・, 三, 十年",,0,笔,1,0-17722-17808-19368:玩具、图书音像-图书-文教,华夏出版社,10838901
讲述中学生美好时光的128个青春故事,"讲述, 中学生, 美, 好时, 光的, 128, 个, 青春, 故事",好时,1,,0,0-17722-17808-19368:玩具、图书音像-图书-文教,华夏出版社,10838718
风吹哪页读哪页(小学卷）/语文报・三,"风吹, 哪, 页, 读, 哪, 页, (, 小学, 卷, ）, /, 语文, 报, ・, 三",,0,,0,0-17722-17808-19368:玩具、图书音像-图书-文教,华夏出版社,10838912
赢在小学作文知识宝典,"赢, 在, 小学, 作文, 知识, 宝典",,0,,0,0-17722-17808-19368:玩具、图书音像-图书-文教,吉林美术出版社,10838694
赢在小学数学知识宝典,"赢, 在, 小学, 数学, 知识, 宝典",,0,数学,1,0-17722-17808-19368:玩具、图书音像-图书-文教,吉林美术出版社,10838672
赢在小学语文知识宝典,"赢, 在, 小学, 语文, 知识, 宝典",,0,,0,0-17722-17808-19368:玩具、图书音像-图书-文教,吉林美术出版社,10838683
最新中学生分类作文大百科,"最新, 中学生, 分类, 作文, 大百科",,0,,0,0-17722-17808-19368:玩具、图书音像-图书-文教,商务印书馆,10838412
最新小学生分类作文大百科,"最新, 小学生, 分类, 作文, 大百科",,0,,0,0-17722-17808-19368:玩具、图书音像-图书-文教,商务印书馆,10838401
改进孩子学习习惯全攻略,"改进, 孩子, 学习, 习惯, 全, 攻略",,0,"学习, 攻略",2,0-17722-17808-19368:玩具、图书音像-图书-文教,江西科技出版社,10838616
赢在起跑线：帮助孩子上好小学一年级,"赢, 在, 起跑线, ：, 帮助, 孩子, 上好, 小学, 一年级",,0,,0,0-17722-17808-19368:玩具、图书音像-图书-文教,江西科技出版社,10838627
小学作文10个知识点必备(三年级),"小学, 作文, 10, 个, 知识点, 必备, (, 三年级, )",,0,,0,0-17722-17808-19368:玩具、图书音像-图书-文教,语文出版社,10838172
小学作文12个知识点必备(四年级),"小学, 作文, 12, 个, 知识点, 必备, (, 四年级, )",,0,,0,0-17722-17808-19368:玩具、图书音像-图书-文教,语文出版社,10838183
小学作文15个知识点必备(六年级),"小学, 作文, 15, 个, 知识点, 必备, (, 六年级, )",,0,,0,0-17722-17808-19368:玩具、图书音像-图书-文教,语文出版社,10838194
同义词/近义词/反义词与组词造句词典（,"同义词, /, 近, 义, 词, /, 反义词, 与, 组词, 造句, 词典, （",,0,词典,1,0-17722-17808-19368:玩具、图书音像-图书-文教,长江出版社,10838150
同义词/近义词/反义词多音多义字词典（,"同义词, /, 近, 义, 词, /, 反义词, 多音, 多义字, 词典, （",,0,词典,1,0-17722-17808-19368:玩具、图书音像-图书-文教,长江出版社,10838149
多功能小学生词典（修订版）,"多功能, 小学生, 词典, （, 修订版, ）",,0,词典,1,0-17722-17808-19368:玩具、图书音像-图书-文教,长江出版社,10838138
多功能新编字典（修订版）,"多功能, 新编, 字典, （, 修订版, ）",,0,,0,0-17722-17808-19368:玩具、图书音像-图书-文教,长江出版社,10838092
汉语成语小词典（修订版）,"汉语, 成语, 小, 词典, （, 修订版, ）",,0,"汉语, 词典",2,0-17722-17808-19368:玩具、图书音像-图书-文教,长江出版社,10838105
现代汉语小词典（修订版）,"现代汉语, 小, 词典, （, 修订版, ）",,0,词典,1,0-17722-17808-19368:玩具、图书音像-图书-文教,长江出版社,10838116
迪士尼启蒙英语12DVD 豪华礼品套装（配送手提袋）,"迪士尼, 启蒙, 英语, 12, DVD, 豪华, 礼品, 套装, （, 配送, 手提袋, ）",迪士尼,1,"dvd, 礼品, 套装",3,0-17722-17809-17822:玩具、图书音像-音像教育-英语学习,天艺,10620845
洪恩 启蒙英语500词（赠品）,"洪恩, 启蒙, 英语, 500, 词, （, 赠品, ）",洪恩,1,,0,0-17722-17809-17822:玩具、图书音像-音像教育-英语学习,洪恩,9999331
洪恩 幼儿英语（DVD）,"洪恩, 幼儿, 英语, （, DVD, ）",洪恩,1,幼儿,1,0-17722-17809-17822:玩具、图书音像-音像教育-英语学习,洪恩,302590
洪恩 幼儿英语（VCD）,"洪恩, 幼儿, 英语, （, VCD, ）",洪恩,1,幼儿,1,0-17722-17809-17822:玩具、图书音像-音像教育-英语学习,洪恩,9999524
洪恩GOGO学英语(洪恩朗读者),"洪恩, GOGO, 学, 英语, (, 洪恩, 朗, 读者, )",洪恩,1,,0,0-17722-17809-17822:玩具、图书音像-音像教育-英语学习,洪恩,302487
洪恩三只小猪进阶英语DVD,"洪恩, 三只, 小猪, 进阶, 英语, DVD",洪恩,1,dvd,1,0-17722-17809-17822:玩具、图书音像-音像教育-英语学习,洪恩,302647
洪恩儿童英语图解1000词(洪恩朗读者),"洪恩, 儿童, 英语, 图解, 1000, 词, (, 洪恩, 朗, 读者, )",洪恩,1,,0,0-17722-17809-17822:玩具、图书音像-音像教育-英语学习,洪恩,302501
洪恩国际幼儿英语,"洪恩, 国际, 幼儿, 英语",洪恩,1,幼儿,1,0-17722-17809-17822:玩具、图书音像-音像教育-英语学习,洪恩,302885
十万个为什么,十万个为什么,,0,十万个为什么,1,0-17722-17809-17823:玩具、图书音像-音像教育-幼儿与学前启蒙,天艺音像,10144099
天线宝宝 2010中国世博会年特别版,"天线宝宝, 2010, 中国, 世博会, 年, 特别版",天线宝宝,1,,0,0-17722-17809-17823:玩具、图书音像-音像教育-幼儿与学前启蒙,天艺音像,10144351
宝贝成长计划系列 365夜睡前故事,"宝贝, 成长, 计划, 系列, 365, 夜, 睡前, 故事",宝贝,1,,0,0-17722-17809-17823:玩具、图书音像-音像教育-幼儿与学前启蒙,天艺音像,10144011
童乐园系列 中国经典童话故事精选,"童, 乐园, 系列, 中国, 经典, 童话故事, 精选",,0,,0,0-17722-17809-17823:玩具、图书音像-音像教育-幼儿与学前启蒙,天艺音像,10144317
芝麻街 和艾摩一起穿衣服,"芝麻街, 和, 艾, 摩, 一起, 穿衣服",芝麻街,1,,0,0-17722-17809-17823:玩具、图书音像-音像教育-幼儿与学前启蒙,天艺音像,10145843
芝麻街 和艾摩一起起床,"芝麻街, 和, 艾, 摩, 一起, 起床",芝麻街,1,,0,0-17722-17809-17823:玩具、图书音像-音像教育-幼儿与学前启蒙,天艺音像,10145854
芝麻街 艾摩的小宝宝朋友们,"芝麻街, 艾, 摩, 的, 小宝宝, 朋友们",芝麻街,1,,0,0-17722-17809-17823:玩具、图书音像-音像教育-幼儿与学前启蒙,天艺音像,10145821
芝麻街 艾摩看病记,"芝麻街, 艾, 摩, 看病, 记",芝麻街,1,,0,0-17722-17809-17823:玩具、图书音像-音像教育-幼儿与学前启蒙,天艺音像,10145832
芝麻街II 做运动学算术,"芝麻街, II, 做, 运动学, 算术",芝麻街,1,,0,0-17722-17809-17823:玩具、图书音像-音像教育-幼儿与学前启蒙,天艺音像,10145956
芝麻街II 快乐的舞蹈课,"芝麻街, II, 快, 乐的, 舞蹈, 课",芝麻街,1,舞蹈,1,0-17722-17809-17823:玩具、图书音像-音像教育-幼儿与学前启蒙,天艺音像,10145978
芝麻街II 热爱地球,"芝麻街, II, 热爱, 地球",芝麻街,1,,0,0-17722-17809-17823:玩具、图书音像-音像教育-幼儿与学前启蒙,天艺音像,10145967
芝麻街II 生日快乐,"芝麻街, II, 生日快乐",芝麻街,1,,0,0-17722-17809-17823:玩具、图书音像-音像教育-幼儿与学前启蒙,天艺音像,10145901
芝麻街II 逃生训练记,"芝麻街, II, 逃生, 训练, 记",芝麻街,1,,0,0-17722-17809-17823:玩具、图书音像-音像教育-幼儿与学前启蒙,天艺音像,10145989
洪恩 学前必备500字（赠品）,"洪恩, 学前, 必备, 500, 字, （, 赠品, ）",洪恩,1,,0,0-17722-17809-17823:玩具、图书音像-音像教育-幼儿与学前启蒙,洪恩,9999342
洪恩 宝宝益智乐园60元充值卡（赠品）,"洪恩, 宝宝, 益智, 乐园, 60, 元, 充值, 卡, （, 赠品, ）",洪恩,1,益智,1,0-17722-17809-17823:玩具、图书音像-音像教育-幼儿与学前启蒙,洪恩,9999319
洪恩 幼儿认知-启蒙篇(赠品),"洪恩, 幼儿, 认知, -, 启蒙, 篇, (, 赠品, )",洪恩,1,"幼儿, 认知",2,0-17722-17809-17823:玩具、图书音像-音像教育-幼儿与学前启蒙,洪恩,10191103
洪恩 幼儿认知-提高篇(赠品),"洪恩, 幼儿, 认知, -, 提高, 篇, (, 赠品, )",洪恩,1,"幼儿, 认知",2,0-17722-17809-17823:玩具、图书音像-音像教育-幼儿与学前启蒙,洪恩,10191114
洪恩 成长系列挂图学前必备（朗读者） 赠品,"洪恩, 成长, 系列, 挂图, 学前, 必备, （, 朗, 读者, ）, 赠品",洪恩,1,,0,0-17722-17809-17823:玩具、图书音像-音像教育-幼儿与学前启蒙,洪恩,9999320
洪恩世界经典童话（朗读者）,"洪恩, 世界, 经典, 童话, （, 朗, 读者, ）",洪恩,1,童话,1,0-17722-17809-17823:玩具、图书音像-音像教育-幼儿与学前启蒙,洪恩,302556
洪恩子集扩展幼儿识字（朗读者）,"洪恩, 子集, 扩展, 幼儿, 识字, （, 朗, 读者, ）",洪恩,1,幼儿,1,0-17722-17809-17823:玩具、图书音像-音像教育-幼儿与学前启蒙,洪恩,302545
洪恩宝宝看世界DVD版,"洪恩, 宝宝, 看, 世界, DVD, 版",洪恩,1,dvd,1,0-17722-17809-17823:玩具、图书音像-音像教育-幼儿与学前启蒙,洪恩,302636
洪恩宝宝美语脱口秀(8张盘+4本家长指导手册+1张mp3),"洪恩, 宝宝, 美语, 脱口秀, (, 8, 张, 盘, +4, 本, 家长, 指导, 手册, +1, 张, mp3, )",洪恩,1,,0,0-17722-17809-17823:玩具、图书音像-音像教育-幼儿与学前启蒙,洪恩,302761
洪恩宝宝问世界VCD套装,"洪恩, 宝宝, 问, 世界, VCD, 套装",洪恩,1,"vcd, 套装",2,0-17722-17809-17823:玩具、图书音像-音像教育-幼儿与学前启蒙,洪恩,302670
洪恩小乌龟学美语 (DVD),"洪恩, 小, 乌龟, 学, 美语, (, DVD, )",洪恩,1,,0,0-17722-17809-17823:玩具、图书音像-音像教育-幼儿与学前启蒙,洪恩,302658
洪恩小乌龟学美语 (VCD),"洪恩, 小, 乌龟, 学, 美语, (, VCD, )",洪恩,1,,0,0-17722-17809-17823:玩具、图书音像-音像教育-幼儿与学前启蒙,洪恩,302807
洪恩小小口袋（朗读者）,"洪恩, 小, 小口袋, （, 朗, 读者, ）",洪恩,1,,0,0-17722-17809-17823:玩具、图书音像-音像教育-幼儿与学前启蒙,洪恩,302578
洪恩巴迪英文童谣 DVD套装,"洪恩, 巴, 迪, 英文, 童谣, DVD, 套装",洪恩,1,"dvd, 套装",2,0-17722-17809-17823:玩具、图书音像-音像教育-幼儿与学前启蒙,洪恩,302625
洪恩幼儿数学（朗读者）,"洪恩, 幼儿, 数学, （, 朗, 读者, ）",洪恩,1,"幼儿, 数学",2,0-17722-17809-17823:玩具、图书音像-音像教育-幼儿与学前启蒙,洪恩,302534
洪恩幼儿识字（朗读者）,"洪恩, 幼儿, 识字, （, 朗, 读者, ）",洪恩,1,幼儿,1,0-17722-17809-17823:玩具、图书音像-音像教育-幼儿与学前启蒙,洪恩,302523
洪恩成长系列挂图学前必备（朗读者）,"洪恩, 成长, 系列, 挂图, 学前, 必备, （, 朗, 读者, ）",洪恩,1,,0,0-17722-17809-17823:玩具、图书音像-音像教育-幼儿与学前启蒙,洪恩,302498
洪恩成长系列挂图幼儿认知（朗读者）,"洪恩, 成长, 系列, 挂图, 幼儿, 认知, （, 朗, 读者, ）",洪恩,1,"幼儿, 认知",2,0-17722-17809-17823:玩具、图书音像-音像教育-幼儿与学前启蒙,洪恩,302589
洪恩我的第一本（朗读者）,"洪恩, 我的, 第, 一本, （, 朗, 读者, ）",洪恩,1,,0,0-17722-17809-17823:玩具、图书音像-音像教育-幼儿与学前启蒙,洪恩,302567
洪恩朗读者,"洪恩, 朗, 读者",洪恩,1,,0,0-17722-17809-17823:玩具、图书音像-音像教育-幼儿与学前启蒙,洪恩,302465
洪恩朗读者-幼儿英语数学组合套装网络特供版(1笔+12书+12VCD+6张DVD+1卡+充电器+说明书),"洪恩, 朗, 读者, -, 幼儿, 英语, 数学, 组合套装, 网络, 特供, 版, (, 1, 笔, +12, 书, +12VCD+6, 张, DVD+1, 卡, +, 充电器, +, 说明书, )",洪恩,1,"幼儿, 数学, 组合套装, 网络",4,0-17722-17809-17823:玩具、图书音像-音像教育-幼儿与学前启蒙,洪恩,9572025
洪恩朗读者大套装,"洪恩, 朗, 读者, 大, 套装",洪恩,1,套装,1,0-17722-17809-17823:玩具、图书音像-音像教育-幼儿与学前启蒙,洪恩,302454
洪恩经典拼图儿歌,"洪恩, 经典, 拼图, 儿歌",洪恩,1,拼图,1,0-17722-17809-17823:玩具、图书音像-音像教育-幼儿与学前启蒙,洪恩,302794
迪士尼 经典拼图儿歌书 可爱维尼（赠品）,"迪士尼, 经典, 拼图, 儿歌, 书, 可爱, 维, 尼, （, 赠品, ）",迪士尼,1,拼图,1,0-17722-17809-17823:玩具、图书音像-音像教育-幼儿与学前启蒙,迪士尼,9999308
迪士尼 经典拼图儿歌书 梦幻公主（赠品）,"迪士尼, 经典, 拼图, 儿歌, 书, 梦幻, 公主, （, 赠品, ）",迪士尼,1,拼图,1,0-17722-17809-17823:玩具、图书音像-音像教育-幼儿与学前启蒙,迪士尼,9999284
迪士尼 经典拼图儿歌书 调皮米奇（赠品）,"迪士尼, 经典, 拼图, 儿歌, 书, 调皮, 米奇, （, 赠品, ）",迪士尼,1,拼图,1,0-17722-17809-17823:玩具、图书音像-音像教育-幼儿与学前启蒙,迪士尼,9999295
5+3宝贝成长计划系列 米奇欢乐嘉年华,"5+3, 宝贝, 成长, 计划, 系列, 米奇, 欢乐, 嘉年华",宝贝,1,,0,0-17722-17809-18062:玩具、图书音像-音像教育-卡通动画,天艺音像,10142899
5+3宝贝成长计划系列 老鼠抓猫三十六计,"5+3, 宝贝, 成长, 计划, 系列, 老鼠, 抓, 猫, 三十六计",宝贝,1,,0,0-17722-17809-18062:玩具、图书音像-音像教育-卡通动画,天艺音像,10142888
喜羊羊与灰太狼 1-150集,"喜羊羊与灰太狼, 1-150, 集",喜羊羊与灰太狼,1,,0,0-17722-17809-18062:玩具、图书音像-音像教育-卡通动画,天艺音像,10142662
喜羊羊与灰太狼 151-300集,"喜羊羊与灰太狼, 151-300, 集",喜羊羊与灰太狼,1,,0,0-17722-17809-18062:玩具、图书音像-音像教育-卡通动画,天艺音像,10142673
喜羊羊与灰太狼 最新篇第453-464集 智慧宝系列,"喜羊羊与灰太狼, 最新, 篇, 第, 453-464, 集, 智慧, 宝, 系列",喜羊羊与灰太狼,1,,0,0-17722-17809-18062:玩具、图书音像-音像教育-卡通动画,天艺音像,10144339
喜羊羊与灰太狼大电影之虎虎生威,"喜羊羊与灰太狼, 大, 电影, 之, 虎虎, 生威",喜羊羊与灰太狼,1,电影,1,0-17722-17809-18062:玩具、图书音像-音像教育-卡通动画,天艺音像,10142117
嘉年华系列 聪明的阿凡提,"嘉年华, 系列, 聪, 明的, 阿凡提",嘉年华,1,,0,0-17722-17809-18062:玩具、图书音像-音像教育-卡通动画,天艺音像,10144920
圣石奇兵 全集珍藏版,"圣, 石, 奇兵, 全集, 珍藏版",,0,石,1,0-17722-17809-18062:玩具、图书音像-音像教育-卡通动画,天艺音像,10144704
天线宝宝 5碟礼品装3,"天线宝宝, 5, 碟, 礼品, 装, 3",天线宝宝,1,"碟, 礼品",2,0-17722-17809-18062:玩具、图书音像-音像教育-卡通动画,天艺音像,10143596
天线宝宝 9碟礼品装三,"天线宝宝, 9, 碟, 礼品, 装, 三",天线宝宝,1,"碟, 礼品",2,0-17722-17809-18062:玩具、图书音像-音像教育-卡通动画,天艺音像,10143938
天线宝宝 9碟礼品装五,"天线宝宝, 9, 碟, 礼品, 装, 五",天线宝宝,1,"碟, 礼品",2,0-17722-17809-18062:玩具、图书音像-音像教育-卡通动画,天艺音像,10143950
天线宝宝 9碟礼品装四,"天线宝宝, 9, 碟, 礼品, 装, 四",天线宝宝,1,"碟, 礼品",2,0-17722-17809-18062:玩具、图书音像-音像教育-卡通动画,天艺音像,10143949
天线宝宝 玩出创造性 手提盒装,"天线宝宝, 玩出, 创造性, 手提, 盒装",天线宝宝,1,,0,0-17722-17809-18062:玩具、图书音像-音像教育-卡通动画,天艺音像,10143881
天线宝宝第三季 6碟礼品装,"天线宝宝, 第, 三季, 6, 碟, 礼品, 装",天线宝宝,1,"碟, 礼品",2,0-17722-17809-18062:玩具、图书音像-音像教育-卡通动画,天艺音像,10143972
天线宝宝第四季 告诉我们你的故事,"天线宝宝, 第, 四季, 告诉, 我们, 你的, 故事",天线宝宝,1,,0,0-17722-17809-18062:玩具、图书音像-音像教育-卡通动画,天艺音像,10143665
天线宝宝第四季 我爱吃冰欺凌,"天线宝宝, 第, 四季, 我, 爱吃, 冰, 欺凌",天线宝宝,1,,0,0-17722-17809-18062:玩具、图书音像-音像教育-卡通动画,天艺音像,10143756
天线宝宝第四季 我爱爸爸,"天线宝宝, 第, 四季, 我爱, 爸爸",天线宝宝,1,,0,0-17722-17809-18062:玩具、图书音像-音像教育-卡通动画,天艺音像,10143745
天线宝宝第四季 淘气的云,"天线宝宝, 第, 四季, 淘气, 的, 云",天线宝宝,1,,0,0-17722-17809-18062:玩具、图书音像-音像教育-卡通动画,天艺音像,10143734
天线宝宝第四季 淘气的奶牛,"天线宝宝, 第, 四季, 淘气, 的, 奶牛",天线宝宝,1,,0,0-17722-17809-18062:玩具、图书音像-音像教育-卡通动画,天艺音像,10143723
天线宝宝第四季 礼品装10VCD,"天线宝宝, 第, 四季, 礼品, 装, 10, VCD",天线宝宝,1,"礼品, vcd",2,0-17722-17809-18062:玩具、图书音像-音像教育-卡通动画,天艺音像,10143803
天线宝宝第四季 颜色 黄色和棕色,"天线宝宝, 第, 四季, 颜色, 黄色, 和, 棕色",天线宝宝,1,颜色,1,0-17722-17809-18062:玩具、图书音像-音像教育-卡通动画,天艺音像,10143778
智慧宝系列 猫和老鼠,"智慧, 宝, 系列, 猫和老鼠",猫和老鼠,1,,0,0-17722-17809-18062:玩具、图书音像-音像教育-卡通动画,天艺音像,10144419
智慧宝系列 米老鼠和唐老鸭,"智慧, 宝, 系列, 米老鼠, 和, 唐老鸭",米老鼠,1,,0,0-17722-17809-18062:玩具、图书音像-音像教育-卡通动画,天艺音像,10144420
百年迪士尼1 跳跳虎2HDVD系列,"百年, 迪士尼, 1, 跳跳, 虎, 2HDVD, 系列",迪士尼,1,,0,0-17722-17809-18062:玩具、图书音像-音像教育-卡通动画,天艺音像,10142253
羊羊快乐的一年 1-40集,"羊, 羊, 快, 乐的, 一年, 1-40, 集",,0,,0,0-17722-17809-18062:玩具、图书音像-音像教育-卡通动画,天艺音像,10145138
越听越聪明 权威版,"越, 听, 越, 聪明, 权威, 版",,0,,0,0-17722-17809-18062:玩具、图书音像-音像教育-卡通动画,天艺音像,10143983
跳跳虎2HDVD系列 猫和老鼠1,"跳跳, 虎, 2HDVD, 系列, 猫和老鼠, 1",虎,1,,0,0-17722-17809-18062:玩具、图书音像-音像教育-卡通动画,天艺音像,10142297
铠甲勇士 1-26集,"铠甲勇士, 1-26, 集",,0,铠甲勇士,1,0-17722-17809-18062:玩具、图书音像-音像教育-卡通动画,天艺音像,10141807
铠甲勇士52集完整珍藏版,"铠甲勇士, 52, 集, 完整, 珍藏版",,0,铠甲勇士,1,0-17722-17809-18062:玩具、图书音像-音像教育-卡通动画,天艺音像,10141910
