"ProductCode","ProductName","BrandName","CategoryName","NameSubtitle","BrandWords","SplitedWords","CategoryWords"
"10839324","《365夜睡前故事》","华夏出版社","0-17722-17808-17810:玩具、图书音像-图书-幼儿启蒙",,,,
"10835571","中华儿童国学启蒙经典","华夏出版社","0-17722-17808-17810:玩具、图书音像-图书-幼儿启蒙",,,,
"10835593","中国儿童成长必读故事全集","华夏出版社","0-17722-17808-17810:玩具、图书音像-图书-幼儿启蒙",,,,
"10835844","小故事中的大道理","华夏出版社","0-17722-17808-17810:玩具、图书音像-图书-幼儿启蒙",,,,
"10835582","经典中华成语故事","华夏出版社","0-17722-17808-17810:玩具、图书音像-图书-幼儿启蒙",,,,
"10835560","让孩子越玩越聪明的600个经典游戏","华夏出版社","0-17722-17808-17810:玩具、图书音像-图书-幼儿启蒙",,,,
"10149641","小企鹅 IQ百变拼图 共6册","小企鹅","0-17722-17808-17810:玩具、图书音像-图书-幼儿启蒙",,,,
"10149925","小企鹅 万宝丛书 共6册","小企鹅","0-17722-17808-17810:玩具、图书音像-图书-幼儿启蒙",,,,
"9777837","小企鹅 万宝丛书系列套装 共6册","小企鹅","0-17722-17808-17810:玩具、图书音像-图书-幼儿启蒙",,,,
"9777882","小企鹅 万宝丛书－剪纸（长）","小企鹅","0-17722-17808-17810:玩具、图书音像-图书-幼儿启蒙",,,,
"9777859","小企鹅 万宝丛书－幼儿认物（长）","小企鹅","0-17722-17808-17810:玩具、图书音像-图书-幼儿启蒙",,,,
"9777848","小企鹅 万宝丛书－幼儿诵读（长）","小企鹅","0-17722-17808-17810:玩具、图书音像-图书-幼儿启蒙",,,,
"9838226","小企鹅 万宝丛书－折纸（长）","小企鹅","0-17722-17808-17810:玩具、图书音像-图书-幼儿启蒙",,,,
"9777860","小企鹅 万宝丛书－橡皮泥（长）","小企鹅","0-17722-17808-17810:玩具、图书音像-图书-幼儿启蒙",,,,
"9777871","小企鹅 万宝丛书－简笔画（长）","小企鹅","0-17722-17808-17810:玩具、图书音像-图书-幼儿启蒙",,,,
"10149776","小企鹅 儿童启蒙必备丛书","小企鹅","0-17722-17808-17810:玩具、图书音像-图书-幼儿启蒙",,,,
"9780272","小企鹅 儿童启蒙必备丛书 共6册","小企鹅","0-17722-17808-17810:玩具、图书音像-图书-幼儿启蒙",,,,
"9955628","小企鹅 儿童启蒙必备丛书（共十二册）","小企鹅","0-17722-17808-17810:玩具、图书音像-图书-幼儿启蒙",,,,
"10149765","小企鹅 儿童启蒙必备丛书（平装） 共6册","小企鹅","0-17722-17808-17810:玩具、图书音像-图书-幼儿启蒙",,,,
"9780363","小企鹅 儿童启蒙必备丛书－三字经、百家姓、弟子规","小企鹅","0-17722-17808-17810:玩具、图书音像-图书-幼儿启蒙",,,,
"9780307","小企鹅 儿童启蒙必备丛书－三字经、百家姓、弟子规（平装）","小企鹅","0-17722-17808-17810:玩具、图书音像-图书-幼儿启蒙",,,,
"9780374","小企鹅 儿童启蒙必备丛书－儿歌、绕口令、谜语","小企鹅","0-17722-17808-17810:玩具、图书音像-图书-幼儿启蒙",,,,
"9780318","小企鹅 儿童启蒙必备丛书－儿歌、绕口令、谜语（平装）","小企鹅","0-17722-17808-17810:玩具、图书音像-图书-幼儿启蒙",,,,
"9780341","小企鹅 儿童启蒙必备丛书－唐诗","小企鹅","0-17722-17808-17810:玩具、图书音像-图书-幼儿启蒙",,,,
"9780283","小企鹅 儿童启蒙必备丛书－唐诗（平装）","小企鹅","0-17722-17808-17810:玩具、图书音像-图书-幼儿启蒙",,,,
"9780330","小企鹅 儿童启蒙必备丛书－寓言","小企鹅","0-17722-17808-17810:玩具、图书音像-图书-幼儿启蒙",,,,
"9841218","小企鹅 儿童启蒙必备丛书－寓言（平装）","小企鹅","0-17722-17808-17810:玩具、图书音像-图书-幼儿启蒙",,,,
"9780385","小企鹅 儿童启蒙必备丛书－成语","小企鹅","0-17722-17808-17810:玩具、图书音像-图书-幼儿启蒙",,,,
"9780329","小企鹅 儿童启蒙必备丛书－成语（平装）","小企鹅","0-17722-17808-17810:玩具、图书音像-图书-幼儿启蒙",,,,
"9780352","小企鹅 儿童启蒙必备丛书－识字","小企鹅","0-17722-17808-17810:玩具、图书音像-图书-幼儿启蒙",,,,
"9780294","小企鹅 儿童启蒙必备丛书－识字（平装）","小企鹅","0-17722-17808-17810:玩具、图书音像-图书-幼儿启蒙",,,,
"9779435","小企鹅 全能宝宝卡套装1-4册","小企鹅","0-17722-17808-17810:玩具、图书音像-图书-幼儿启蒙",,,,
"11107929","小企鹅 全能宝宝卡套装2 -4册","小企鹅","0-17722-17808-17810:玩具、图书音像-图书-幼儿启蒙",,,,
"9955560","小企鹅 全能宝宝卡（共八册）","小企鹅","0-17722-17808-17810:玩具、图书音像-图书-幼儿启蒙",,,,
"9779491","小企鹅 全能宝宝卡－拼音","小企鹅","0-17722-17808-17810:玩具、图书音像-图书-幼儿启蒙",,,,
"9779457","小企鹅 全能宝宝卡－数学","小企鹅","0-17722-17808-17810:玩具、图书音像-图书-幼儿启蒙",,,,
"9838113","小企鹅 全能宝宝卡－英语","小企鹅","0-17722-17808-17810:玩具、图书音像-图书-幼儿启蒙",,,,
"9779468","小企鹅 全能宝宝卡－视觉","小企鹅","0-17722-17808-17810:玩具、图书音像-图书-幼儿启蒙",,,,
"9779480","小企鹅 全能宝宝卡－认知","小企鹅","0-17722-17808-17810:玩具、图书音像-图书-幼儿启蒙",,,,
"9779479","小企鹅 全能宝宝卡－识字","小企鹅","0-17722-17808-17810:玩具、图书音像-图书-幼儿启蒙",,,,
"9779446","小企鹅 全能宝宝卡－诵读","小企鹅","0-17722-17808-17810:玩具、图书音像-图书-幼儿启蒙",,,,
"9779504","小企鹅 全能宝宝卡－逻辑（智力）","小企鹅","0-17722-17808-17810:玩具、图书音像-图书-幼儿启蒙",,,,
"10351470","小企鹅 双面识字卡","小企鹅","0-17722-17808-17810:玩具、图书音像-图书-幼儿启蒙",,,,
"10317938","小企鹅 双面识字卡―看图识字(上)(启蒙版)","小企鹅","0-17722-17808-17810:玩具、图书音像-图书-幼儿启蒙",,,,
"10317927","小企鹅 双面识字卡―看图识字(下)(拓展版)","小企鹅","0-17722-17808-17810:玩具、图书音像-图书-幼儿启蒙",,,,
"10317916","小企鹅 双面识字卡―识字(上)(早教版)","小企鹅","0-17722-17808-17810:玩具、图书音像-图书-幼儿启蒙",,,,
"10317905","小企鹅 双面识字卡―识字(下)(成长版)","小企鹅","0-17722-17808-17810:玩具、图书音像-图书-幼儿启蒙",,,,
"10149798","小企鹅 好宝宝轻松认","小企鹅","0-17722-17808-17810:玩具、图书音像-图书-幼儿启蒙",,,,
"9955617","小企鹅 好宝宝轻松认（共八册）","小企鹅","0-17722-17808-17810:玩具、图书音像-图书-幼儿启蒙",,,,
"9780169","小企鹅 好宝宝轻松认－交通工具","小企鹅","0-17722-17808-17810:玩具、图书音像-图书-幼儿启蒙",,,,
"9780170","小企鹅 好宝宝轻松认－儿歌","小企鹅","0-17722-17808-17810:玩具、图书音像-图书-幼儿启蒙",,,,
"9780181","小企鹅 好宝宝轻松认－动物","小企鹅","0-17722-17808-17810:玩具、图书音像-图书-幼儿启蒙",,,,
"9780158","小企鹅 好宝宝轻松认－拼音","小企鹅","0-17722-17808-17810:玩具、图书音像-图书-幼儿启蒙",,,,
"9780136","小企鹅 好宝宝轻松认－数学","小企鹅","0-17722-17808-17810:玩具、图书音像-图书-幼儿启蒙",,,,
"9780125","小企鹅 好宝宝轻松认－水果蔬菜","小企鹅","0-17722-17808-17810:玩具、图书音像-图书-幼儿启蒙",,,,
"9780147","小企鹅 好宝宝轻松认－认物品","小企鹅","0-17722-17808-17810:玩具、图书音像-图书-幼儿启蒙",,,,
"9838340","小企鹅 好宝宝轻松认－颜色形状","小企鹅","0-17722-17808-17810:玩具、图书音像-图书-幼儿启蒙",,,,
"9777100","小企鹅 婴儿智力大卡系列套装 共4册","小企鹅","0-17722-17808-17810:玩具、图书音像-图书-幼儿启蒙",,,,
"11107872","小企鹅 婴儿智力大卡系列套装2 -4册","小企鹅","0-17722-17808-17810:玩具、图书音像-图书-幼儿启蒙",,,,
"10150002","小企鹅 婴幼儿智力大卡 共8册","小企鹅","0-17722-17808-17810:玩具、图书音像-图书-幼儿启蒙",,,,
"9952765","小企鹅 婴幼儿智力大卡（共八册）","小企鹅","0-17722-17808-17810:玩具、图书音像-图书-幼儿启蒙",,,,
"9777166","小企鹅 婴幼儿智力大卡－B儿歌","小企鹅","0-17722-17808-17810:玩具、图书音像-图书-幼儿启蒙",,,,
"9777133","小企鹅 婴幼儿智力大卡－D动物","小企鹅","0-17722-17808-17810:玩具、图书音像-图书-幼儿启蒙",,,,
"9777177","小企鹅 婴幼儿智力大卡－a唐诗","小企鹅","0-17722-17808-17810:玩具、图书音像-图书-幼儿启蒙",,,,
"9777155","小企鹅 婴幼儿智力大卡－b水果蔬菜","小企鹅","0-17722-17808-17810:玩具、图书音像-图书-幼儿启蒙",,,,
"9777144","小企鹅 婴幼儿智力大卡－c交通工具","小企鹅","0-17722-17808-17810:玩具、图书音像-图书-幼儿启蒙",,,,
"9777122","小企鹅 婴幼儿智力大卡－g数学","小企鹅","0-17722-17808-17810:玩具、图书音像-图书-幼儿启蒙",,,,
"9838271","小企鹅 婴幼儿智力大卡－日常用品","小企鹅","0-17722-17808-17810:玩具、图书音像-图书-幼儿启蒙",,,,
"9777111","小企鹅 婴幼儿智力大卡－颜色形状","小企鹅","0-17722-17808-17810:玩具、图书音像-图书-幼儿启蒙",,,,
"10149992","小企鹅 学习宝 共9册","小企鹅","0-17722-17808-17810:玩具、图书音像-图书-幼儿启蒙",,,,
"9777746","小企鹅 学习宝系列套装 1-5册","小企鹅","0-17722-17808-17810:玩具、图书音像-图书-幼儿启蒙",,,,
"11107883","小企鹅 学习宝系列套装2 -4册","小企鹅","0-17722-17808-17810:玩具、图书音像-图书-幼儿启蒙",,,,
"9777791","小企鹅 学习宝－交通工具","小企鹅","0-17722-17808-17810:玩具、图书音像-图书-幼儿启蒙",,,,
"9777815","小企鹅 学习宝－儿歌","小企鹅","0-17722-17808-17810:玩具、图书音像-图书-幼儿启蒙",,,,
"9777804","小企鹅 学习宝－加减法","小企鹅","0-17722-17808-17810:玩具、图书音像-图书-幼儿启蒙",,,,
"9777826","小企鹅 学习宝－动物","小企鹅","0-17722-17808-17810:玩具、图书音像-图书-幼儿启蒙",,,,
"9777780","小企鹅 学习宝－拼音","小企鹅","0-17722-17808-17810:玩具、图书音像-图书-幼儿启蒙",,,,
"9777768","小企鹅 学习宝－数学游戏","小企鹅","0-17722-17808-17810:玩具、图书音像-图书-幼儿启蒙",,,,
"9777779","小企鹅 学习宝－日常用品","小企鹅","0-17722-17808-17810:玩具、图书音像-图书-幼儿启蒙",,,,
"9777757","小企鹅 学习宝－水果蔬菜","小企鹅","0-17722-17808-17810:玩具、图书音像-图书-幼儿启蒙",,,,
"9838317","小企鹅 学习宝－颜色形状","小企鹅","0-17722-17808-17810:玩具、图书音像-图书-幼儿启蒙",,,,
"9955651","小企鹅 宝宝学画（共十册）","小企鹅","0-17722-17808-17810:玩具、图书音像-图书-幼儿启蒙",,,,
"10149709","小企鹅 宝宝学画－描画","小企鹅","0-17722-17808-17810:玩具、图书音像-图书-幼儿启蒙",,,,
"10149710","小企鹅 宝宝学画－涂色 共3册","小企鹅","0-17722-17808-17810:玩具、图书音像-图书-幼儿启蒙",,,,
"10149721","小企鹅 宝宝最爱大全系列 4册","小企鹅","0-17722-17808-17810:玩具、图书音像-图书-幼儿启蒙",,,,
"9841138","小企鹅 宝宝最爱大全系列－-学习大全","小企鹅","0-17722-17808-17810:玩具、图书音像-图书-幼儿启蒙",,,,
"9778545","小企鹅 宝宝最爱大全系列－-认知大全","小企鹅","0-17722-17808-17810:玩具、图书音像-图书-幼儿启蒙",,,,
"9778534","小企鹅 宝宝最爱大全系列－-识字大全","小企鹅","0-17722-17808-17810:玩具、图书音像-图书-幼儿启蒙",,,,
"9778523","小企鹅 宝宝最爱大全系列－-诵读大全","小企鹅","0-17722-17808-17810:玩具、图书音像-图书-幼儿启蒙",,,,
"10149674","小企鹅 宝宝爱画画","小企鹅","0-17722-17808-17810:玩具、图书音像-图书-幼儿启蒙",,,,
"10149947","小企鹅 小博士快乐学丛书 8册","小企鹅","0-17722-17808-17810:玩具、图书音像-图书-幼儿启蒙",,,,
"9778794","小企鹅 小博士快乐学丛书－儿歌","小企鹅","0-17722-17808-17810:玩具、图书音像-图书-幼儿启蒙",,,,
"9778750","小企鹅 小博士快乐学丛书－唐诗","小企鹅","0-17722-17808-17810:玩具、图书音像-图书-幼儿启蒙",,,,
"9841150","小企鹅 小博士快乐学丛书－寓言","小企鹅","0-17722-17808-17810:玩具、图书音像-图书-幼儿启蒙",,,,
"9778807","小企鹅 小博士快乐学丛书－成语","小企鹅","0-17722-17808-17810:玩具、图书音像-图书-幼儿启蒙",,,,
"9778761","小企鹅 小博士快乐学丛书－描红","小企鹅","0-17722-17808-17810:玩具、图书音像-图书-幼儿启蒙",,,,
"9778783","小企鹅 小博士快乐学丛书－故事","小企鹅","0-17722-17808-17810:玩具、图书音像-图书-幼儿启蒙",,,,
"9778749","小企鹅 小博士快乐学丛书－童话","小企鹅","0-17722-17808-17810:玩具、图书音像-图书-幼儿启蒙",,,,
"9778772","小企鹅 小博士快乐学丛书－蒙学","小企鹅","0-17722-17808-17810:玩具、图书音像-图书-幼儿启蒙",,,,
"10149981","小企鹅 小天才快乐学","小企鹅","0-17722-17808-17810:玩具、图书音像-图书-幼儿启蒙",,,,
"9777304","小企鹅 小天才快乐学－三字经","小企鹅","0-17722-17808-17810:玩具、图书音像-图书-幼儿启蒙",,,,
"9777337","小企鹅 小天才快乐学－儿歌","小企鹅","0-17722-17808-17810:玩具、图书音像-图书-幼儿启蒙",,,,
"9777326","小企鹅 小天才快乐学－古诗","小企鹅","0-17722-17808-17810:玩具、图书音像-图书-幼儿启蒙",,,,
"9777268","小企鹅 小天才快乐学－寓言","小企鹅","0-17722-17808-17810:玩具、图书音像-图书-幼儿启蒙",,,,
"9777348","小企鹅 小天才快乐学－成语","小企鹅","0-17722-17808-17810:玩具、图书音像-图书-幼儿启蒙",,,,
"9777315","小企鹅 小天才快乐学－拼音","小企鹅","0-17722-17808-17810:玩具、图书音像-图书-幼儿启蒙",,,,
"9777280","小企鹅 小天才快乐学－数学","小企鹅","0-17722-17808-17810:玩具、图书音像-图书-幼儿启蒙",,,,
"9841127","小企鹅 小天才快乐学－百家姓","小企鹅","0-17722-17808-17810:玩具、图书音像-图书-幼儿启蒙",,,,
"9777279","小企鹅 小天才快乐学－英文","小企鹅","0-17722-17808-17810:玩具、图书音像-图书-幼儿启蒙",,,,
"9777291","小企鹅 小天才快乐学－识字","小企鹅","0-17722-17808-17810:玩具、图书音像-图书-幼儿启蒙",,,,
"10149936","小企鹅 小宝贝启蒙必读","小企鹅","0-17722-17808-17810:玩具、图书音像-图书-幼儿启蒙",,,,
"9778909","小企鹅 小宝贝启蒙必读－婴幼儿童话书(太阳卷)","小企鹅","0-17722-17808-17810:玩具、图书音像-图书-幼儿启蒙",,,,
"9778896","小企鹅 小宝贝启蒙必读－婴幼儿童话书(星星卷)","小企鹅","0-17722-17808-17810:玩具、图书音像-图书-幼儿启蒙",,,,
"9838339","小企鹅 小宝贝启蒙必读－婴幼儿童话书(月亮卷)","小企鹅","0-17722-17808-17810:玩具、图书音像-图书-幼儿启蒙",,,,
"9778921","小企鹅 小宝贝启蒙必读－婴幼儿认物书","小企鹅","0-17722-17808-17810:玩具、图书音像-图书-幼儿启蒙",,,,
"9778910","小企鹅 小宝贝启蒙必读－婴幼儿认知书","小企鹅","0-17722-17808-17810:玩具、图书音像-图书-幼儿启蒙",,,,
"10149969","小企鹅 小手啪啪 共8册","小企鹅","0-17722-17808-17810:玩具、图书音像-图书-幼儿启蒙",,,,
"9777428","小企鹅 小手啪啪系列套装 共8册","小企鹅","0-17722-17808-17810:玩具、图书音像-图书-幼儿启蒙",,,,
"9777484","小企鹅 小手啪啪－吃饭","小企鹅","0-17722-17808-17810:玩具、图书音像-图书-幼儿启蒙",,,,
"9777451","小企鹅 小手啪啪－我会刷牙","小企鹅","0-17722-17808-17810:玩具、图书音像-图书-幼儿启蒙",,,,
"9777462","小企鹅 小手啪啪－我懂礼貌","小企鹅","0-17722-17808-17810:玩具、图书音像-图书-幼儿启蒙",,,,
"9777440","小企鹅 小手啪啪－我要游泳","小企鹅","0-17722-17808-17810:玩具、图书音像-图书-幼儿启蒙",,,,
"9777439","小企鹅 小手啪啪－洗手","小企鹅","0-17722-17808-17810:玩具、图书音像-图书-幼儿启蒙",,,,
"9777473","小企鹅 小手啪啪－蔬菜好好吃","小企鹅","0-17722-17808-17810:玩具、图书音像-图书-幼儿启蒙",,,,
"9777495","小企鹅 小手啪啪－车来了","小企鹅","0-17722-17808-17810:玩具、图书音像-图书-幼儿启蒙",,,,
"9838215","小企鹅 小手啪啪－遵守秩序","小企鹅","0-17722-17808-17810:玩具、图书音像-图书-幼儿启蒙",,,,
"9777360","小企鹅 小手贴贴系列套装 共6册","小企鹅","0-17722-17808-17810:玩具、图书音像-图书-幼儿启蒙",,,,
"10149958","小企鹅 小鲤鱼跳龙门","小企鹅","0-17722-17808-17810:玩具、图书音像-图书-幼儿启蒙",,,,
"9778658","小企鹅 小鲤鱼跳龙门 共8册","小企鹅","0-17722-17808-17810:玩具、图书音像-图书-幼儿启蒙",,,,
"9955344","小企鹅 小鲤鱼跳龙门（共八册）","小企鹅","0-17722-17808-17810:玩具、图书音像-图书-幼儿启蒙",,,,
"9778716","小企鹅 小鲤鱼跳龙门－A唐诗","小企鹅","0-17722-17808-17810:玩具、图书音像-图书-幼儿启蒙",,,,
"9778727","小企鹅 小鲤鱼跳龙门－A成语","小企鹅","0-17722-17808-17810:玩具、图书音像-图书-幼儿启蒙",,,,
"9778705","小企鹅 小鲤鱼跳龙门－B三字经","小企鹅","0-17722-17808-17810:玩具、图书音像-图书-幼儿启蒙",,,,
"9778692","小企鹅 小鲤鱼跳龙门－B寓言","小企鹅","0-17722-17808-17810:玩具、图书音像-图书-幼儿启蒙",,,,
"9778681","小企鹅 小鲤鱼跳龙门－C弟子规","小企鹅","0-17722-17808-17810:玩具、图书音像-图书-幼儿启蒙",,,,
"9778670","小企鹅 小鲤鱼跳龙门－C论语","小企鹅","0-17722-17808-17810:玩具、图书音像-图书-幼儿启蒙",,,,
"9841149","小企鹅 小鲤鱼跳龙门－D千字文","小企鹅","0-17722-17808-17810:玩具、图书音像-图书-幼儿启蒙",,,,
"9778669","小企鹅 小鲤鱼跳龙门－D百家姓","小企鹅","0-17722-17808-17810:玩具、图书音像-图书-幼儿启蒙",,,,
"10150024","小企鹅 掌中宝益智书 共8册","小企鹅","0-17722-17808-17810:玩具、图书音像-图书-幼儿启蒙",,,,
"9952754","小企鹅 掌中宝益智书（共八册）","小企鹅","0-17722-17808-17810:玩具、图书音像-图书-幼儿启蒙",,,,
"10702520","小企鹅 撕不烂认知宝(四册入)","小企鹅","0-17722-17808-17810:玩具、图书音像-图书-幼儿启蒙",,,,
"9779195","小企鹅 撕不烂认知宝系列套装1-4册","小企鹅","0-17722-17808-17810:玩具、图书音像-图书-幼儿启蒙",,,,
"11107907","小企鹅 撕不烂认知宝系列套装2 -4册","小企鹅","0-17722-17808-17810:玩具、图书音像-图书-幼儿启蒙",,,,
"9955537","小企鹅 撕不烂认知宝（共八册）","小企鹅","0-17722-17808-17810:玩具、图书音像-图书-幼儿启蒙",,,,
"9779242","小企鹅 撕不烂认知宝－交通工具","小企鹅","0-17722-17808-17810:玩具、图书音像-图书-幼儿启蒙",,,,
"9779264","小企鹅 撕不烂认知宝－动物","小企鹅","0-17722-17808-17810:玩具、图书音像-图书-幼儿启蒙",,,,
"9779253","小企鹅 撕不烂认知宝－基本概念","小企鹅","0-17722-17808-17810:玩具、图书音像-图书-幼儿启蒙",,,,
"9779231","小企鹅 撕不烂认知宝－拼音","小企鹅","0-17722-17808-17810:玩具、图书音像-图书-幼儿启蒙",,,,
"9779219","小企鹅 撕不烂认知宝－数字","小企鹅","0-17722-17808-17810:玩具、图书音像-图书-幼儿启蒙",,,,
"9779220","小企鹅 撕不烂认知宝－日常用品","小企鹅","0-17722-17808-17810:玩具、图书音像-图书-幼儿启蒙",,,,
"9779208","小企鹅 撕不烂认知宝－水果蔬菜","小企鹅","0-17722-17808-17810:玩具、图书音像-图书-幼儿启蒙",,,,
"9838248","小企鹅 撕不烂认知宝－英语","小企鹅","0-17722-17808-17810:玩具、图书音像-图书-幼儿启蒙",,,,
"10150035","小企鹅 智能口袋书 共6册","小企鹅","0-17722-17808-17810:玩具、图书音像-图书-幼儿启蒙",,,,
"9776845","小企鹅 智能口袋书－三字经","小企鹅","0-17722-17808-17810:玩具、图书音像-图书-幼儿启蒙",,,,
"9838328","小企鹅 智能口袋书－寓言","小企鹅","0-17722-17808-17810:玩具、图书音像-图书-幼儿启蒙",,,,
"9776867","小企鹅 智能口袋书－成语","小企鹅","0-17722-17808-17810:玩具、图书音像-图书-幼儿启蒙",,,,
"9776856","小企鹅 智能口袋书－拼音","小企鹅","0-17722-17808-17810:玩具、图书音像-图书-幼儿启蒙",,,,
"9776878","小企鹅 智能口袋书－百家姓","小企鹅","0-17722-17808-17810:玩具、图书音像-图书-幼儿启蒙",,,,
"9776834","小企鹅 智能口袋书－英文","小企鹅","0-17722-17808-17810:玩具、图书音像-图书-幼儿启蒙",,,,
"10149652","小企鹅 百变时装秀","小企鹅","0-17722-17808-17810:玩具、图书音像-图书-幼儿启蒙",,,,
"9780636","小企鹅 聪明宝宝套装 共8册","小企鹅","0-17722-17808-17810:玩具、图书音像-图书-幼儿启蒙",,,,
"10149754","小企鹅 聪明宝宝早早教","小企鹅","0-17722-17808-17810:玩具、图书音像-图书-幼儿启蒙",,,,
"9780692","小企鹅 聪明宝宝早早教－B儿歌","小企鹅","0-17722-17808-17810:玩具、图书音像-图书-幼儿启蒙",,,,
"9780670","小企鹅 聪明宝宝早早教－D动物","小企鹅","0-17722-17808-17810:玩具、图书音像-图书-幼儿启蒙",,,,
"9780658","小企鹅 聪明宝宝早早教－F日常用品","小企鹅","0-17722-17808-17810:玩具、图书音像-图书-幼儿启蒙",,,,
"9838168","小企鹅 聪明宝宝早早教－H色彩形状","小企鹅","0-17722-17808-17810:玩具、图书音像-图书-幼儿启蒙",,,,
"9780705","小企鹅 聪明宝宝早早教－a唐诗","小企鹅","0-17722-17808-17810:玩具、图书音像-图书-幼儿启蒙",,,,
"9780681","小企鹅 聪明宝宝早早教－c水果蔬菜","小企鹅","0-17722-17808-17810:玩具、图书音像-图书-幼儿启蒙",,,,
"9780669","小企鹅 聪明宝宝早早教－e交通工具","小企鹅","0-17722-17808-17810:玩具、图书音像-图书-幼儿启蒙",,,,
"9780647","小企鹅 聪明宝宝早早教－g数字游戏","小企鹅","0-17722-17808-17810:玩具、图书音像-图书-幼儿启蒙",,,,
"10149743","小企鹅 聪明宝宝益智书+卡 共4册","小企鹅","0-17722-17808-17810:玩具、图书音像-图书-幼儿启蒙",,,,
"9955719","小企鹅 聪明宝宝益智书（共四册）","小企鹅","0-17722-17808-17810:玩具、图书音像-图书-幼儿启蒙",,,,
"10149878","小企鹅 认世界 共10册","小企鹅","0-17722-17808-17810:玩具、图书音像-图书-幼儿启蒙",,,,
"9778034","小企鹅 认世界系列套装 共10册","小企鹅","0-17722-17808-17810:玩具、图书音像-图书-幼儿启蒙",,,,
"9778090","小企鹅 认世界－交通工具","小企鹅","0-17722-17808-17810:玩具、图书音像-图书-幼儿启蒙",,,,
"9778114","小企鹅 认世界－儿歌","小企鹅","0-17722-17808-17810:玩具、图书音像-图书-幼儿启蒙",,,,
"9778125","小企鹅 认世界－动物","小企鹅","0-17722-17808-17810:玩具、图书音像-图书-幼儿启蒙",,,,
"9778045","小企鹅 认世界－唐诗","小企鹅","0-17722-17808-17810:玩具、图书音像-图书-幼儿启蒙",,,,
"9778103","小企鹅 认世界－基本概念","小企鹅","0-17722-17808-17810:玩具、图书音像-图书-幼儿启蒙",,,,
"9778089","小企鹅 认世界－拼音","小企鹅","0-17722-17808-17810:玩具、图书音像-图书-幼儿启蒙",,,,
"9778067","小企鹅 认世界－数学游戏","小企鹅","0-17722-17808-17810:玩具、图书音像-图书-幼儿启蒙",,,,
"9778078","小企鹅 认世界－日常用品","小企鹅","0-17722-17808-17810:玩具、图书音像-图书-幼儿启蒙",,,,
"9778056","小企鹅 认世界－水果蔬菜","小企鹅","0-17722-17808-17810:玩具、图书音像-图书-幼儿启蒙",,,,
"9838306","小企鹅 认世界－英文","小企鹅","0-17722-17808-17810:玩具、图书音像-图书-幼儿启蒙",,,,
"9779333","小企鹅 让孩子受益一生的经典丛书 共10册","小企鹅","0-17722-17808-17810:玩具、图书音像-图书-幼儿启蒙",,,,
"9779366","小企鹅 让孩子受益一生的经典丛书－一千零一夜","小企鹅","0-17722-17808-17810:玩具、图书音像-图书-幼儿启蒙",,,,
"9841183","小企鹅 让孩子受益一生的经典丛书－中国经典童话","小企鹅","0-17722-17808-17810:玩具、图书音像-图书-幼儿启蒙",,,,
"9779355","小企鹅 让孩子受益一生的经典丛书－伊索寓言","小企鹅","0-17722-17808-17810:玩具、图书音像-图书-幼儿启蒙",,,,
"9779402","小企鹅 让孩子受益一生的经典丛书－儿歌","小企鹅","0-17722-17808-17810:玩具、图书音像-图书-幼儿启蒙",,,,
"9779377","小企鹅 让孩子受益一生的经典丛书－唐诗","小企鹅","0-17722-17808-17810:玩具、图书音像-图书-幼儿启蒙",,,,
"9779424","小企鹅 让孩子受益一生的经典丛书－安徒生童话","小企鹅","0-17722-17808-17810:玩具、图书音像-图书-幼儿启蒙",,,,
"9779399","小企鹅 让孩子受益一生的经典丛书－感动好故事","小企鹅","0-17722-17808-17810:玩具、图书音像-图书-幼儿启蒙",,,,
"9779413","小企鹅 让孩子受益一生的经典丛书－成语故事","小企鹅","0-17722-17808-17810:玩具、图书音像-图书-幼儿启蒙",,,,
"9779344","小企鹅 让孩子受益一生的经典丛书－智慧好故事","小企鹅","0-17722-17808-17810:玩具、图书音像-图书-幼儿启蒙",,,,
"9779388","小企鹅 让孩子受益一生的经典丛书－格林童话","小企鹅","0-17722-17808-17810:玩具、图书音像-图书-幼儿启蒙",,,,
"10149801","小企鹅 金牌宝宝学前必备 10册","小企鹅","0-17722-17808-17810:玩具、图书音像-图书-幼儿启蒙",,,,
"9780103","小企鹅 金牌宝宝学前必备 共10册","小企鹅","0-17722-17808-17810:玩具、图书音像-图书-幼儿启蒙",,,,
"9955606","小企鹅 金牌宝宝学前必备（共十册）","小企鹅","0-17722-17808-17810:玩具、图书音像-图书-幼儿启蒙",,,,
"10149823","小企鹅 魔力红卡 共8册","小企鹅","0-17722-17808-17810:玩具、图书音像-图书-幼儿启蒙",,,,
"9779571","小企鹅 魔力红卡套装 共8册","小企鹅","0-17722-17808-17810:玩具、图书音像-图书-幼儿启蒙",,,,
"9779640","小企鹅 魔力红卡－儿歌（新）","小企鹅","0-17722-17808-17810:玩具、图书音像-图书-幼儿启蒙",,,,
"9779606","小企鹅 魔力红卡－减法（新）","小企鹅","0-17722-17808-17810:玩具、图书音像-图书-幼儿启蒙",,,,
"9779617","小企鹅 魔力红卡－加减法（新）","小企鹅","0-17722-17808-17810:玩具、图书音像-图书-幼儿启蒙",,,,
"9779628","小企鹅 魔力红卡－加法（新）","小企鹅","0-17722-17808-17810:玩具、图书音像-图书-幼儿启蒙",,,,
"9779639","小企鹅 魔力红卡－古诗（新）","小企鹅","0-17722-17808-17810:玩具、图书音像-图书-幼儿启蒙",,,,
"9779582","小企鹅 魔力红卡－绕口令（新）","小企鹅","0-17722-17808-17810:玩具、图书音像-图书-幼儿启蒙",,,,
"9838124","小企鹅 魔力红卡－识字（新）","小企鹅","0-17722-17808-17810:玩具、图书音像-图书-幼儿启蒙",,,,
"9779593","小企鹅 魔力红卡－谜语（新）","小企鹅","0-17722-17808-17810:玩具、图书音像-图书-幼儿启蒙",,,,
"9778294","小企鹅 魔术学习卡套装 共8册","小企鹅","0-17722-17808-17810:玩具、图书音像-图书-幼儿启蒙",,,,
"9778352","小企鹅 魔术学习卡－交通工具（新）","小企鹅","0-17722-17808-17810:玩具、图书音像-图书-幼儿启蒙",,,,
"9778363","小企鹅 魔术学习卡－动物（新）","小企鹅","0-17722-17808-17810:玩具、图书音像-图书-幼儿启蒙",,,,
"9778307","小企鹅 魔术学习卡－形状+对比（新）","小企鹅","0-17722-17808-17810:玩具、图书音像-图书-幼儿启蒙",,,,
"9778341","小企鹅 魔术学习卡－拼音（新）","小企鹅","0-17722-17808-17810:玩具、图书音像-图书-幼儿启蒙",,,,
"9778329","小企鹅 魔术学习卡－数学（新）","小企鹅","0-17722-17808-17810:玩具、图书音像-图书-幼儿启蒙",,,,
"9778330","小企鹅 魔术学习卡－日常用品（新）","小企鹅","0-17722-17808-17810:玩具、图书音像-图书-幼儿启蒙",,,,
"9778318","小企鹅 魔术学习卡－水果蔬菜（新）","小企鹅","0-17722-17808-17810:玩具、图书音像-图书-幼儿启蒙",,,,
"10149083","乐乐趣猜猜看系列 共4册","荣信文化","0-17722-17808-17810:玩具、图书音像-图书-幼儿启蒙",,,,
"213274","乐乐趣猜猜看系列-这是一只老鼠吗?","荣信文化","0-17722-17808-17810:玩具、图书音像-图书-幼儿启蒙",,,,
"10149050","各种各样系列 共6册","荣信文化","0-17722-17808-17810:玩具、图书音像-图书-幼儿启蒙",,,,
"213478","宝宝认知形孔书-交通工具","荣信文化","0-17722-17808-17810:玩具、图书音像-图书-幼儿启蒙",,,,
"213456","宝宝认知形孔书-体育用品","荣信文化","0-17722-17808-17810:玩具、图书音像-图书-幼儿启蒙",,,,
"213445","宝宝认知形孔书-果蔬","荣信文化","0-17722-17808-17810:玩具、图书音像-图书-幼儿启蒙",,,,
"213434","宝宝认知形孔书-花卉","荣信文化","0-17722-17808-17810:玩具、图书音像-图书-幼儿启蒙",,,,
"403305","宝宝认知纸板书-交通工具","荣信文化","0-17722-17808-17810:玩具、图书音像-图书-幼儿启蒙",,,,
"403316","宝宝认知纸板书-农场里的朋友","荣信文化","0-17722-17808-17810:玩具、图书音像-图书-幼儿启蒙",,,,
"403338","宝宝认知纸板书-动物","荣信文化","0-17722-17808-17810:玩具、图书音像-图书-幼儿启蒙",,,,
"403292","宝宝认知纸板书-海洋","荣信文化","0-17722-17808-17810:玩具、图书音像-图书-幼儿启蒙",,,,
"403281","宝宝认知纸板书-玩具","荣信文化","0-17722-17808-17810:玩具、图书音像-图书-幼儿启蒙",,,,
"403327","宝宝认知纸板书-词语","荣信文化","0-17722-17808-17810:玩具、图书音像-图书-幼儿启蒙",,,,
"403349","宝宝认知纸板书-颜色","荣信文化","0-17722-17808-17810:玩具、图书音像-图书-幼儿启蒙",,,,
"403270","宝宝认知纸板书-餐桌","荣信文化","0-17722-17808-17810:玩具、图书音像-图书-幼儿启蒙",,,,
"403350","幼儿启蒙知识库(共12册)","荣信文化","0-17722-17808-17810:玩具、图书音像-图书-幼儿启蒙",,,,
"9528147","幼儿启蒙知识库认知贴纸书(八册)","荣信文化","0-17722-17808-17810:玩具、图书音像-图书-幼儿启蒙",,,,
"9528114","快乐认知贴纸书(四册)","荣信文化","0-17722-17808-17810:玩具、图书音像-图书-幼儿启蒙",,,,
"10149061","惊喜连连翻系列","荣信文化","0-17722-17808-17810:玩具、图书音像-图书-幼儿启蒙",,,,
"360156","我的第一次经历-去上学","荣信文化","0-17722-17808-17810:玩具、图书音像-图书-幼儿启蒙",,,,
"360167","我的第一次经历-去医院","荣信文化","0-17722-17808-17810:玩具、图书音像-图书-幼儿启蒙",,,,
"360203","我的第一次经历-坐飞机","荣信文化","0-17722-17808-17810:玩具、图书音像-图书-幼儿启蒙",,,,
"360189","我的第一次经历-我有一个小妹妹","荣信文化","0-17722-17808-17810:玩具、图书音像-图书-幼儿启蒙",,,,
"360190","我的第一次经历-搬家","荣信文化","0-17722-17808-17810:玩具、图书音像-图书-幼儿启蒙",,,,
"360178","我的第一次经历-看牙医","荣信文化","0-17722-17808-17810:玩具、图书音像-图书-幼儿启蒙",,,,
"213332","摇摆的虫子（四册）","荣信文化","0-17722-17808-17810:玩具、图书音像-图书-幼儿启蒙",,,,
"213285","爱丽丝梦幻奇境","荣信文化","0-17722-17808-17810:玩具、图书音像-图书-幼儿启蒙",,,,
"213321","环球旅行","荣信文化","0-17722-17808-17810:玩具、图书音像-图书-幼儿启蒙",,,,
"10149094","聪明宝宝创作坊","荣信文化","0-17722-17808-17810:玩具、图书音像-图书-幼儿启蒙",,,,
"213387","聪明宝宝创作坊-涂鸦书1","荣信文化","0-17722-17808-17810:玩具、图书音像-图书-幼儿启蒙",,,,
"213398","聪明宝宝创作坊-涂鸦书2","荣信文化","0-17722-17808-17810:玩具、图书音像-图书-幼儿启蒙",,,,
"213401","聪明宝宝创作坊-涂鸦书3","荣信文化","0-17722-17808-17810:玩具、图书音像-图书-幼儿启蒙",,,,
"213412","聪明宝宝创作坊-涂鸦书4","荣信文化","0-17722-17808-17810:玩具、图书音像-图书-幼儿启蒙",,,,
"213343","聪明宝宝创作坊-贴纸书1","荣信文化","0-17722-17808-17810:玩具、图书音像-图书-幼儿启蒙",,,,
"213354","聪明宝宝创作坊-贴纸书2","荣信文化","0-17722-17808-17810:玩具、图书音像-图书-幼儿启蒙",,,,
"213365","聪明宝宝创作坊-贴纸书3","荣信文化","0-17722-17808-17810:玩具、图书音像-图书-幼儿启蒙",,,,
"213376","聪明宝宝创作坊-贴纸书4","荣信文化","0-17722-17808-17810:玩具、图书音像-图书-幼儿启蒙",,,,
"213296","自信的鲁比鼠系列-音乐之星","荣信文化","0-17722-17808-17810:玩具、图书音像-图书-幼儿启蒙",,,,
"359911","认知滑板书系列-反义词","荣信文化","0-17722-17808-17810:玩具、图书音像-图书-幼儿启蒙",,,,
"359897","认知滑板书系列-颜色","荣信文化","0-17722-17808-17810:玩具、图书音像-图书-幼儿启蒙",,,,
"213605","问号里的动物系列-农场的动物","荣信文化","0-17722-17808-17810:玩具、图书音像-图书-幼儿启蒙",,,,
"213558","问号里的动物系列-动物的家","荣信文化","0-17722-17808-17810:玩具、图书音像-图书-幼儿启蒙",,,,
"213581","问号里的动物系列-卵生的动物","荣信文化","0-17722-17808-17810:玩具、图书音像-图书-幼儿启蒙",,,,
"213536","问号里的动物系列-四季的动物","荣信文化","0-17722-17808-17810:玩具、图书音像-图书-幼儿启蒙",,,,
"213514","问号里的动物系列-夜间的动物","荣信文化","0-17722-17808-17810:玩具、图书音像-图书-幼儿启蒙",,,,
"213569","问号里的动物系列-大海里的动物","荣信文化","0-17722-17808-17810:玩具、图书音像-图书-幼儿启蒙",,,,
"213547","问号里的动物系列-寒带的动物","荣信文化","0-17722-17808-17810:玩具、图书音像-图书-幼儿启蒙",,,,
"213592","问号里的动物系列-山区的动物","荣信文化","0-17722-17808-17810:玩具、图书音像-图书-幼儿启蒙",,,,
"213570","问号里的动物系列-河域的动物","荣信文化","0-17722-17808-17810:玩具、图书音像-图书-幼儿启蒙",,,,
"213525","问号里的动物系列-野生的动物","荣信文化","0-17722-17808-17810:玩具、图书音像-图书-幼儿启蒙",,,,
"10351505","奇妙世界","","0-17722-17808-17810:玩具、图书音像-图书-幼儿启蒙",,,,
"10092247","孩子的好榜样（注音故事）―居里夫人","","0-17722-17808-17810:玩具、图书音像-图书-幼儿启蒙",,,,
"10092225","孩子的好榜样（注音故事）―比尔・盖茨","","0-17722-17808-17810:玩具、图书音像-图书-幼儿启蒙",,,,
"10092214","孩子的好榜样（注音故事）―爱因斯坦","","0-17722-17808-17810:玩具、图书音像-图书-幼儿启蒙",,,,
"10092203","孩子的好榜样（注音故事）―爱迪生","","0-17722-17808-17810:玩具、图书音像-图书-幼儿启蒙",,,,
"10092258","孩子的好榜样（注音故事）―牛顿","","0-17722-17808-17810:玩具、图书音像-图书-幼儿启蒙",,,,
"10092270","海宝国学堂―大中华成语1","","0-17722-17808-17810:玩具、图书音像-图书-幼儿启蒙",,,,
"10092281","海宝国学堂―大中华成语2","","0-17722-17808-17810:玩具、图书音像-图书-幼儿启蒙",,,,
"10092292","海宝国学堂―大中华成语3","","0-17722-17808-17810:玩具、图书音像-图书-幼儿启蒙",,,,
"10092305","海宝国学堂―大中华成语4","","0-17722-17808-17810:玩具、图书音像-图书-幼儿启蒙",,,,
"10092316","海宝国学堂―大中华成语5","","0-17722-17808-17810:玩具、图书音像-图书-幼儿启蒙",,,,
"10092327","海宝国学堂―大中华成语6","","0-17722-17808-17810:玩具、图书音像-图书-幼儿启蒙",,,,
"10351492","照片知识库","","0-17722-17808-17810:玩具、图书音像-图书-幼儿启蒙",,,,
"10351516","边学边玩游戏书","","0-17722-17808-17810:玩具、图书音像-图书-幼儿启蒙",,,,
"11197776","四大经典名著系列1-2本","华夏出版","0-17722-17808-17811:玩具、图书音像-图书-儿童文学",,,,
"11197787","四大经典名著系列2-2本","华夏出版","0-17722-17808-17811:玩具、图书音像-图书-儿童文学",,,,
"11197798","四大经典名著系列3-2本","华夏出版","0-17722-17808-17811:玩具、图书音像-图书-儿童文学",,,,
"10351403","最受孩子欢迎的经典故事","小企鹅","0-17722-17808-17811:玩具、图书音像-图书-儿童文学",,,,
"10317483","最受孩子欢迎的经典故事―勤奋故事","小企鹅","0-17722-17808-17811:玩具、图书音像-图书-儿童文学",,,,
"10317518","最受孩子欢迎的经典故事―启发故事","小企鹅","0-17722-17808-17811:玩具、图书音像-图书-儿童文学",,,,
"10317507","最受孩子欢迎的经典故事―哲理故事","小企鹅","0-17722-17808-17811:玩具、图书音像-图书-儿童文学",,,,
"10317494","最受孩子欢迎的经典故事―智谋故事","小企鹅","0-17722-17808-17811:玩具、图书音像-图书-儿童文学",,,,
"10317427","最受孩子欢迎的经典故事―榜样故事","小企鹅","0-17722-17808-17811:玩具、图书音像-图书-儿童文学",,,,
"10317472","最受孩子欢迎的经典故事―毅力故事","小企鹅","0-17722-17808-17811:玩具、图书音像-图书-儿童文学",,,,
"10317461","最受孩子欢迎的经典故事―温馨故事","小企鹅","0-17722-17808-17811:玩具、图书音像-图书-儿童文学",,,,
"10317450","最受孩子欢迎的经典故事―美德故事","小企鹅","0-17722-17808-17811:玩具、图书音像-图书-儿童文学",,,,
"10317438","最受孩子欢迎的经典故事―聪明故事","小企鹅","0-17722-17808-17811:玩具、图书音像-图书-儿童文学",,,,
"10317449","最受孩子欢迎的经典故事―道理故事","小企鹅","0-17722-17808-17811:玩具、图书音像-图书-儿童文学",,,,
"10835037","宝宝最爱听的365夜睡前故事/中国儿童成","汕头大学出版社","0-17722-17808-17811:玩具、图书音像-图书-儿童文学",,,,
"10835399","三只小猪/小马过河","江苏文艺出版社","0-17722-17808-17811:玩具、图书音像-图书-儿童文学",,,,
"10835491","三国演义","江苏文艺出版社","0-17722-17808-17811:玩具、图书音像-图书-儿童文学",,,,
"10835504","三字经","江苏文艺出版社","0-17722-17808-17811:玩具、图书音像-图书-儿童文学",,,,
"10835333","丑小鸭/勇敢的小刺猬","江苏文艺出版社","0-17722-17808-17811:玩具、图书音像-图书-儿童文学",,,,
"10835366","卖火柴的小女孩/狮子统帅","江苏文艺出版社","0-17722-17808-17811:玩具、图书音像-图书-儿童文学",,,,
"10835457","司马光砸缸/曹冲称象","江苏文艺出版社","0-17722-17808-17811:玩具、图书音像-图书-儿童文学",,,,
"10835446","哪吒闹海/八仙过海","江苏文艺出版社","0-17722-17808-17811:玩具、图书音像-图书-儿童文学",,,,
"10835515","唐诗","江苏文艺出版社","0-17722-17808-17811:玩具、图书音像-图书-儿童文学",,,,
"10835435","大闹天宫/宝莲灯","江苏文艺出版社","0-17722-17808-17811:玩具、图书音像-图书-儿童文学",,,,
"10835344","小红帽/小熊的冬天","江苏文艺出版社","0-17722-17808-17811:玩具、图书音像-图书-儿童文学",,,,
"10835480","水浒传","江苏文艺出版社","0-17722-17808-17811:玩具、图书音像-图书-儿童文学",,,,
"10835424","狼和七只小羊/嫦娥奔月","江苏文艺出版社","0-17722-17808-17811:玩具、图书音像-图书-儿童文学",,,,
"10835322","白雪公主/雪娃娃","江苏文艺出版社","0-17722-17808-17811:玩具、图书音像-图书-儿童文学",,,,
"10835413","皇帝的新装/狐狸帮老虎拔牙","江苏文艺出版社","0-17722-17808-17811:玩具、图书音像-图书-儿童文学",,,,
"10835402","美人鱼/猫头鹰当国王","江苏文艺出版社","0-17722-17808-17811:玩具、图书音像-图书-儿童文学",,,,
"10835377","美女与野兽/渔夫和金鱼","江苏文艺出版社","0-17722-17808-17811:玩具、图书音像-图书-儿童文学",,,,
"10835388","群鼠的会议/小白兔借尾巴","江苏文艺出版社","0-17722-17808-17811:玩具、图书音像-图书-儿童文学",,,,
"10835468","聪明的阿凡提/白蛇传","江苏文艺出版社","0-17722-17808-17811:玩具、图书音像-图书-儿童文学",,,,
"10835355","青蛙王子/小棕熊晒被子","江苏文艺出版社","0-17722-17808-17811:玩具、图书音像-图书-儿童文学",,,,
"217414","和平是什么","荣信文化","0-17722-17808-17811:玩具、图书音像-图书-儿童文学",,,,
"217390","大鸟和小鸟","荣信文化","0-17722-17808-17811:玩具、图书音像-图书-儿童文学",,,,
"217389","快乐动物系列(四册)","荣信文化","0-17722-17808-17811:玩具、图书音像-图书-儿童文学",,,,
"10149630","我的第一次经历 共6册","荣信文化","0-17722-17808-17811:玩具、图书音像-图书-儿童文学",,,,
"217403","拯救地球","荣信文化","0-17722-17808-17811:玩具、图书音像-图书-儿童文学",,,,
"217378","机器的奥秘系列-机器是怎样工作的","荣信文化","0-17722-17808-17811:玩具、图书音像-图书-儿童文学",,,,
"217356","梦幻来信系列-小芭蕾舞演员","荣信文化","0-17722-17808-17811:玩具、图书音像-图书-儿童文学",,,,
"217345","梦幻来信系列-美人鱼的手链","荣信文化","0-17722-17808-17811:玩具、图书音像-图书-儿童文学",,,,
"9782096","毛毛虫嘉年华","荣信文化","0-17722-17808-17811:玩具、图书音像-图书-儿童文学",,,,
"359853","爱打扮的斑马黛布拉","荣信文化","0-17722-17808-17811:玩具、图书音像-图书-儿童文学",,,,
"9528181","米歇尔一只倒霉的羊","荣信文化","0-17722-17808-17811:玩具、图书音像-图书-儿童文学",,,,
"9528192","迪士尼窗户书―小熊维尼与大风吹","荣信文化","0-17722-17808-17811:玩具、图书音像-图书-儿童文学",,,,
"9528205","迪士尼窗户书―迪士尼公主之梦幻时分","荣信文化","0-17722-17808-17811:玩具、图书音像-图书-儿童文学",,,,
"9528158","露露的成长故事(12册)","荣信文化","0-17722-17808-17811:玩具、图书音像-图书-儿童文学",,,,
"10189374","世界经典漫画名家赏析丛书","","0-17722-17808-17811:玩具、图书音像-图书-儿童文学",,,,
"10092690","世界经典漫画名家赏析丛书―伦格仑","","0-17722-17808-17811:玩具、图书音像-图书-儿童文学",,,,
"10092689","世界经典漫画名家赏析丛书―父与子","","0-17722-17808-17811:玩具、图书音像-图书-儿童文学",,,,
"10092770","中国古典文学名著―西游记(上下卷美绘版)","","0-17722-17808-17811:玩具、图书音像-图书-儿童文学",,,,
"10189385","中国当代儿童文学名家丛书","","0-17722-17808-17811:玩具、图书音像-图书-儿童文学",,,,
"10189409","中国童话名家名篇珍藏版―郑春华卷","","0-17722-17808-17811:玩具、图书音像-图书-儿童文学",,,,
"10092894","中国童话名家名篇珍藏版―郑春华卷―风铃小屋","","0-17722-17808-17811:玩具、图书音像-图书-儿童文学",,,,
"10092918","中国童话名家名篇珍藏版―郑春华卷―香喷喷的村庄","","0-17722-17808-17811:玩具、图书音像-图书-儿童文学",,,,
"10092907","中国童话名家名篇珍藏版―郑春华卷―香蕉床垫","","0-17722-17808-17811:玩具、图书音像-图书-儿童文学",,,,
"10092156","共和国儿童文学金奖文库―小巴掌童话","","0-17722-17808-17811:玩具、图书音像-图书-儿童文学",,,,
"10092009","共和国儿童文学金奖文库―故乡的芦苇","","0-17722-17808-17811:玩具、图书音像-图书-儿童文学",,,,
"10092076","共和国儿童文学金奖文库―没有不好玩的时候","","0-17722-17808-17811:玩具、图书音像-图书-儿童文学",,,,
"10092043","共和国儿童文学金奖文库―狼王梦","","0-17722-17808-17811:玩具、图书音像-图书-儿童文学",,,,
"10092065","共和国儿童文学金奖文库―盲孩子和他的影子","","0-17722-17808-17811:玩具、图书音像-图书-儿童文学",,,,
"10091982","共和国儿童文学金奖文库―第三军团","","0-17722-17808-17811:玩具、图书音像-图书-儿童文学",,,,
"10327363","动物童谣(四册)","","0-17722-17808-17811:玩具、图书音像-图书-儿童文学",,,,
"10189283","大头儿子升级版GOGOGO踢球去","","0-17722-17808-17811:玩具、图书音像-图书-儿童文学",,,,
"10149629","最能打动孩子心灵的世界经典童话","","0-17722-17808-17811:玩具、图书音像-图书-儿童文学",,,,
"10092929","最能打动孩子心灵的世界经典童话―吹牛大王历险记","","0-17722-17808-17811:玩具、图书音像-图书-儿童文学",,,,
"10093024","最能打动孩子心灵的世界经典童话―小熊温尼・菩","","0-17722-17808-17811:玩具、图书音像-图书-儿童文学",,,,
"10092941","最能打动孩子心灵的世界经典童话―木偶奇遇记","","0-17722-17808-17811:玩具、图书音像-图书-儿童文学",,,,
"10092974","最能打动孩子心灵的世界经典童话―瘸腿小王子","","0-17722-17808-17811:玩具、图书音像-图书-儿童文学",,,,
"10092963","最能打动孩子心灵的世界经典童话―青鸟","","0-17722-17808-17811:玩具、图书音像-图书-儿童文学",,,,
"10092952","最能打动孩子心灵的世界经典童话―骑鹅旅行记","","0-17722-17808-17811:玩具、图书音像-图书-儿童文学",,,,
"10189318","海宝国学堂","","0-17722-17808-17811:玩具、图书音像-图书-儿童文学",,,,
"10186853","猫武士","","0-17722-17808-17811:玩具、图书音像-图书-儿童文学",,,,
"10092612","猫武士―力挽狂澜","","0-17722-17808-17811:玩具、图书音像-图书-儿童文学",,,,
"10092601","猫武士―呼唤野性","","0-17722-17808-17811:玩具、图书音像-图书-儿童文学",,,,
"10092598","猫武士―寒冰烈火","","0-17722-17808-17811:玩具、图书音像-图书-儿童文学",,,,
"10092623","猫武士―险路惊魂","","0-17722-17808-17811:玩具、图书音像-图书-儿童文学",,,,
"10091915","福尔摩斯探案全集（4册精装）","","0-17722-17808-17811:玩具、图书音像-图书-儿童文学",,,,
"10092485","花袜子小乌鸦成长故事―全都会害怕（精装 低幼）","","0-17722-17808-17811:玩具、图书音像-图书-儿童文学",,,,
"10092430","花袜子小乌鸦成长故事―全都别吵了（精装 低幼）","","0-17722-17808-17811:玩具、图书音像-图书-儿童文学",,,,
"10092474","花袜子小乌鸦成长故事―全都很勇敢（精装 低幼）","","0-17722-17808-17811:玩具、图书音像-图书-儿童文学",,,,
"10092452","花袜子小乌鸦成长故事―全都拆坏了（低幼）","","0-17722-17808-17811:玩具、图书音像-图书-儿童文学",,,,
"10092463","花袜子小乌鸦成长故事―全都放假了（低幼）","","0-17722-17808-17811:玩具、图书音像-图书-儿童文学",,,,
"10092543","花袜子小乌鸦成长故事―全都是我的（精装 低幼）","","0-17722-17808-17811:玩具、图书音像-图书-儿童文学",,,,
"10092565","花袜子小乌鸦成长故事―全都有名字（精装 低幼）","","0-17722-17808-17811:玩具、图书音像-图书-儿童文学",,,,
"10092496","花袜子小乌鸦成长故事―全都没关系（精装 低幼）","","0-17722-17808-17811:玩具、图书音像-图书-儿童文学",,,,
"10092554","花袜子小乌鸦成长故事―全都玩过了（低幼）","","0-17722-17808-17811:玩具、图书音像-图书-儿童文学",,,,
"10189307","葛翠琳童话精选（美绘版）","","0-17722-17808-17811:玩具、图书音像-图书-儿童文学",,,,
"10834818","千奇百怪篇","中国画报出版社","0-17722-17808-17812:玩具、图书音像-图书-手工游戏",,,,
"10834794","奇思妙想篇","中国画报出版社","0-17722-17808-17812:玩具、图书音像-图书-手工游戏",,,,
"10834829","女孩手工――动物","中国画报出版社","0-17722-17808-17812:玩具、图书音像-图书-手工游戏",,,,
"10834874","女孩手工――卡通","中国画报出版社","0-17722-17808-17812:玩具、图书音像-图书-手工游戏",,,,
"10834863","女孩手工――玩具","中国画报出版社","0-17722-17808-17812:玩具、图书音像-图书-手工游戏",,,,
"10834841","女孩手工――生活用品","中国画报出版社","0-17722-17808-17812:玩具、图书音像-图书-手工游戏",,,,
"10834852","女孩手工――花样少年","中国画报出版社","0-17722-17808-17812:玩具、图书音像-图书-手工游戏",,,,
"10834830","女孩手工――风景","中国画报出版社","0-17722-17808-17812:玩具、图书音像-图书-手工游戏",,,,
"10834807","神秘莫测篇","中国画报出版社","0-17722-17808-17812:玩具、图书音像-图书-手工游戏",,,,
"10834783","难以置信篇","中国画报出版社","0-17722-17808-17812:玩具、图书音像-图书-手工游戏",,,,
"10637351","婴之侣 6色可洗涂画彩笔+宝宝学画－描画（一星）","小企鹅","0-17722-17808-17812:玩具、图书音像-图书-手工游戏",,,,
"10637340","婴之侣儿童涂鸦彩笔+绘画提高本","小企鹅","0-17722-17808-17812:玩具、图书音像-图书-手工游戏",,,,
"9781275","小企鹅 IQ百变拼图系列套装 共6册","小企鹅","0-17722-17808-17812:玩具、图书音像-图书-手工游戏",,,,
"9781322","小企鹅 IQ百变拼图－动物王国","小企鹅","0-17722-17808-17812:玩具、图书音像-图书-手工游戏",,,,
"9781286","小企鹅 IQ百变拼图－太空战士","小企鹅","0-17722-17808-17812:玩具、图书音像-图书-手工游戏",,,,
"9781311","小企鹅 IQ百变拼图－恐龙世界","小企鹅","0-17722-17808-17812:玩具、图书音像-图书-手工游戏",,,,
"9781300","小企鹅 IQ百变拼图－神奇王子和魔法公主","小企鹅","0-17722-17808-17812:玩具、图书音像-图书-手工游戏",,,,
"10149914","小企鹅 娃娃学纸工 4册","小企鹅","0-17722-17808-17812:玩具、图书音像-图书-手工游戏",,,,
"9778987","小企鹅 娃娃学纸工－剪纸艺术篇","小企鹅","0-17722-17808-17812:玩具、图书音像-图书-手工游戏",,,,
"9778998","小企鹅 娃娃学纸工－剪纸趣味篇","小企鹅","0-17722-17808-17812:玩具、图书音像-图书-手工游戏",,,,
"9778976","小企鹅 娃娃学纸工－折纸创意篇","小企鹅","0-17722-17808-17812:玩具、图书音像-图书-手工游戏",,,,
"9841172","小企鹅 娃娃学纸工－折纸灵巧篇","小企鹅","0-17722-17808-17812:玩具、图书音像-图书-手工游戏",,,,
"9781004","小企鹅 宝宝乐翻翻－A 水果蔬菜","小企鹅","0-17722-17808-17812:玩具、图书音像-图书-手工游戏",,,,
"9780998","小企鹅 宝宝乐翻翻－B 日常用品","小企鹅","0-17722-17808-17812:玩具、图书音像-图书-手工游戏",,,,
"9780987","小企鹅 宝宝乐翻翻－B 颜色形状+交通工具","小企鹅","0-17722-17808-17812:玩具、图书音像-图书-手工游戏",,,,
"9780965","小企鹅 宝宝乐翻翻－C 拼音","小企鹅","0-17722-17808-17812:玩具、图书音像-图书-手工游戏",,,,
"9780976","小企鹅 宝宝乐翻翻－C 看图识字","小企鹅","0-17722-17808-17812:玩具、图书音像-图书-手工游戏",,,,
"9781015","小企鹅 宝宝乐翻翻－a 动物","小企鹅","0-17722-17808-17812:玩具、图书音像-图书-手工游戏",,,,
"9780772","小企鹅 宝宝学画系列套装 共10册","小企鹅","0-17722-17808-17812:玩具、图书音像-图书-手工游戏",,,,
"9780818","小企鹅 宝宝学画－描画（一星）","小企鹅","0-17722-17808-17812:玩具、图书音像-图书-手工游戏",,,,
"9780829","小企鹅 宝宝学画－描画（三星）","小企鹅","0-17722-17808-17812:玩具、图书音像-图书-手工游戏",,,,
"9780830","小企鹅 宝宝学画－描画（二星）","小企鹅","0-17722-17808-17812:玩具、图书音像-图书-手工游戏",,,,
"9838259","小企鹅 宝宝学画－油画棒画","小企鹅","0-17722-17808-17812:玩具、图书音像-图书-手工游戏",,,,
"9780783","小企鹅 宝宝学画－涂色（一星）","小企鹅","0-17722-17808-17812:玩具、图书音像-图书-手工游戏",,,,
"9780794","小企鹅 宝宝学画－涂色（三星）","小企鹅","0-17722-17808-17812:玩具、图书音像-图书-手工游戏",,,,
"9780807","小企鹅 宝宝学画－涂色（二星）","小企鹅","0-17722-17808-17812:玩具、图书音像-图书-手工游戏",,,,
"9780863","小企鹅 宝宝学画－绘画基础本","小企鹅","0-17722-17808-17812:玩具、图书音像-图书-手工游戏",,,,
"9780852","小企鹅 宝宝学画－绘画提高本","小企鹅","0-17722-17808-17812:玩具、图书音像-图书-手工游戏",,,,
"9780841","小企鹅 宝宝学画－蜡笔画","小企鹅","0-17722-17808-17812:玩具、图书音像-图书-手工游戏",,,,
"9780896","小企鹅 宝宝拼童话－三只小猪","小企鹅","0-17722-17808-17812:玩具、图书音像-图书-手工游戏",,,,
"9780932","小企鹅 宝宝拼童话－丑小鸭","小企鹅","0-17722-17808-17812:玩具、图书音像-图书-手工游戏",,,,
"9780885","小企鹅 宝宝拼童话－小红帽","小企鹅","0-17722-17808-17812:玩具、图书音像-图书-手工游戏",,,,
"9780921","小企鹅 宝宝拼童话－海的女儿","小企鹅","0-17722-17808-17812:玩具、图书音像-图书-手工游戏",,,,
"9838204","小企鹅 宝宝拼童话－渔夫和金鱼","小企鹅","0-17722-17808-17812:玩具、图书音像-图书-手工游戏",,,,
"9780910","小企鹅 宝宝拼童话－灰姑娘","小企鹅","0-17722-17808-17812:玩具、图书音像-图书-手工游戏",,,,
"9780943","小企鹅 宝宝拼童话－白雪公主","小企鹅","0-17722-17808-17812:玩具、图书音像-图书-手工游戏",,,,
"9780909","小企鹅 宝宝拼童话－美女与野兽","小企鹅","0-17722-17808-17812:玩具、图书音像-图书-手工游戏",,,,
"9781026","小企鹅 宝宝爱画画系列 共9册","小企鹅","0-17722-17808-17812:玩具、图书音像-图书-手工游戏",,,,
"9781082","小企鹅 宝宝爱画画－交通工具","小企鹅","0-17722-17808-17812:玩具、图书音像-图书-手工游戏",,,,
"9781060","小企鹅 宝宝爱画画－可爱动物","小企鹅","0-17722-17808-17812:玩具、图书音像-图书-手工游戏",,,,
"9781059","小企鹅 宝宝爱画画－恐龙王国","小企鹅","0-17722-17808-17812:玩具、图书音像-图书-手工游戏",,,,
"9781106","小企鹅 宝宝爱画画－海洋世界","小企鹅","0-17722-17808-17812:玩具、图书音像-图书-手工游戏",,,,
"9841229","小企鹅 宝宝爱画画－童话人物","小企鹅","0-17722-17808-17812:玩具、图书音像-图书-手工游戏",,,,
"9781048","小企鹅 宝宝爱画画－美丽动物","小企鹅","0-17722-17808-17812:玩具、图书音像-图书-手工游戏",,,,
"9781093","小企鹅 宝宝爱画画－花鸟百科","小企鹅","0-17722-17808-17812:玩具、图书音像-图书-手工游戏",,,,
"9781037","小企鹅 宝宝爱画画－蔬菜水果","小企鹅","0-17722-17808-17812:玩具、图书音像-图书-手工游戏",,,,
"9955151","小企鹅 小手啪啪（共八册）","小企鹅","0-17722-17808-17812:玩具、图书音像-图书-手工游戏",,,,
"10149970","小企鹅 小手贴贴","小企鹅","0-17722-17808-17812:玩具、图书音像-图书-手工游戏",,,,
"9955128","小企鹅 小手贴贴（共六册）","小企鹅","0-17722-17808-17812:玩具、图书音像-图书-手工游戏",,,,
"9777417","小企鹅 小手贴贴－EQ创意贴纸","小企鹅","0-17722-17808-17812:玩具、图书音像-图书-手工游戏",,,,
"9777406","小企鹅 小手贴贴－EQ童话贴纸","小企鹅","0-17722-17808-17812:玩具、图书音像-图书-手工游戏",,,,
"9777393","小企鹅 小手贴贴－EQ艺术贴纸","小企鹅","0-17722-17808-17812:玩具、图书音像-图书-手工游戏",,,,
"10741545","小企鹅 小手贴贴－IQ EQ贴纸","小企鹅","0-17722-17808-17812:玩具、图书音像-图书-手工游戏",,,,
"9777382","小企鹅 小手贴贴－IQ常识贴纸","小企鹅","0-17722-17808-17812:玩具、图书音像-图书-手工游戏",,,,
"9838282","小企鹅 小手贴贴－IQ认知贴纸","小企鹅","0-17722-17808-17812:玩具、图书音像-图书-手工游戏",,,,
"9777371","小企鹅 小手贴贴－IQ逻辑贴纸","小企鹅","0-17722-17808-17812:玩具、图书音像-图书-手工游戏",,,,
"10149889","小企鹅 手工大王 共6册","小企鹅","0-17722-17808-17812:玩具、图书音像-图书-手工游戏",,,,
"9779275","小企鹅 手工大王系列套装 共6册","小企鹅","0-17722-17808-17812:玩具、图书音像-图书-手工游戏",,,,
"9955548","小企鹅 手工大王（共六册）","小企鹅","0-17722-17808-17812:玩具、图书音像-图书-手工游戏",,,,
"9779322","小企鹅 手工大王－兵器","小企鹅","0-17722-17808-17812:玩具、图书音像-图书-手工游戏",,,,
"9779311","小企鹅 手工大王－动物","小企鹅","0-17722-17808-17812:玩具、图书音像-图书-手工游戏",,,,
"9779300","小企鹅 手工大王－建筑","小企鹅","0-17722-17808-17812:玩具、图书音像-图书-手工游戏",,,,
"9779286","小企鹅 手工大王－恐龙","小企鹅","0-17722-17808-17812:玩具、图书音像-图书-手工游戏",,,,
"9838179","小企鹅 手工大王－玩具","小企鹅","0-17722-17808-17812:玩具、图书音像-图书-手工游戏",,,,
"10149890","小企鹅 撕不烂认知宝 共8册","小企鹅","0-17722-17808-17812:玩具、图书音像-图书-手工游戏",,,,
"10351425","小企鹅 欢乐手工","小企鹅","0-17722-17808-17812:玩具、图书音像-图书-手工游戏",,,,
"10317563","小企鹅 欢乐手工―动物王国","小企鹅","0-17722-17808-17812:玩具、图书音像-图书-手工游戏",,,,
"10317529","小企鹅 欢乐手工―小站风光","小企鹅","0-17722-17808-17812:玩具、图书音像-图书-手工游戏",,,,
"10317574","小企鹅 欢乐手工―梦幻游乐场","小企鹅","0-17722-17808-17812:玩具、图书音像-图书-手工游戏",,,,
"10317552","小企鹅 欢乐手工―海滨小城","小企鹅","0-17722-17808-17812:玩具、图书音像-图书-手工游戏",,,,
"10317530","小企鹅 欢乐手工―趣味创意","小企鹅","0-17722-17808-17812:玩具、图书音像-图书-手工游戏",,,,
"10149903","小企鹅 涂涂画画晶晶亮","小企鹅","0-17722-17808-17812:玩具、图书音像-图书-手工游戏",,,,
"9779004","小企鹅 涂涂画画晶晶亮系列套装1-5册","小企鹅","0-17722-17808-17812:玩具、图书音像-图书-手工游戏",,,,
"11107894","小企鹅 涂涂画画晶晶亮系列套装2 -4册","小企鹅","0-17722-17808-17812:玩具、图书音像-图书-手工游戏",,,,
"9779026","小企鹅 涂涂画画晶晶亮－双子篇","小企鹅","0-17722-17808-17812:玩具、图书音像-图书-手工游戏",,,,
"9779037","小企鹅 涂涂画画晶晶亮－双鱼篇","小企鹅","0-17722-17808-17812:玩具、图书音像-图书-手工游戏",,,,
"9838237","小企鹅 涂涂画画晶晶亮－天秤篇","小企鹅","0-17722-17808-17812:玩具、图书音像-图书-手工游戏",,,,
"9779060","小企鹅 涂涂画画晶晶亮－山羊篇","小企鹅","0-17722-17808-17812:玩具、图书音像-图书-手工游戏",,,,
"9779048","小企鹅 涂涂画画晶晶亮－狮子篇","小企鹅","0-17722-17808-17812:玩具、图书音像-图书-手工游戏",,,,
"9779082","小企鹅 涂涂画画晶晶亮－白羊篇","小企鹅","0-17722-17808-17812:玩具、图书音像-图书-手工游戏",,,,
"9779515","小企鹅 潜能开发益智拼玩大卡系列 共6册","小企鹅","0-17722-17808-17812:玩具、图书音像-图书-手工游戏",,,,
"9779560","小企鹅 潜能开发益智拼玩大卡系列－1.换装娃娃拼图","小企鹅","0-17722-17808-17812:玩具、图书音像-图书-手工游戏",,,,
"9779559","小企鹅 潜能开发益智拼玩大卡系列－2.百变娃娃拼图","小企鹅","0-17722-17808-17812:玩具、图书音像-图书-手工游戏",,,,
"9779548","小企鹅 潜能开发益智拼玩大卡系列－3.日常用品拼玩大卡","小企鹅","0-17722-17808-17812:玩具、图书音像-图书-手工游戏",,,,
"9779537","小企鹅 潜能开发益智拼玩大卡系列－4.交通工具拼玩大卡","小企鹅","0-17722-17808-17812:玩具、图书音像-图书-手工游戏",,,,
"9838191","小企鹅 潜能开发益智拼玩大卡系列－5颜色形状拼图","小企鹅","0-17722-17808-17812:玩具、图书音像-图书-手工游戏",,,,
"9779526","小企鹅 潜能开发益智拼玩大卡系列－6.识数拼玩大卡（识数1－10）","小企鹅","0-17722-17808-17812:玩具、图书音像-图书-手工游戏",,,,
"10149812","小企鹅 灵巧小手","小企鹅","0-17722-17808-17812:玩具、图书音像-图书-手工游戏",,,,
"9779695","小企鹅 灵巧小手 共6册","小企鹅","0-17722-17808-17812:玩具、图书音像-图书-手工游戏",,,,
"9779742","小企鹅 灵巧小手－剪纸","小企鹅","0-17722-17808-17812:玩具、图书音像-图书-手工游戏",,,,
"9779708","小企鹅 灵巧小手－折纸基础本","小企鹅","0-17722-17808-17812:玩具、图书音像-图书-手工游戏",,,,
"9841194","小企鹅 灵巧小手－折纸提高本","小企鹅","0-17722-17808-17812:玩具、图书音像-图书-手工游戏",,,,
"9779731","小企鹅 灵巧小手－撕纸","小企鹅","0-17722-17808-17812:玩具、图书音像-图书-手工游戏",,,,
"9779719","小企鹅 灵巧小手－橡皮泥提高本","小企鹅","0-17722-17808-17812:玩具、图书音像-图书-手工游戏",,,,
"9781220","小企鹅 百变时装秀－俏丽美少女","小企鹅","0-17722-17808-17812:玩具、图书音像-图书-手工游戏",,,,
"9781264","小企鹅 百变时装秀－可爱美少女","小企鹅","0-17722-17808-17812:玩具、图书音像-图书-手工游戏",,,,
"9781208","小企鹅 百变时装秀－时尚美少女","小企鹅","0-17722-17808-17812:玩具、图书音像-图书-手工游戏",,,,
"9781231","小企鹅 百变时装秀－气质美少女","小企鹅","0-17722-17808-17812:玩具、图书音像-图书-手工游戏",,,,
"9781253","小企鹅 百变时装秀－浪漫美少女","小企鹅","0-17722-17808-17812:玩具、图书音像-图书-手工游戏",,,,
"9781242","小企鹅 百变时装秀－漂亮美少女","小企鹅","0-17722-17808-17812:玩具、图书音像-图书-手工游戏",,,,
"9781219","小企鹅 百变时装秀－青春美少女","小企鹅","0-17722-17808-17812:玩具、图书音像-图书-手工游戏",,,,
"10149732","小企鹅 超级趣味手工 共6册","小企鹅","0-17722-17808-17812:玩具、图书音像-图书-手工游戏",,,,
"9780716","小企鹅 超级趣味手工系列套装 共6册","小企鹅","0-17722-17808-17812:玩具、图书音像-图书-手工游戏",,,,
"9780738","小企鹅 超级趣味手工－交通工具","小企鹅","0-17722-17808-17812:玩具、图书音像-图书-手工游戏",,,,
"9780750","小企鹅 超级趣味手工－动物","小企鹅","0-17722-17808-17812:玩具、图书音像-图书-手工游戏",,,,
"9780749","小企鹅 超级趣味手工－建筑","小企鹅","0-17722-17808-17812:玩具、图书音像-图书-手工游戏",,,,
"9838180","小企鹅 超级趣味手工－游乐场","小企鹅","0-17722-17808-17812:玩具、图书音像-图书-手工游戏",,,,
"9780727","小企鹅 超级趣味手工－玩具","小企鹅","0-17722-17808-17812:玩具、图书音像-图书-手工游戏",,,,
"9780761","小企鹅 超级趣味手工－百变金刚","小企鹅","0-17722-17808-17812:玩具、图书音像-图书-手工游戏",,,,
"10637431","德国LYRA 可扭出蜡笔12色 袋装+宝宝学画－蜡笔画","小企鹅","0-17722-17808-17812:玩具、图书音像-图书-手工游戏",,,,
"10637384","德国LYRA 常规型油画棒蜡笔25色+宝宝学画－蜡笔画","小企鹅","0-17722-17808-17812:玩具、图书音像-图书-手工游戏",,,,
"10637395","德国LYRA 彩色蜡笔12色+宝宝学画－蜡笔画","小企鹅","0-17722-17808-17812:玩具、图书音像-图书-手工游戏",,,,
"10637408","德国LYRA 水溶性9mm彩色蜡笔12色+宝宝学画－蜡笔画","小企鹅","0-17722-17808-17812:玩具、图书音像-图书-手工游戏",,,,
"10637442","德国LYRA 水溶性彩色铅笔12色铁盒装+宝宝学画－描画（二星）","小企鹅","0-17722-17808-17812:玩具、图书音像-图书-手工游戏",,,,
"10637420","德国LYRA 舒适易握9mm彩色蜡笔50色+宝宝学画－绘画基础本","小企鹅","0-17722-17808-17812:玩具、图书音像-图书-手工游戏",,,,
"10637419","德国LYRA 舒适易握水溶性彩色铅笔12色+宝宝学画－涂色（二星）","小企鹅","0-17722-17808-17812:玩具、图书音像-图书-手工游戏",,,,
"10637362","纷多乐 冬已DIY清洁六角型蜡笔 24色+宝宝学画－蜡笔画","小企鹅","0-17722-17808-17812:玩具、图书音像-图书-手工游戏",,,,
"10637373","纷多乐 冬已DIY清洁蜡笔 24色胶盒套装+宝宝学画－蜡笔画","小企鹅","0-17722-17808-17812:玩具、图书音像-图书-手工游戏",,,,
"10153943","乐乐趣神奇转转书(两册)","荣信文化","0-17722-17808-17812:玩具、图书音像-图书-手工游戏",,,,
"10179052","宝宝趣味摇铃书系列","荣信文化","0-17722-17808-17812:玩具、图书音像-图书-手工游戏",,,,
"10149594","宝宝趣味摇铃书系列 4册","荣信文化","0-17722-17808-17812:玩具、图书音像-图书-手工游戏",,,,
"10149607","忙碌的虫子系列 共4册","荣信文化","0-17722-17808-17812:玩具、图书音像-图书-手工游戏",,,,
"360145","快乐盒子(四册)","荣信文化","0-17722-17808-17812:玩具、图书音像-图书-手工游戏",,,,
"9528169","快乐绒布贴贴书-农场","荣信文化","0-17722-17808-17812:玩具、图书音像-图书-手工游戏",,,,
"9528170","快乐绒布贴贴书-城市","荣信文化","0-17722-17808-17812:玩具、图书音像-图书-手工游戏",,,,
"360101","怪物乐趣系列-疯狂小怪物","荣信文化","0-17722-17808-17812:玩具、图书音像-图书-手工游戏",,,,
"10149618","梦幻来信系列 共2册","荣信文化","0-17722-17808-17812:玩具、图书音像-图书-手工游戏",,,,
"10835275","卡通狮子","龙门书局","0-17722-17808-17812:玩具、图书音像-图书-手工游戏",,,,
"10835286","卡通老虎","龙门书局","0-17722-17808-17812:玩具、图书音像-图书-手工游戏",,,,
"10835300","圣伯纳犬","龙门书局","0-17722-17808-17812:玩具、图书音像-图书-手工游戏",,,,
"10835162","女学生熊","龙门书局","0-17722-17808-17812:玩具、图书音像-图书-手工游戏",,,,
"10835242","小长卷毛狗","龙门书局","0-17722-17808-17812:玩具、图书音像-图书-手工游戏",,,,
"10835140","新娘熊","龙门书局","0-17722-17808-17812:玩具、图书音像-图书-手工游戏",,,,
"10835151","新郎熊","龙门书局","0-17722-17808-17812:玩具、图书音像-图书-手工游戏",,,,
"10835297","日本短尾猫","龙门书局","0-17722-17808-17812:玩具、图书音像-图书-手工游戏",,,,
"10835208","海军熊","龙门书局","0-17722-17808-17812:玩具、图书音像-图书-手工游戏",,,,
"10835184","玉女熊","龙门书局","0-17722-17808-17812:玩具、图书音像-图书-手工游戏",,,,
"10835173","男学生熊","龙门书局","0-17722-17808-17812:玩具、图书音像-图书-手工游戏",,,,
"10835231","绿河马","龙门书局","0-17722-17808-17812:玩具、图书音像-图书-手工游戏",,,,
"10835311","美国短毛猫","龙门书局","0-17722-17808-17812:玩具、图书音像-图书-手工游戏",,,,
"10835264","花环猴","龙门书局","0-17722-17808-17812:玩具、图书音像-图书-手工游戏",,,,
"10835220","蝴蝶结熊","龙门书局","0-17722-17808-17812:玩具、图书音像-图书-手工游戏",,,,
"10835219","郊游熊","龙门书局","0-17722-17808-17812:玩具、图书音像-图书-手工游戏",,,,
"10835195","金童熊","龙门书局","0-17722-17808-17812:玩具、图书音像-图书-手工游戏",,,,
"10835253","香蕉猴","龙门书局","0-17722-17808-17812:玩具、图书音像-图书-手工游戏",,,,
"10351549","奇妙变身书","","0-17722-17808-17812:玩具、图书音像-图书-手工游戏",,,,
"10327249","小手动起来(两册)","","0-17722-17808-17812:玩具、图书音像-图书-手工游戏",,,,
"10839197","(DL)影响世界的大企业家","北方妇儿出版社","0-17722-17808-17813:玩具、图书音像-图书-科普/百科",,,,
"10839186","(DL)影响世界的大发明家","北方妇儿出版社","0-17722-17808-17813:玩具、图书音像-图书-科普/百科",,,,
"10839200","(DL)影响世界的大思想家","北方妇儿出版社","0-17722-17808-17813:玩具、图书音像-图书-科普/百科",,,,
"10839222","(DL)影响世界的大教育家","北方妇儿出版社","0-17722-17808-17813:玩具、图书音像-图书-科普/百科",,,,
"10839211","(DL)影响世界的大数学家","北方妇儿出版社","0-17722-17808-17813:玩具、图书音像-图书-科普/百科",,,,
"11197721","凶猛动物档案","吉林出版","0-17722-17808-17813:玩具、图书音像-图书-科普/百科",,,,
"11197732","史前动物档案","吉林出版","0-17722-17808-17813:玩具、图书音像-图书-科普/百科",,,,
"11197743","完全恐龙档案","吉林出版","0-17722-17808-17813:玩具、图书音像-图书-科普/百科",,,,
"10838649","(ZP)怪兽+城堡","吉林美术出版社","0-17722-17808-17813:玩具、图书音像-图书-科普/百科",,,,
"10838661","(ZP)昆虫+猛兽","吉林美术出版社","0-17722-17808-17813:玩具、图书音像-图书-科普/百科",,,,
"10838650","恐龙+深海","吉林美术出版社","0-17722-17808-17813:玩具、图书音像-图书-科普/百科",,,,
"10838638","海盗+间谍","吉林美术出版社","0-17722-17808-17813:玩具、图书音像-图书-科普/百科",,,,
"10838309","这是怎么回事系列书","未来出版社","0-17722-17808-17813:玩具、图书音像-图书-科普/百科",,,,
"360098","动物拖拉机","荣信文化","0-17722-17808-17813:玩具、图书音像-图书-科普/百科",,,,
"217425","大自然之旅(四册）","荣信文化","0-17722-17808-17813:玩具、图书音像-图书-科普/百科",,,,
"9528001","寻找与发现-世界","荣信文化","0-17722-17808-17813:玩具、图书音像-图书-科普/百科",,,,
"9528034","寻找与发现-交通工具","荣信文化","0-17722-17808-17813:玩具、图书音像-图书-科普/百科",,,,
"9528023","寻找与发现-历史","荣信文化","0-17722-17808-17813:玩具、图书音像-图书-科普/百科",,,,
"9528012","寻找与发现-日常","荣信文化","0-17722-17808-17813:玩具、图书音像-图书-科普/百科",,,,
"217436","忙碌的小虫子（四册）","荣信文化","0-17722-17808-17813:玩具、图书音像-图书-科普/百科",,,,
"360225","看里面系列-揭秘地下","荣信文化","0-17722-17808-17813:玩具、图书音像-图书-科普/百科",,,,
"360236","看里面系列-揭秘地球","荣信文化","0-17722-17808-17813:玩具、图书音像-图书-科普/百科",,,,
"360258","看里面系列-揭秘恐龙","荣信文化","0-17722-17808-17813:玩具、图书音像-图书-科普/百科",,,,
"360247","看里面系列-揭秘科学","荣信文化","0-17722-17808-17813:玩具、图书音像-图书-科普/百科",,,,
"9528045","迷你寻找与发现-家里","荣信文化","0-17722-17808-17813:玩具、图书音像-图书-科普/百科",,,,
"10149572","问号里的动物系列 共10册","荣信文化","0-17722-17808-17813:玩具、图书音像-图书-科普/百科",,,,
"10327385","世界是如何运转的","","0-17722-17808-17813:玩具、图书音像-图书-科普/百科",,,,
"10092678","世界经典动物名著（美绘版）―昆虫记（上下）","","0-17722-17808-17813:玩具、图书音像-图书-科普/百科",,,,
"10189396","中国科普名家名作","","0-17722-17808-17813:玩具、图书音像-图书-科普/百科",,,,
"10092838","中国科普名家名作―不知道的世界专辑―人体篇（升级版）","","0-17722-17808-17813:玩具、图书音像-图书-科普/百科",,,,
"10092792","中国科普名家名作―不知道的世界专辑―化学篇（升级版）","","0-17722-17808-17813:玩具、图书音像-图书-科普/百科",,,,
"10092816","中国科普名家名作―不知道的世界专辑―历史考古篇（升级版）","","0-17722-17808-17813:玩具、图书音像-图书-科普/百科",,,,
"10092781","中国科普名家名作―不知道的世界专辑―大地海洋篇（升级版）","","0-17722-17808-17813:玩具、图书音像-图书-科普/百科",,,,
"10092850","中国科普名家名作―不知道的世界专辑―天文篇（升级版）","","0-17722-17808-17813:玩具、图书音像-图书-科普/百科",,,,
"10092849","中国科普名家名作―不知道的世界专辑―数学篇（升级版）","","0-17722-17808-17813:玩具、图书音像-图书-科普/百科",,,,
"10092805","中国科普名家名作―不知道的世界专辑―昆虫、海洋动物篇","","0-17722-17808-17813:玩具、图书音像-图书-科普/百科",,,,
"10092872","中国科普名家名作―不知道的世界专辑―植物篇（升级版）","","0-17722-17808-17813:玩具、图书音像-图书-科普/百科",,,,
"10092861","中国科普名家名作―不知道的世界专辑―物理篇（升级版）","","0-17722-17808-17813:玩具、图书音像-图书-科普/百科",,,,
"10092827","中国科普名家名作―不知道的世界专辑―鸟兽篇（升级版）","","0-17722-17808-17813:玩具、图书音像-图书-科普/百科",,,,
"10189294","动物日记","","0-17722-17808-17813:玩具、图书音像-图书-科普/百科",,,,
"10091880","动物日记―兔、虎、鸡、猫","","0-17722-17808-17813:玩具、图书音像-图书-科普/百科",,,,
"10351538","多彩世界小百科","","0-17722-17808-17813:玩具、图书音像-图书-科普/百科",,,,
"10327476","多彩世界小百科―世界各地的孩子","","0-17722-17808-17813:玩具、图书音像-图书-科普/百科",,,,
"10327465","多彩世界小百科―动物宝宝","","0-17722-17808-17813:玩具、图书音像-图书-科普/百科",,,,
"10327454","多彩世界小百科―海洋","","0-17722-17808-17813:玩具、图书音像-图书-科普/百科",,,,
"10327443","多彩世界小百科―自然","","0-17722-17808-17813:玩具、图书音像-图书-科普/百科",,,,
"10327487","大自然小秘密(四册)","","0-17722-17808-17813:玩具、图书音像-图书-科普/百科",,,,
"10327294","奇妙世界―你好，医生","","0-17722-17808-17813:玩具、图书音像-图书-科普/百科",,,,
"10327307","奇妙世界―你好，老师","","0-17722-17808-17813:玩具、图书音像-图书-科普/百科",,,,
"10327272","奇妙世界―去动物园","","0-17722-17808-17813:玩具、图书音像-图书-科普/百科",,,,
"10327261","奇妙世界―太空之旅","","0-17722-17808-17813:玩具、图书音像-图书-科普/百科",,,,
"10327283","奇妙世界―河流","","0-17722-17808-17813:玩具、图书音像-图书-科普/百科",,,,
"10327250","奇妙世界―沿着恐龙的足迹","","0-17722-17808-17813:玩具、图书音像-图书-科普/百科",,,,
"10327374","改变世界的发明","","0-17722-17808-17813:玩具、图书音像-图书-科普/百科",,,,
"10327227","照片知识库―认一认从地球到太空","","0-17722-17808-17813:玩具、图书音像-图书-科普/百科",,,,
"10327205","照片知识库―认一认你的每一天","","0-17722-17808-17813:玩具、图书音像-图书-科普/百科",,,,
"10327238","照片知识库―认一认奇妙的动物","","0-17722-17808-17813:玩具、图书音像-图书-科普/百科",,,,
"10327216","照片知识库―认一认日常事物","","0-17722-17808-17813:玩具、图书音像-图书-科普/百科",,,,
"10766957","皮卡西随身绘本 第一季（6套/48册）","皮卡西随身绘本","0-17722-17808-17814:玩具、图书音像-图书-儿童绘本",,,,
"10723021","皮卡西随身绘本---带你去","皮卡西随身绘本","0-17722-17808-17814:玩具、图书音像-图书-儿童绘本",,,,
"10723054","皮卡西随身绘本---我的第一次","皮卡西随身绘本","0-17722-17808-17814:玩具、图书音像-图书-儿童绘本",,,,
"10723032","皮卡西随身绘本---海盗宝盒","皮卡西随身绘本","0-17722-17808-17814:玩具、图书音像-图书-儿童绘本",,,,
"10723010","皮卡西随身绘本---童话宝盒","皮卡西随身绘本","0-17722-17808-17814:玩具、图书音像-图书-儿童绘本",,,,
"10723043","皮卡西随身绘本---谁的牙齿最漂亮","皮卡西随身绘本","0-17722-17808-17814:玩具、图书音像-图书-儿童绘本",,,,
"10723065","皮卡西随身绘本---魔法马戏团","皮卡西随身绘本","0-17722-17808-17814:玩具、图书音像-图书-儿童绘本",,,,
"10150046","移动书箱系列 共4册","荣信文化","0-17722-17808-17814:玩具、图书音像-图书-儿童绘本",,,,
"11221684","蒲蒲兰绘本 9只小猫呼呼呼","蒲蒲兰绘本","0-17722-17808-17814:玩具、图书音像-图书-儿童绘本",,,,
"10621019","蒲蒲兰绘本 《蚂蚁和西瓜》","蒲蒲兰绘本","0-17722-17808-17814:玩具、图书音像-图书-儿童绘本",,,,
"11221695","蒲蒲兰绘本 不得了的野餐","蒲蒲兰绘本","0-17722-17808-17814:玩具、图书音像-图书-儿童绘本",,,,
"10621439","蒲蒲兰绘本 克里克塔","蒲蒲兰绘本","0-17722-17808-17814:玩具、图书音像-图书-儿童绘本",,,,
"10620890","蒲蒲兰绘本 动物动物捉迷藏","蒲蒲兰绘本","0-17722-17808-17814:玩具、图书音像-图书-儿童绘本",,,,
"11224161","蒲蒲兰绘本 可爱的鼠小弟7~12","蒲蒲兰绘本","0-17722-17808-17814:玩具、图书音像-图书-儿童绘本",,,,
"10621224","蒲蒲兰绘本 喵喵","蒲蒲兰绘本","0-17722-17808-17814:玩具、图书音像-图书-儿童绘本",,,,
"10621495","蒲蒲兰绘本 完美的小狗阿波罗","蒲蒲兰绘本","0-17722-17808-17814:玩具、图书音像-图书-儿童绘本",,,,
"10808976","蒲蒲兰绘本 小一步系列","蒲蒲兰绘本","0-17722-17808-17814:玩具、图书音像-图书-儿童绘本",,,,
"10620936","蒲蒲兰绘本 小一步，你好","蒲蒲兰绘本","0-17722-17808-17814:玩具、图书音像-图书-儿童绘本",,,,
"10620947","蒲蒲兰绘本 小一步，回来了","蒲蒲兰绘本","0-17722-17808-17814:玩具、图书音像-图书-儿童绘本",,,,
"10620958","蒲蒲兰绘本 小一步，对不起","蒲蒲兰绘本","0-17722-17808-17814:玩具、图书音像-图书-儿童绘本",,,,
"11224150","蒲蒲兰绘本 小艾和小象","蒲蒲兰绘本","0-17722-17808-17814:玩具、图书音像-图书-儿童绘本",,,,
"11221708","蒲蒲兰绘本 帽子","蒲蒲兰绘本","0-17722-17808-17814:玩具、图书音像-图书-儿童绘本",,,,
"10621064","蒲蒲兰绘本 我是霸王龙","蒲蒲兰绘本","0-17722-17808-17814:玩具、图书音像-图书-儿童绘本",,,,
"10621188","蒲蒲兰绘本 我爱妈妈","蒲蒲兰绘本","0-17722-17808-17814:玩具、图书音像-图书-儿童绘本",,,,
"10621177","蒲蒲兰绘本 我爱爸爸","蒲蒲兰绘本","0-17722-17808-17814:玩具、图书音像-图书-儿童绘本",,,,
"10809004","蒲蒲兰绘本 我爱爸爸妈妈","蒲蒲兰绘本","0-17722-17808-17814:玩具、图书音像-图书-儿童绘本",,,,
"10620992","蒲蒲兰绘本 我的身体，这是什么","蒲蒲兰绘本","0-17722-17808-17814:玩具、图书音像-图书-儿童绘本",,,,
"10620970","蒲蒲兰绘本 我的颜色是什么","蒲蒲兰绘本","0-17722-17808-17814:玩具、图书音像-图书-儿童绘本",,,,
"10621202","蒲蒲兰绘本 抱抱 抱抱","蒲蒲兰绘本","0-17722-17808-17814:玩具、图书音像-图书-儿童绘本",,,,
"10808965","蒲蒲兰绘本 捉迷藏系列","蒲蒲兰绘本","0-17722-17808-17814:玩具、图书音像-图书-儿童绘本",,,,
"11221720","蒲蒲兰绘本 月亮先生","蒲蒲兰绘本","0-17722-17808-17814:玩具、图书音像-图书-儿童绘本",,,,
"11221719","蒲蒲兰绘本 植树的男人","蒲蒲兰绘本","0-17722-17808-17814:玩具、图书音像-图书-儿童绘本",,,,
"10621213","蒲蒲兰绘本 汪汪","蒲蒲兰绘本","0-17722-17808-17814:玩具、图书音像-图书-儿童绘本",,,,
"10809015","蒲蒲兰绘本 汪汪喵喵","蒲蒲兰绘本","0-17722-17808-17814:玩具、图书音像-图书-儿童绘本",,,,
"10620914","蒲蒲兰绘本 玩具玩具捉迷藏","蒲蒲兰绘本","0-17722-17808-17814:玩具、图书音像-图书-儿童绘本",,,,
"10621360","蒲蒲兰绘本 粉红线","蒲蒲兰绘本","0-17722-17808-17814:玩具、图书音像-图书-儿童绘本",,,,
"10621520","蒲蒲兰绘本 聪明的小宝（一套10本）","蒲蒲兰绘本","0-17722-17808-17814:玩具、图书音像-图书-儿童绘本",,,,
"10621199","蒲蒲兰绘本 背背 背背","蒲蒲兰绘本","0-17722-17808-17814:玩具、图书音像-图书-儿童绘本",,,,
"10809026","蒲蒲兰绘本 背背抱抱","蒲蒲兰绘本","0-17722-17808-17814:玩具、图书音像-图书-儿童绘本",,,,
"11224183","蒲蒲兰绘本 英文字母猜猜猜","蒲蒲兰绘本","0-17722-17808-17814:玩具、图书音像-图书-儿童绘本",,,,
"10620925","蒲蒲兰绘本 衣服衣服捉迷藏","蒲蒲兰绘本","0-17722-17808-17814:玩具、图书音像-图书-儿童绘本",,,,
"11221731","蒲蒲兰绘本 谁偷了 包子","蒲蒲兰绘本","0-17722-17808-17814:玩具、图书音像-图书-儿童绘本",,,,
"10620981","蒲蒲兰绘本 这是什么形状","蒲蒲兰绘本","0-17722-17808-17814:玩具、图书音像-图书-儿童绘本",,,,
"10808998","蒲蒲兰绘本 这是什么系列","蒲蒲兰绘本","0-17722-17808-17814:玩具、图书音像-图书-儿童绘本",,,,
"11224149","蒲蒲兰绘本 逃跑的小火车头","蒲蒲兰绘本","0-17722-17808-17814:玩具、图书音像-图书-儿童绘本",,,,
"11224194","蒲蒲兰绘本 鲷鱼妈妈逛商场","蒲蒲兰绘本","0-17722-17808-17814:玩具、图书音像-图书-儿童绘本",,,,
"10637737","蒲蒲兰绘本 《小熊宝宝》(15册)","蒲蒲兰绘本馆","0-17722-17808-17814:玩具、图书音像-图书-儿童绘本",,,,
"10637840","蒲蒲兰绘本 又来了！鼠小弟的小背心","蒲蒲兰绘本馆","0-17722-17808-17814:玩具、图书音像-图书-儿童绘本",,,,
"10637806","蒲蒲兰绘本 想吃苹果的鼠小弟","蒲蒲兰绘本馆","0-17722-17808-17814:玩具、图书音像-图书-儿童绘本",,,,
"10637862","蒲蒲兰绘本 打破杯子的鼠小弟","蒲蒲兰绘本馆","0-17722-17808-17814:玩具、图书音像-图书-儿童绘本",,,,
"10637908","蒲蒲兰绘本 换换吧！鼠小弟的小背心","蒲蒲兰绘本馆","0-17722-17808-17814:玩具、图书音像-图书-儿童绘本",,,,
"10637771","蒲蒲兰绘本 生命的故事","蒲蒲兰绘本馆","0-17722-17808-17814:玩具、图书音像-图书-儿童绘本",,,,
"10637759","蒲蒲兰绘本 红气球&苹果与蝴蝶","蒲蒲兰绘本馆","0-17722-17808-17814:玩具、图书音像-图书-儿童绘本",,,,
"10637748","蒲蒲兰绘本 聪明的小宝","蒲蒲兰绘本馆","0-17722-17808-17814:玩具、图书音像-图书-儿童绘本",,,,
"10637782","蒲蒲兰绘本 超人兔&臭粑粑&我不要去幼儿园","蒲蒲兰绘本馆","0-17722-17808-17814:玩具、图书音像-图书-儿童绘本",,,,
"10637873","蒲蒲兰绘本 鼠小弟和大象哥哥","蒲蒲兰绘本馆","0-17722-17808-17814:玩具、图书音像-图书-儿童绘本",,,,
"10637895","蒲蒲兰绘本 鼠小弟和音乐会","蒲蒲兰绘本馆","0-17722-17808-17814:玩具、图书音像-图书-儿童绘本",,,,
"10637828","蒲蒲兰绘本 鼠小弟和鼠小妹","蒲蒲兰绘本馆","0-17722-17808-17814:玩具、图书音像-图书-儿童绘本",,,,
"10679886","蒲蒲兰绘本 鼠小弟套装之好孩子（四册入）","蒲蒲兰绘本馆","0-17722-17808-17814:玩具、图书音像-图书-儿童绘本",,,,
"10679864","蒲蒲兰绘本 鼠小弟套装之小背心（四册入）","蒲蒲兰绘本馆","0-17722-17808-17814:玩具、图书音像-图书-儿童绘本",,,,
"10679875","蒲蒲兰绘本 鼠小弟套装之鼠小弟和朋友们（四册入）","蒲蒲兰绘本馆","0-17722-17808-17814:玩具、图书音像-图书-儿童绘本",,,,
"10679897","蒲蒲兰绘本 鼠小弟套装（12册入）","蒲蒲兰绘本馆","0-17722-17808-17814:玩具、图书音像-图书-儿童绘本",,,,
"10637817","蒲蒲兰绘本 鼠小弟的又一件小背心","蒲蒲兰绘本馆","0-17722-17808-17814:玩具、图书音像-图书-儿童绘本",,,,
"10637793","蒲蒲兰绘本 鼠小弟的小背心","蒲蒲兰绘本馆","0-17722-17808-17814:玩具、图书音像-图书-儿童绘本",,,,
"10637884","蒲蒲兰绘本 鼠小弟荡秋千","蒲蒲兰绘本馆","0-17722-17808-17814:玩具、图书音像-图书-儿童绘本",,,,
"10637839","蒲蒲兰绘本 鼠小弟，鼠小弟","蒲蒲兰绘本馆","0-17722-17808-17814:玩具、图书音像-图书-儿童绘本",,,,
"10835617","帮助我们的人/皮卡西随身绘本","贵州人民出版社","0-17722-17808-17814:玩具、图书音像-图书-儿童绘本",,,,
"10835606","科妮的新鲜事/皮卡西随身绘本","贵州人民出版社","0-17722-17808-17814:玩具、图书音像-图书-儿童绘本",,,,
"10723076","阿阿熊启智大礼盒","阿阿熊","0-17722-17808-17814:玩具、图书音像-图书-儿童绘本",,,,
"10327396","宝宝心里成长绘本(12册)","","0-17722-17808-17814:玩具、图书音像-图书-儿童绘本",,,,
"11197765","培养最棒女孩100招","北京理工大学","0-17722-17808-17815:玩具、图书音像-图书-家庭教育",,,,
"11197754","培养最棒男孩100招","北京理工大学","0-17722-17808-17815:玩具、图书音像-图书-家庭教育",,,,
"10838821","培养优秀女孩的100个细节","华夏出版社","0-17722-17808-17815:玩具、图书音像-图书-家庭教育",,,,
"10838810","培养杰出男孩的100个细节","华夏出版社","0-17722-17808-17815:玩具、图书音像-图书-家庭教育",,,,
"10838832","好妈妈心理学","华夏出版社","0-17722-17808-17815:玩具、图书音像-图书-家庭教育",,,,
"10149867","小企鹅 让孩子受益一生的经典丛书 10册","小企鹅","0-17722-17808-17815:玩具、图书音像-图书-家庭教育",,,,
"10838332","亲子关细","时代文艺出版社","0-17722-17808-17815:玩具、图书音像-图书-家庭教育",,,,
"10838310","别把孩子越管越远","时代文艺出版社","0-17722-17808-17815:玩具、图书音像-图书-家庭教育",,,,
"10838321","女孩富养","时代文艺出版社","0-17722-17808-17815:玩具、图书音像-图书-家庭教育",,,,
"10838343","读懂孩子的行为艺术","时代文艺出版社","0-17722-17808-17815:玩具、图书音像-图书-家庭教育",,,,
"10838592","如何批评孩子才肯听","江西科技出版社","0-17722-17808-17815:玩具、图书音像-图书-家庭教育",,,,
"10838605","父母妙答好孩子的怪问题","江西科技出版社","0-17722-17808-17815:玩具、图书音像-图书-家庭教育",,,,
"10838354","全世界新妈妈都在和宝宝玩的亲子游戏","沈阳出版社","0-17722-17808-17815:玩具、图书音像-图书-家庭教育",,,,
"10723112","40周全程孕产指南/贝博士・冠军宝贝成","贝博士","0-17722-17808-17815:玩具、图书音像-图书-家庭教育",,,,
"10723101","和宝宝一起做的游戏大全:0-3岁/贝博士","贝博士","0-17722-17808-17815:玩具、图书音像-图书-家庭教育",,,,
"10723087","宝宝成长百科:0-3岁/贝博士・冠军宝贝","贝博士","0-17722-17808-17815:玩具、图书音像-图书-家庭教育",,,,
"10723098","实用育儿百科:0-3岁/贝博士・冠军宝贝","贝博士","0-17722-17808-17815:玩具、图书音像-图书-家庭教育",,,,
"10808749","贝博士・冠军宝贝（四册大套装）","贝博士","0-17722-17808-17815:玩具、图书音像-图书-家庭教育",,,,
"10835048","隔代教育：隔代不隔心","陕西师大出版社","0-17722-17808-17815:玩具、图书音像-图书-家庭教育",,,,
"10150897","孩子的好榜样（注音故事） 六册","","0-17722-17808-17815:玩具、图书音像-图书-家庭教育",,,,
"10186864","花袜子小乌鸦成长故事（精装）","","0-17722-17808-17815:玩具、图书音像-图书-家庭教育",,,,
"10092576","黄蓓佳―我要做好孩子","","0-17722-17808-17815:玩具、图书音像-图书-家庭教育",,,,
"10351458","全脑开发智能宝典","小企鹅","0-17722-17808-17816:玩具、图书音像-图书-智力开发",,,,
"10317745","全脑开发智能宝典―0-2岁","小企鹅","0-17722-17808-17816:玩具、图书音像-图书-智力开发",,,,
"10317756","全脑开发智能宝典―2-3岁","小企鹅","0-17722-17808-17816:玩具、图书音像-图书-智力开发",,,,
"10317767","全脑开发智能宝典―3-4岁","小企鹅","0-17722-17808-17816:玩具、图书音像-图书-智力开发",,,,
"10317778","全脑开发智能宝典―4-5岁","小企鹅","0-17722-17808-17816:玩具、图书音像-图书-智力开发",,,,
"10149856","小企鹅 全能宝宝卡 共8册","小企鹅","0-17722-17808-17816:玩具、图书音像-图书-智力开发",,,,
"9776889","小企鹅 掌中宝益智书套装 共8册","小企鹅","0-17722-17808-17816:玩具、图书音像-图书-智力开发",,,,
"9776958","小企鹅 掌中宝益智书－对比","小企鹅","0-17722-17808-17816:玩具、图书音像-图书-智力开发",,,,
"9776914","小企鹅 掌中宝益智书－数学","小企鹅","0-17722-17808-17816:玩具、图书音像-图书-智力开发",,,,
"9838293","小企鹅 掌中宝益智书－智力","小企鹅","0-17722-17808-17816:玩具、图书音像-图书-智力开发",,,,
"9776925","小企鹅 掌中宝益智书－视觉","小企鹅","0-17722-17808-17816:玩具、图书音像-图书-智力开发",,,,
"9776947","小企鹅 掌中宝益智书－认知","小企鹅","0-17722-17808-17816:玩具、图书音像-图书-智力开发",,,,
"9776890","小企鹅 掌中宝益智书－语言","小企鹅","0-17722-17808-17816:玩具、图书音像-图书-智力开发",,,,
"9776823","小企鹅 智能口袋书系列套装 共6册","小企鹅","0-17722-17808-17816:玩具、图书音像-图书-智力开发",,,,
"10149845","小企鹅 潜能开发益智拼玩大卡系列 6册","小企鹅","0-17722-17808-17816:玩具、图书音像-图书-智力开发",,,,
"9838373","小企鹅 聪明宝宝益智书+卡 0岁","小企鹅","0-17722-17808-17816:玩具、图书音像-图书-智力开发",,,,
"9838384","小企鹅 聪明宝宝益智书+卡 1岁","小企鹅","0-17722-17808-17816:玩具、图书音像-图书-智力开发",,,,
"9838395","小企鹅 聪明宝宝益智书+卡 2岁","小企鹅","0-17722-17808-17816:玩具、图书音像-图书-智力开发",,,,
"9838408","小企鹅 聪明宝宝益智书+卡 3岁","小企鹅","0-17722-17808-17816:玩具、图书音像-图书-智力开发",,,,
"10351447","小博士左右脑开发同步练习册","小企鹅","0-17722-17808-17816:玩具、图书音像-图书-智力开发",,,,
"10317676","小博士左右脑开发同步练习册―右脑转转转(书写)","小企鹅","0-17722-17808-17816:玩具、图书音像-图书-智力开发",,,,
"10317665","小博士左右脑开发同步练习册―右脑转转转(情商)","小企鹅","0-17722-17808-17816:玩具、图书音像-图书-智力开发",,,,
"10317687","小博士左右脑开发同步练习册―右脑转转转(感知)","小企鹅","0-17722-17808-17816:玩具、图书音像-图书-智力开发",,,,
"10317654","小博士左右脑开发同步练习册―右脑转转转(记忆)","小企鹅","0-17722-17808-17816:玩具、图书音像-图书-智力开发",,,,
"10317698","小博士左右脑开发同步练习册―左脑转转转(数学)","小企鹅","0-17722-17808-17816:玩具、图书音像-图书-智力开发",,,,
"10317723","小博士左右脑开发同步练习册―左脑转转转(计算)","小企鹅","0-17722-17808-17816:玩具、图书音像-图书-智力开发",,,,
"10317712","小博士左右脑开发同步练习册―左脑转转转(语言)","小企鹅","0-17722-17808-17816:玩具、图书音像-图书-智力开发",,,,
"213241","乐乐趣猜猜看系列-这是一只小猫吗?","荣信文化","0-17722-17808-17816:玩具、图书音像-图书-智力开发",,,,
"213263","乐乐趣猜猜看系列-这是一只蜗牛吗?","荣信文化","0-17722-17808-17816:玩具、图书音像-图书-智力开发",,,,
"213252","乐乐趣猜猜看系列-这是一只青蛙吗?","荣信文化","0-17722-17808-17816:玩具、图书音像-图书-智力开发",,,,
"213161","各种各样系列-各种各样的交通工具","荣信文化","0-17722-17808-17816:玩具、图书音像-图书-智力开发",,,,
"213127","各种各样系列-各种各样的人","荣信文化","0-17722-17808-17816:玩具、图书音像-图书-智力开发",,,,
"213150","各种各样系列-各种各样的害怕","荣信文化","0-17722-17808-17816:玩具、图书音像-图书-智力开发",,,,
"213138","各种各样系列-各种各样的感觉","荣信文化","0-17722-17808-17816:玩具、图书音像-图书-智力开发",,,,
"213172","各种各样系列-各种各样的房屋","荣信文化","0-17722-17808-17816:玩具、图书音像-图书-智力开发",,,,
"213149","各种各样系列-各种各样的身体","荣信文化","0-17722-17808-17816:玩具、图书音像-图书-智力开发",,,,
"213183","惊喜连连翻系列-农场","荣信文化","0-17722-17808-17816:玩具、图书音像-图书-智力开发",,,,
"213230","惊喜连连翻系列-动物园","荣信文化","0-17722-17808-17816:玩具、图书音像-图书-智力开发",,,,
"213218","惊喜连连翻系列-反义词","荣信文化","0-17722-17808-17816:玩具、图书音像-图书-智力开发",,,,
"213207","惊喜连连翻系列-字母","荣信文化","0-17722-17808-17816:玩具、图书音像-图书-智力开发",,,,
"213194","惊喜连连翻系列-数字","荣信文化","0-17722-17808-17816:玩具、图书音像-图书-智力开发",,,,
"213229","惊喜连连翻系列-颜色与形状","荣信文化","0-17722-17808-17816:玩具、图书音像-图书-智力开发",,,,
"9782007","脑力激荡训练营幼儿版(四册)","荣信文化","0-17722-17808-17816:玩具、图书音像-图书-智力开发",,,,
"9782074","脑力激荡训练营（四册）","荣信文化","0-17722-17808-17816:玩具、图书音像-图书-智力开发",,,,
"10092714","数独揭秘","","0-17722-17808-17816:玩具、图书音像-图书-智力开发",,,,
"10092372","海宝来了―思维特训书―中级（4-5岁）","","0-17722-17808-17816:玩具、图书音像-图书-智力开发",,,,
"10092350","海宝来了―思维特训书―初级（3-4岁）","","0-17722-17808-17816:玩具、图书音像-图书-智力开发",,,,
"10092361","海宝来了―思维特训书―高级（5-6岁）","","0-17722-17808-17816:玩具、图书音像-图书-智力开发",,,,
"10092407","海宝来了―智能游戏书―保卫彩虹城（3-4岁）","","0-17722-17808-17816:玩具、图书音像-图书-智力开发",,,,
"10092429","海宝来了―智能游戏书―萤火虫的秘密（4-5岁）","","0-17722-17808-17816:玩具、图书音像-图书-智力开发",,,,
"10189363","让你更聪明的游戏书―SUDOKU挑战数独","","0-17722-17808-17816:玩具、图书音像-图书-智力开发",,,,
"10092645","让你更聪明的游戏书―SUDOKU挑战数独 第III阶","","0-17722-17808-17816:玩具、图书音像-图书-智力开发",,,,
"10092667","让你更聪明的游戏书―SUDOKU挑战数独 第I阶","","0-17722-17808-17816:玩具、图书音像-图书-智力开发",,,,
"10351527","读童话.玩游戏.长知识","","0-17722-17808-17816:玩具、图书音像-图书-智力开发",,,,
"9761802","乐乐趣 毛毛虫嘉年华","乐乐趣","0-17722-17808-17820:玩具、图书音像-图书-入学教育",,,,
"10351436","全国名牌小学入学必备丛书","小企鹅","0-17722-17808-17820:玩具、图书音像-图书-入学教育",,,,
"10317596","全国名牌小学入学必备丛书―传统蒙学","小企鹅","0-17722-17808-17820:玩具、图书音像-图书-入学教育",,,,
"10317585","全国名牌小学入学必备丛书―学前成语精编","小企鹅","0-17722-17808-17820:玩具、图书音像-图书-入学教育",,,,
"10317610","全国名牌小学入学必备丛书―学前拼音","小企鹅","0-17722-17808-17820:玩具、图书音像-图书-入学教育",,,,
"10317609","全国名牌小学入学必备丛书―学前数学","小企鹅","0-17722-17808-17820:玩具、图书音像-图书-入学教育",,,,
"10317632","全国名牌小学入学必备丛书―学前识字","小企鹅","0-17722-17808-17820:玩具、图书音像-图书-入学教育",,,,
"10317621","全国名牌小学入学必备丛书―学前识词","小企鹅","0-17722-17808-17820:玩具、图书音像-图书-入学教育",,,,
"9780089","小企鹅 金牌宝宝学前必备－儿歌","小企鹅","0-17722-17808-17820:玩具、图书音像-图书-入学教育",,,,
"9780034","小企鹅 金牌宝宝学前必备－唐诗","小企鹅","0-17722-17808-17820:玩具、图书音像-图书-入学教育",,,,
"9780012","小企鹅 金牌宝宝学前必备－寓言","小企鹅","0-17722-17808-17820:玩具、图书音像-图书-入学教育",,,,
"9780090","小企鹅 金牌宝宝学前必备－成语","小企鹅","0-17722-17808-17820:玩具、图书音像-图书-入学教育",,,,
"9780078","小企鹅 金牌宝宝学前必备－拼音","小企鹅","0-17722-17808-17820:玩具、图书音像-图书-入学教育",,,,
"9780045","小企鹅 金牌宝宝学前必备－数学","小企鹅","0-17722-17808-17820:玩具、图书音像-图书-入学教育",,,,
"9841207","小企鹅 金牌宝宝学前必备－百家姓","小企鹅","0-17722-17808-17820:玩具、图书音像-图书-入学教育",,,,
"9780023","小企鹅 金牌宝宝学前必备－英文","小企鹅","0-17722-17808-17820:玩具、图书音像-图书-入学教育",,,,
"9780056","小企鹅 金牌宝宝学前必备－识字","小企鹅","0-17722-17808-17820:玩具、图书音像-图书-入学教育",,,,
"9738209","绘画拉拉卡-古都西安","荣信文化","0-17722-17808-17820:玩具、图书音像-图书-入学教育",,,,
"217323","忙碌的虫子系列-忙碌的蜘蛛","荣信文化","0-17722-17808-17821:玩具、图书音像-图书-立体图书",,,,
"217334","忙碌的虫子系列-甲壳虫的工具箱","荣信文化","0-17722-17808-17821:玩具、图书音像-图书-立体图书",,,,
"217312","忙碌的虫子系列-蚂蚁的职责","荣信文化","0-17722-17808-17821:玩具、图书音像-图书-立体图书",,,,
"217265","找朋友-小兔比利","荣信文化","0-17722-17808-17821:玩具、图书音像-图书-立体图书",,,,
"217276","找朋友-小鸡查理","荣信文化","0-17722-17808-17821:玩具、图书音像-图书-立体图书",,,,
"217298","找朋友-猫头鹰奥齐","荣信文化","0-17722-17808-17821:玩具、图书音像-图书-立体图书",,,,
"359864","乐乐趣神奇转转书-打招呼的丛林动物","荣信文化","0-17722-17808-17861:玩具、图书音像-图书-玩具书",,,,
"359875","乐乐趣神奇转转书-打招呼的花园动物","荣信文化","0-17722-17808-17861:玩具、图书音像-图书-玩具书",,,,
"213616","宝宝趣味摇铃书系列-可爱的宠物","荣信文化","0-17722-17808-17861:玩具、图书音像-图书-玩具书",,,,
"213649","宝宝趣味摇铃书系列-小车车出发啦！","荣信文化","0-17722-17808-17861:玩具、图书音像-图书-玩具书",,,,
"213627","宝宝趣味摇铃书系列-快乐的小虫虫","荣信文化","0-17722-17808-17861:玩具、图书音像-图书-玩具书",,,,
"213638","宝宝趣味摇铃书系列-我的一天","荣信文化","0-17722-17808-17861:玩具、图书音像-图书-玩具书",,,,
"9528089","托尼・沃尔夫翻翻书-农场","荣信文化","0-17722-17808-17861:玩具、图书音像-图书-玩具书",,,,
"9528103","托尼・沃尔夫翻翻书-城市","荣信文化","0-17722-17808-17861:玩具、图书音像-图书-玩具书",,,,
"9528078","托尼・沃尔夫翻翻书-森林","荣信文化","0-17722-17808-17861:玩具、图书音像-图书-玩具书",,,,
"9528090","托尼・沃尔夫翻翻书-海洋","荣信文化","0-17722-17808-17861:玩具、图书音像-图书-玩具书",,,,
"9528067","托尼・沃尔夫翻翻书-童话","荣信文化","0-17722-17808-17861:玩具、图书音像-图书-玩具书",,,,
"217254","游戏时间(四册)","荣信文化","0-17722-17808-17861:玩具、图书音像-图书-玩具书",,,,
"403236","移动书箱系列-公主","荣信文化","0-17722-17808-17861:玩具、图书音像-图书-玩具书",,,,
"403269","移动书箱系列-农场","荣信文化","0-17722-17808-17861:玩具、图书音像-图书-玩具书",,,,
"403258","移动书箱系列-森林","荣信文化","0-17722-17808-17861:玩具、图书音像-图书-玩具书",,,,
"403247","移动书箱系列-运动会","荣信文化","0-17722-17808-17861:玩具、图书音像-图书-玩具书",,,,
"213490","迪士尼多媒体系列玩具书-小熊维尼神奇放映机故事书","荣信文化","0-17722-17808-17861:玩具、图书音像-图书-玩具书",,,,
"217447","迪士尼多媒体系列玩具书-米奇妙妙屋观看器故事书","荣信文化","0-17722-17808-17861:玩具、图书音像-图书-玩具书",,,,
"213503","迪士尼多媒体系列玩具书-音乐播放器迪士尼公主故事书","荣信文化","0-17722-17808-17861:玩具、图书音像-图书-玩具书",,,,
"10327545","奇妙变身书―公主乐园","","0-17722-17808-17861:玩具、图书音像-图书-玩具书",,,,
"10327512","奇妙变身书―汽车修理厂","","0-17722-17808-17861:玩具、图书音像-图书-玩具书",,,,
"10327501","奇妙变身书―珊瑚礁","","0-17722-17808-17861:玩具、图书音像-图书-玩具书",,,,
"10327523","奇妙变身书―足球场","","0-17722-17808-17861:玩具、图书音像-图书-玩具书",,,,
"10327498","奇妙变身书―金字塔","","0-17722-17808-17861:玩具、图书音像-图书-玩具书",,,,
"10327534","奇妙变身书―雨林","","0-17722-17808-17861:玩具、图书音像-图书-玩具书",,,,
"10327421","读童话.玩游戏.长知识―三只公羊格鲁夫","","0-17722-17808-17861:玩具、图书音像-图书-玩具书",,,,
"10327409","读童话.玩游戏.长知识―三只小猪","","0-17722-17808-17861:玩具、图书音像-图书-玩具书",,,,
"10327410","读童话.玩游戏.长知识―小红帽","","0-17722-17808-17861:玩具、图书音像-图书-玩具书",,,,
"10327432","读童话.玩游戏.长知识―杰克与魔豆","","0-17722-17808-17861:玩具、图书音像-图书-玩具书",,,,
"10327341","边学边玩游戏书―优雅公主","","0-17722-17808-17861:玩具、图书音像-图书-玩具书",,,,
"10327318","边学边玩游戏书―旅行达人","","0-17722-17808-17861:玩具、图书音像-图书-玩具书",,,,
"10327330","边学边玩游戏书―海盗传奇","","0-17722-17808-17861:玩具、图书音像-图书-玩具书",,,,
"10327329","边学边玩游戏书―环保行动","","0-17722-17808-17861:玩具、图书音像-图书-玩具书",,,,
"10826934","剪羊毛事件","小羊肖恩","0-17722-17808-17862:玩具、图书音像-图书-卡通动漫",,,,
"10826945","可恶的鼹鼠","小羊肖恩","0-17722-17808-17862:玩具、图书音像-图书-卡通动漫",,,,
"10826956","恐怖片事件","小羊肖恩","0-17722-17808-17862:玩具、图书音像-图书-卡通动漫",,,,
"10826989","提米的困扰","小羊肖恩","0-17722-17808-17862:玩具、图书音像-图书-卡通动漫",,,,
"10826912","斗牛士肖恩","小羊肖恩","0-17722-17808-17862:玩具、图书音像-图书-卡通动漫",,,,
"10826978","淘气猪的恶作剧","小羊肖恩","0-17722-17808-17862:玩具、图书音像-图书-卡通动漫",,,,
"10826967","热水澡万岁","小羊肖恩","0-17722-17808-17862:玩具、图书音像-图书-卡通动漫",,,,
"10826990","羊羊们的舞会","小羊肖恩","0-17722-17808-17862:玩具、图书音像-图书-卡通动漫",,,,
"10827006","羊羊足球赛","小羊肖恩","0-17722-17808-17862:玩具、图书音像-图书-卡通动漫",,,,
"10826923","跟肖恩一起减肥","小羊肖恩","0-17722-17808-17862:玩具、图书音像-图书-卡通动漫",,,,
"9528125","臭袜子查理系列―大冒险","荣信文化","0-17722-17808-17862:玩具、图书音像-图书-卡通动漫",,,,
"9528136","臭袜子查理系列―恐怖之夜","荣信文化","0-17722-17808-17862:玩具、图书音像-图书-卡通动漫",,,,
"10419622","丁丁历险记系列（大16开本）","","0-17722-17808-17862:玩具、图书音像-图书-卡通动漫",,,,
"10419611","丁丁历险记系列（小16开本）","","0-17722-17808-17862:玩具、图书音像-图书-卡通动漫",,,,
"10091415","丁丁历险记（大16开本）―714航班","","0-17722-17808-17862:玩具、图书音像-图书-卡通动漫",,,,
"10091459","丁丁历险记（大16开本）―丁丁在刚果","","0-17722-17808-17862:玩具、图书音像-图书-卡通动漫",,,,
"10091460","丁丁历险记（大16开本）―丁丁在美洲","","0-17722-17808-17862:玩具、图书音像-图书-卡通动漫",,,,
"10091584","丁丁历险记（大16开本）―七个水晶球","","0-17722-17808-17862:玩具、图书音像-图书-卡通动漫",,,,
"10091619","丁丁历险记（大16开本）―向日葵教授绑架案","","0-17722-17808-17862:玩具、图书音像-图书-卡通动漫",,,,
"10091608","丁丁历险记（大16开本）―太阳神的囚徒","","0-17722-17808-17862:玩具、图书音像-图书-卡通动漫",,,,
"10091437","丁丁历险记（大16开本）―奔向月球","","0-17722-17808-17862:玩具、图书音像-图书-卡通动漫",,,,
"10091426","丁丁历险记（大16开本）―奥托卡王的权杖","","0-17722-17808-17862:玩具、图书音像-图书-卡通动漫",,,,
"10091493","丁丁历险记（大16开本）―法老的雪茄","","0-17722-17808-17862:玩具、图书音像-图书-卡通动漫",,,,
"10091482","丁丁历险记（大16开本）―独角兽号的秘密","","0-17722-17808-17862:玩具、图书音像-图书-卡通动漫",,,,
"10091573","丁丁历险记（大16开本）―破损的耳朵","","0-17722-17808-17862:玩具、图书音像-图书-卡通动漫",,,,
"10091528","丁丁历险记（大16开本）―红色拉克姆的宝藏","","0-17722-17808-17862:玩具、图书音像-图书-卡通动漫",,,,
"10091562","丁丁历险记（大16开本）―绿宝石失窃案","","0-17722-17808-17862:玩具、图书音像-图书-卡通动漫",,,,
"10091551","丁丁历险记（大16开本）―蓝莲花","","0-17722-17808-17862:玩具、图书音像-图书-卡通动漫",,,,
"10091540","丁丁历险记（大16开本）―金钳螃蟹贩毒集团","","0-17722-17808-17862:玩具、图书音像-图书-卡通动漫",,,,
"10091506","丁丁历险记（大16开本）―黑岛","","0-17722-17808-17862:玩具、图书音像-图书-卡通动漫",,,,
"10091517","丁丁历险记（大16开本）―黑金之国","","0-17722-17808-17862:玩具、图书音像-图书-卡通动漫",,,,
"10091631","丁丁历险记（小16开本）―714航班","","0-17722-17808-17862:玩具、图书音像-图书-卡通动漫",,,,
"10091664","丁丁历险记（小16开本）―丁丁与丛林战士","","0-17722-17808-17862:玩具、图书音像-图书-卡通动漫",,,,
"10091675","丁丁历险记（小16开本）―丁丁在刚果","","0-17722-17808-17862:玩具、图书音像-图书-卡通动漫",,,,
"10091686","丁丁历险记（小16开本）―丁丁在美洲","","0-17722-17808-17862:玩具、图书音像-图书-卡通动漫",,,,
"10091697","丁丁历险记（小16开本）―丁丁在西藏","","0-17722-17808-17862:玩具、图书音像-图书-卡通动漫",,,,
"10091802","丁丁历险记（小16开本）―七个水晶球","","0-17722-17808-17862:玩具、图书音像-图书-卡通动漫",,,,
"10091835","丁丁历险记（小16开本）―向日葵教授绑架案","","0-17722-17808-17862:玩具、图书音像-图书-卡通动漫",,,,
"10091824","丁丁历险记（小16开本）―太阳神的囚徒","","0-17722-17808-17862:玩具、图书音像-图书-卡通动漫",,,,
"10091653","丁丁历险记（小16开本）―奔向月球","","0-17722-17808-17862:玩具、图书音像-图书-卡通动漫",,,,
"10091642","丁丁历险记（小16开本）―奥托卡王的权杖","","0-17722-17808-17862:玩具、图书音像-图书-卡通动漫",,,,
"10091846","丁丁历险记（小16开本）―月球探险","","0-17722-17808-17862:玩具、图书音像-图书-卡通动漫",,,,
"10091711","丁丁历险记（小16开本）―法老的雪茄","","0-17722-17808-17862:玩具、图书音像-图书-卡通动漫",,,,
"10091700","丁丁历险记（小16开本）―独角兽号的秘密","","0-17722-17808-17862:玩具、图书音像-图书-卡通动漫",,,,
"10091799","丁丁历险记（小16开本）―破损的耳朵","","0-17722-17808-17862:玩具、图书音像-图书-卡通动漫",,,,
"10091813","丁丁历险记（小16开本）―神秘的流星","","0-17722-17808-17862:玩具、图书音像-图书-卡通动漫",,,,
"10091744","丁丁历险记（小16开本）―红色拉克姆的宝藏","","0-17722-17808-17862:玩具、图书音像-图书-卡通动漫",,,,
"10091788","丁丁历险记（小16开本）―绿宝石失窃案","","0-17722-17808-17862:玩具、图书音像-图书-卡通动漫",,,,
"10091777","丁丁历险记（小16开本）―蓝莲花","","0-17722-17808-17862:玩具、图书音像-图书-卡通动漫",,,,
"10091755","丁丁历险记（小16开本）―货舱里的黑幕","","0-17722-17808-17862:玩具、图书音像-图书-卡通动漫",,,,
"10091766","丁丁历险记（小16开本）―金钳螃蟹贩毒集团","","0-17722-17808-17862:玩具、图书音像-图书-卡通动漫",,,,
"10091722","丁丁历险记（小16开本）―黑岛","","0-17722-17808-17862:玩具、图书音像-图书-卡通动漫",,,,
"10091733","丁丁历险记（小16开本）―黑金之国","","0-17722-17808-17862:玩具、图书音像-图书-卡通动漫",,,,
"10327352","丛林小子布布(10册)","","0-17722-17808-17862:玩具、图书音像-图书-卡通动漫",,,,
"10839153","0-3岁宝宝养育全书","北京理工大学出版社","0-17722-17808-19355:玩具、图书音像-图书-孕产育儿",,,,
"10839164","280天同步胎教全书","北京理工大学出版社","0-17722-17808-19355:玩具、图书音像-图书-孕产育儿",,,,
"10839175","40周健康怀孕全书","北京理工大学出版社","0-17722-17808-19355:玩具、图书音像-图书-孕产育儿",,,,
"10838752","0-3岁婴幼儿疾病防治与护理大全","华夏出版社","0-17722-17808-19355:玩具、图书音像-图书-孕产育儿",,,,
"10838796","产妇护理宜忌大全","华夏出版社","0-17722-17808-19355:玩具、图书音像-图书-孕产育儿",,,,
"10838809","全家一起看的胎教百科","华夏出版社","0-17722-17808-19355:玩具、图书音像-图书-孕产育儿",,,,
"10838785","准爸准妈全程孕产手册","华夏出版社","0-17722-17808-19355:玩具、图书音像-图书-孕产育儿",,,,
"10838763","孕产妇营养保健与食谱大全","华夏出版社","0-17722-17808-19355:玩具、图书音像-图书-孕产育儿",,,,
"10838774","宝宝喂养完全方案(0～3)岁","华夏出版社","0-17722-17808-19355:玩具、图书音像-图书-孕产育儿",,,,
"10838707","色彩育儿经","华夏出版社","0-17722-17808-19355:玩具、图书音像-图书-孕产育儿",,,,
"10838207","80后妈妈五星级月子","武汉出版社","0-17722-17808-19355:玩具、图书音像-图书-孕产育儿",,,,
"10838967","七彩的世界(小学卷）/语文报・三十年","华夏出版社","0-17722-17808-19368:玩具、图书音像-图书-文教",,,,
"10838741","提高中学生自我品质的128个修养故事","华夏出版社","0-17722-17808-19368:玩具、图书音像-图书-文教",,,,
"10838730","教会中学生珍惜理解的128个感恩故事","华夏出版社","0-17722-17808-19368:玩具、图书音像-图书-文教",,,,
"10838729","激发中学生努力进取的128个激励故事","华夏出版社","0-17722-17808-19368:玩具、图书音像-图书-文教",,,,
"10838901","笔尖的声音(小学卷）/语文报・三十年","华夏出版社","0-17722-17808-19368:玩具、图书音像-图书-文教",,,,
"10838718","讲述中学生美好时光的128个青春故事","华夏出版社","0-17722-17808-19368:玩具、图书音像-图书-文教",,,,
"10838912","风吹哪页读哪页(小学卷）/语文报・三","华夏出版社","0-17722-17808-19368:玩具、图书音像-图书-文教",,,,
"10838694","赢在小学作文知识宝典","吉林美术出版社","0-17722-17808-19368:玩具、图书音像-图书-文教",,,,
"10838672","赢在小学数学知识宝典","吉林美术出版社","0-17722-17808-19368:玩具、图书音像-图书-文教",,,,
"10838683","赢在小学语文知识宝典","吉林美术出版社","0-17722-17808-19368:玩具、图书音像-图书-文教",,,,
"10838412","最新中学生分类作文大百科","商务印书馆","0-17722-17808-19368:玩具、图书音像-图书-文教",,,,
"10838401","最新小学生分类作文大百科","商务印书馆","0-17722-17808-19368:玩具、图书音像-图书-文教",,,,
"10838616","改进孩子学习习惯全攻略","江西科技出版社","0-17722-17808-19368:玩具、图书音像-图书-文教",,,,
"10838627","赢在起跑线：帮助孩子上好小学一年级","江西科技出版社","0-17722-17808-19368:玩具、图书音像-图书-文教",,,,
"10838172","小学作文10个知识点必备(三年级)","语文出版社","0-17722-17808-19368:玩具、图书音像-图书-文教",,,,
"10838183","小学作文12个知识点必备(四年级)","语文出版社","0-17722-17808-19368:玩具、图书音像-图书-文教",,,,
"10838194","小学作文15个知识点必备(六年级)","语文出版社","0-17722-17808-19368:玩具、图书音像-图书-文教",,,,
"10838150","同义词/近义词/反义词与组词造句词典（","长江出版社","0-17722-17808-19368:玩具、图书音像-图书-文教",,,,
"10838149","同义词/近义词/反义词多音多义字词典（","长江出版社","0-17722-17808-19368:玩具、图书音像-图书-文教",,,,
"10838138","多功能小学生词典（修订版）","长江出版社","0-17722-17808-19368:玩具、图书音像-图书-文教",,,,
"10838092","多功能新编字典（修订版）","长江出版社","0-17722-17808-19368:玩具、图书音像-图书-文教",,,,
"10838105","汉语成语小词典（修订版）","长江出版社","0-17722-17808-19368:玩具、图书音像-图书-文教",,,,
"10838116","现代汉语小词典（修订版）","长江出版社","0-17722-17808-19368:玩具、图书音像-图书-文教",,,,
"10620845","迪士尼启蒙英语12DVD 豪华礼品套装（配送手提袋）","天艺","0-17722-17809-17822:玩具、图书音像-音像教育-英语学习",,"迪士尼","迪士尼,启蒙,英语,12dvd, ,豪华,礼品套装,（,配送,手提袋,）",""
"9999331","洪恩 启蒙英语500词（赠品）","洪恩","0-17722-17809-17822:玩具、图书音像-音像教育-英语学习",,"洪恩","洪恩, ,启蒙,英语,500,词,（,赠品,）",""
"302590","洪恩 幼儿英语（DVD）","洪恩","0-17722-17809-17822:玩具、图书音像-音像教育-英语学习",,"洪恩","洪恩, ,幼儿,英语,（,dvd,）",""
"9999524","洪恩 幼儿英语（VCD）","洪恩","0-17722-17809-17822:玩具、图书音像-音像教育-英语学习",,"洪恩","洪恩, ,幼儿,英语,（,vcd,）",""
"302487","洪恩GOGO学英语(洪恩朗读者)","洪恩","0-17722-17809-17822:玩具、图书音像-音像教育-英语学习",,"洪恩,洪恩","洪恩,gogo,学英语,(,洪恩,朗读者,)",""
"302647","洪恩三只小猪进阶英语DVD","洪恩","0-17722-17809-17822:玩具、图书音像-音像教育-英语学习",,"洪恩","洪恩,三只,小猪,进阶,英语,dvd",""
"302501","洪恩儿童英语图解1000词(洪恩朗读者)","洪恩","0-17722-17809-17822:玩具、图书音像-音像教育-英语学习",,"洪恩,洪恩","洪恩,儿童英语,图解,1000,词,(,洪恩,朗读者,)",""
"302885","洪恩国际幼儿英语","洪恩","0-17722-17809-17822:玩具、图书音像-音像教育-英语学习",,"洪恩","洪恩,国际,幼儿,英语",""
"10144099","十万个为什么","天艺音像","0-17722-17809-17823:玩具、图书音像-音像教育-幼儿与学前启蒙",,"","十万个为什么",""
"10144351","天线宝宝 2010中国世博会年特别版","天艺音像","0-17722-17809-17823:玩具、图书音像-音像教育-幼儿与学前启蒙",,"天线宝宝","天线宝宝, ,2010,中国,世博会,年,特别版",""
"10144011","宝贝成长计划系列 365夜睡前故事","天艺音像","0-17722-17809-17823:玩具、图书音像-音像教育-幼儿与学前启蒙",,"宝贝成长","宝贝成长,计划,系列, ,365,夜,睡前,故事",""
"10144317","童乐园系列 中国经典童话故事精选","天艺音像","0-17722-17809-17823:玩具、图书音像-音像教育-幼儿与学前启蒙",,"","童,乐园,系列, ,中国,经典,童话故事,精选",""
"10145843","芝麻街 和艾摩一起穿衣服","天艺音像","0-17722-17809-17823:玩具、图书音像-音像教育-幼儿与学前启蒙",,"芝麻街","芝麻街, ,和,艾,摩,一起,穿衣服",""
"10145854","芝麻街 和艾摩一起起床","天艺音像","0-17722-17809-17823:玩具、图书音像-音像教育-幼儿与学前启蒙",,"芝麻街","芝麻街, ,和,艾,摩,一起,起床",""
"10145821","芝麻街 艾摩的小宝宝朋友们","天艺音像","0-17722-17809-17823:玩具、图书音像-音像教育-幼儿与学前启蒙",,"芝麻街","芝麻街, ,艾,摩的,小宝宝,朋友们",""
"10145832","芝麻街 艾摩看病记","天艺音像","0-17722-17809-17823:玩具、图书音像-音像教育-幼儿与学前启蒙",,"芝麻街","芝麻街, ,艾,摩,看病,记",""
"10145956","芝麻街II 做运动学算术","天艺音像","0-17722-17809-17823:玩具、图书音像-音像教育-幼儿与学前启蒙",,"芝麻街","芝麻街,ii, ,做,运动学,算术",""
"10145978","芝麻街II 快乐的舞蹈课","天艺音像","0-17722-17809-17823:玩具、图书音像-音像教育-幼儿与学前启蒙",,"芝麻街","芝麻街,ii, ,快,乐的,舞蹈,课",""
"10145967","芝麻街II 热爱地球","天艺音像","0-17722-17809-17823:玩具、图书音像-音像教育-幼儿与学前启蒙",,"芝麻街","芝麻街,ii, ,热爱,地球",""
"10145901","芝麻街II 生日快乐","天艺音像","0-17722-17809-17823:玩具、图书音像-音像教育-幼儿与学前启蒙",,"芝麻街","芝麻街,ii, ,生日快乐",""
"10145989","芝麻街II 逃生训练记","天艺音像","0-17722-17809-17823:玩具、图书音像-音像教育-幼儿与学前启蒙",,"芝麻街","芝麻街,ii, ,逃生,训练,记",""
"9999342","洪恩 学前必备500字（赠品）","洪恩","0-17722-17809-17823:玩具、图书音像-音像教育-幼儿与学前启蒙",,"洪恩","洪恩, ,学前,必备,500,字,（,赠品,）",""
"9999319","洪恩 宝宝益智乐园60元充值卡（赠品）","洪恩","0-17722-17809-17823:玩具、图书音像-音像教育-幼儿与学前启蒙",,"洪恩","洪恩, ,宝宝,益智,乐园,60,元,充值卡,（,赠品,）",""
"10191103","洪恩 幼儿认知-启蒙篇(赠品)","洪恩","0-17722-17809-17823:玩具、图书音像-音像教育-幼儿与学前启蒙",,"洪恩","洪恩, ,幼儿,认知,-,启蒙,篇,(,赠品,)","幼儿"
"10191114","洪恩 幼儿认知-提高篇(赠品)","洪恩","0-17722-17809-17823:玩具、图书音像-音像教育-幼儿与学前启蒙",,"洪恩","洪恩, ,幼儿,认知,-,提高,篇,(,赠品,)","幼儿"
"9999320","洪恩 成长系列挂图学前必备（朗读者） 赠品","洪恩","0-17722-17809-17823:玩具、图书音像-音像教育-幼儿与学前启蒙",,"洪恩","洪恩, ,成长,系列,挂图,学前,必备,（,朗读者,）, ,赠品",""
"302556","洪恩世界经典童话（朗读者）","洪恩","0-17722-17809-17823:玩具、图书音像-音像教育-幼儿与学前启蒙",,"洪恩","洪恩,世界,经典,童话,（,朗读者,）",""
"302545","洪恩子集扩展幼儿识字（朗读者）","洪恩","0-17722-17809-17823:玩具、图书音像-音像教育-幼儿与学前启蒙",,"洪恩","洪恩,子集,扩展,幼儿,识字,（,朗读者,）","幼儿"
"302636","洪恩宝宝看世界DVD版","洪恩","0-17722-17809-17823:玩具、图书音像-音像教育-幼儿与学前启蒙",,"洪恩","洪恩,宝宝,看,世界,dvd,版",""
"302761","洪恩宝宝美语脱口秀(8张盘+4本家长指导手册+1张mp3)","洪恩","0-17722-17809-17823:玩具、图书音像-音像教育-幼儿与学前启蒙",,"洪恩","洪恩,宝宝,美语,脱口秀,(,8,张,盘,+,4,本,家长,指导,手册,+,1,张,mp3,)",""
"302670","洪恩宝宝问世界VCD套装","洪恩","0-17722-17809-17823:玩具、图书音像-音像教育-幼儿与学前启蒙",,"洪恩","洪恩,宝宝,问,世界,vcd,套装",""
"302658","洪恩小乌龟学美语 (DVD)","洪恩","0-17722-17809-17823:玩具、图书音像-音像教育-幼儿与学前启蒙",,"洪恩","洪恩,小乌龟,学,美语, ,(,dvd,)",""
"302807","洪恩小乌龟学美语 (VCD)","洪恩","0-17722-17809-17823:玩具、图书音像-音像教育-幼儿与学前启蒙",,"洪恩","洪恩,小乌龟,学,美语, ,(,vcd,)",""
"302578","洪恩小小口袋（朗读者）","洪恩","0-17722-17809-17823:玩具、图书音像-音像教育-幼儿与学前启蒙",,"洪恩","洪恩,小,小口袋,（,朗读者,）",""
"302625","洪恩巴迪英文童谣 DVD套装","洪恩","0-17722-17809-17823:玩具、图书音像-音像教育-幼儿与学前启蒙",,"洪恩","洪恩,巴迪,英文,童谣, ,dvd,套装",""
"302534","洪恩幼儿数学（朗读者）","洪恩","0-17722-17809-17823:玩具、图书音像-音像教育-幼儿与学前启蒙",,"洪恩","洪恩,幼儿,数学,（,朗读者,）","幼儿"
"302523","洪恩幼儿识字（朗读者）","洪恩","0-17722-17809-17823:玩具、图书音像-音像教育-幼儿与学前启蒙",,"洪恩","洪恩,幼儿,识字,（,朗读者,）","幼儿"
"302498","洪恩成长系列挂图学前必备（朗读者）","洪恩","0-17722-17809-17823:玩具、图书音像-音像教育-幼儿与学前启蒙",,"洪恩","洪恩,成长,系列,挂图,学前,必备,（,朗读者,）",""
"302589","洪恩成长系列挂图幼儿认知（朗读者）","洪恩","0-17722-17809-17823:玩具、图书音像-音像教育-幼儿与学前启蒙",,"洪恩","洪恩,成长,系列,挂图,幼儿,认知,（,朗读者,）","幼儿"
"302567","洪恩我的第一本（朗读者）","洪恩","0-17722-17809-17823:玩具、图书音像-音像教育-幼儿与学前启蒙",,"洪恩","洪恩,我的,第一本,（,朗读者,）",""
"302465","洪恩朗读者","洪恩","0-17722-17809-17823:玩具、图书音像-音像教育-幼儿与学前启蒙",,"洪恩","洪恩,朗读者",""
"9572025","洪恩朗读者-幼儿英语数学组合套装网络特供版(1笔+12书+12VCD+6张DVD+1卡+充电器+说明书)","洪恩","0-17722-17809-17823:玩具、图书音像-音像教育-幼儿与学前启蒙",,"洪恩","洪恩,朗读者,-,幼儿,英语,数学,组合套装,网络,特供,版,(,1,笔,+,12,书,+,12vcd,+,6,张,dvd,+,1,卡,+,充电器,+,说明书,)","幼儿"
"302454","洪恩朗读者大套装","洪恩","0-17722-17809-17823:玩具、图书音像-音像教育-幼儿与学前启蒙",,"洪恩","洪恩,朗读者,大,套装",""
"302794","洪恩经典拼图儿歌","洪恩","0-17722-17809-17823:玩具、图书音像-音像教育-幼儿与学前启蒙",,"洪恩","洪恩,经典,拼图,儿歌","拼图"
"9999308","迪士尼 经典拼图儿歌书 可爱维尼（赠品）","迪士尼","0-17722-17809-17823:玩具、图书音像-音像教育-幼儿与学前启蒙",,"迪士尼","迪士尼, ,经典,拼图,儿歌,书, ,可爱,维尼,（,赠品,）","拼图"
"9999284","迪士尼 经典拼图儿歌书 梦幻公主（赠品）","迪士尼","0-17722-17809-17823:玩具、图书音像-音像教育-幼儿与学前启蒙",,"迪士尼","迪士尼, ,经典,拼图,儿歌,书, ,梦幻,公主,（,赠品,）","拼图"
"9999295","迪士尼 经典拼图儿歌书 调皮米奇（赠品）","迪士尼","0-17722-17809-17823:玩具、图书音像-音像教育-幼儿与学前启蒙",,"迪士尼","迪士尼, ,经典,拼图,儿歌,书, ,调皮,米奇,（,赠品,）","拼图"
"10142899","5+3宝贝成长计划系列 米奇欢乐嘉年华","天艺音像","0-17722-17809-18062:玩具、图书音像-音像教育-卡通动画",,"","5,+,3,宝贝成长,计划,系列, ,米奇,欢乐,嘉年华",""
"10142888","5+3宝贝成长计划系列 老鼠抓猫三十六计","天艺音像","0-17722-17809-18062:玩具、图书音像-音像教育-卡通动画",,"","5,+,3,宝贝成长,计划,系列, ,老鼠,抓,猫,三十六计",""
"10142662","喜羊羊与灰太狼 1-150集","天艺音像","0-17722-17809-18062:玩具、图书音像-音像教育-卡通动画",,"喜羊羊与灰太狼","喜羊羊与灰太狼, ,1,-,150,集",""
"10142673","喜羊羊与灰太狼 151-300集","天艺音像","0-17722-17809-18062:玩具、图书音像-音像教育-卡通动画",,"喜羊羊与灰太狼","喜羊羊与灰太狼, ,151,-,300,集",""
"10144339","喜羊羊与灰太狼 最新篇第453-464集 智慧宝系列","天艺音像","0-17722-17809-18062:玩具、图书音像-音像教育-卡通动画",,"喜羊羊与灰太狼","喜羊羊与灰太狼, ,最,新篇,第,453,-,464,集, ,智,慧宝,系列",""
"10142117","喜羊羊与灰太狼大电影之虎虎生威","天艺音像","0-17722-17809-18062:玩具、图书音像-音像教育-卡通动画",,"喜羊羊与灰太狼","喜羊羊与灰太狼,大,电影,之,虎虎,生威",""
"10144920","嘉年华系列 聪明的阿凡提","天艺音像","0-17722-17809-18062:玩具、图书音像-音像教育-卡通动画",,"嘉年华","嘉年华,系列, ,聪,明的,阿凡提",""
"10144704","圣石奇兵 全集珍藏版","天艺音像","0-17722-17809-18062:玩具、图书音像-音像教育-卡通动画",,"","圣,石,奇兵, ,全集,珍藏版",""
"10143596","天线宝宝 5碟礼品装3","天艺音像","0-17722-17809-18062:玩具、图书音像-音像教育-卡通动画",,"天线宝宝","天线宝宝, ,5,碟,礼品装,3","碟"
"10143938","天线宝宝 9碟礼品装三","天艺音像","0-17722-17809-18062:玩具、图书音像-音像教育-卡通动画",,"天线宝宝","天线宝宝, ,9,碟,礼品装,三","碟"
"10143950","天线宝宝 9碟礼品装五","天艺音像","0-17722-17809-18062:玩具、图书音像-音像教育-卡通动画",,"天线宝宝","天线宝宝, ,9,碟,礼品装,五","碟"
"10143949","天线宝宝 9碟礼品装四","天艺音像","0-17722-17809-18062:玩具、图书音像-音像教育-卡通动画",,"天线宝宝","天线宝宝, ,9,碟,礼品装,四","碟"
"10143881","天线宝宝 玩出创造性 手提盒装","天艺音像","0-17722-17809-18062:玩具、图书音像-音像教育-卡通动画",,"天线宝宝","天线宝宝, ,玩出,创造性, ,手提,盒装",""
"10143972","天线宝宝第三季 6碟礼品装","天艺音像","0-17722-17809-18062:玩具、图书音像-音像教育-卡通动画",,"天线宝宝","天线宝宝,第,三季, ,6,碟,礼品装","碟"
"10143665","天线宝宝第四季 告诉我们你的故事","天艺音像","0-17722-17809-18062:玩具、图书音像-音像教育-卡通动画",,"天线宝宝","天线宝宝,第四季, ,告诉我们,你的,故事",""
"10143756","天线宝宝第四季 我爱吃冰欺凌","天艺音像","0-17722-17809-18062:玩具、图书音像-音像教育-卡通动画",,"天线宝宝","天线宝宝,第四季, ,我爱吃,冰,欺凌",""
"10143745","天线宝宝第四季 我爱爸爸","天艺音像","0-17722-17809-18062:玩具、图书音像-音像教育-卡通动画",,"天线宝宝","天线宝宝,第四季, ,我爱,爸爸",""
"10143734","天线宝宝第四季 淘气的云","天艺音像","0-17722-17809-18062:玩具、图书音像-音像教育-卡通动画",,"天线宝宝","天线宝宝,第四季, ,淘气,的,云",""
"10143723","天线宝宝第四季 淘气的奶牛","天艺音像","0-17722-17809-18062:玩具、图书音像-音像教育-卡通动画",,"天线宝宝","天线宝宝,第四季, ,淘气,的,奶牛",""
"10143803","天线宝宝第四季 礼品装10VCD","天艺音像","0-17722-17809-18062:玩具、图书音像-音像教育-卡通动画",,"天线宝宝","天线宝宝,第四季, ,礼品装,10vcd",""
"10143778","天线宝宝第四季 颜色 黄色和棕色","天艺音像","0-17722-17809-18062:玩具、图书音像-音像教育-卡通动画",,"天线宝宝","天线宝宝,第四季, ,颜色, ,黄色,和,棕色",""
"10144419","智慧宝系列 猫和老鼠","天艺音像","0-17722-17809-18062:玩具、图书音像-音像教育-卡通动画",,"","智,慧宝,系列, ,猫和老鼠",""
"10144420","智慧宝系列 米老鼠和唐老鸭","天艺音像","0-17722-17809-18062:玩具、图书音像-音像教育-卡通动画",,"","智,慧宝,系列, ,米老鼠,和,唐老鸭","唐老鸭"
"10142253","百年迪士尼1 跳跳虎2HDVD系列","天艺音像","0-17722-17809-18062:玩具、图书音像-音像教育-卡通动画",,"","百年,迪士尼,1, ,跳跳虎,2hdvd,系列",""
"10145138","羊羊快乐的一年 1-40集","天艺音像","0-17722-17809-18062:玩具、图书音像-音像教育-卡通动画",,"","羊羊,快,乐的,一年, ,1,-,40,集",""
"10143983","越听越聪明 权威版","天艺音像","0-17722-17809-18062:玩具、图书音像-音像教育-卡通动画",,"","越,听,越,聪明, ,权威,版",""
"10142297","跳跳虎2HDVD系列 猫和老鼠1","天艺音像","0-17722-17809-18062:玩具、图书音像-音像教育-卡通动画",,"","跳跳虎,2hdvd,系列, ,猫和老鼠,1",""
"10141807","铠甲勇士 1-26集","天艺音像","0-17722-17809-18062:玩具、图书音像-音像教育-卡通动画",,"","铠甲勇士, ,1,-,26,集",""
"10141910","铠甲勇士52集完整珍藏版","天艺音像","0-17722-17809-18062:玩具、图书音像-音像教育-卡通动画",,"","铠甲勇士,52,集,完整,珍藏版",""
