"商品名","分词结果","旧版分词","类别","品牌"
"【BOSSINI】 男 连帽卫衣外套510337140 草绿色","【,BOSSINI,】,男,连,帽,卫衣,外套,510337140,草绿色","bossini,男,连,帽,卫,衣,外套,510337140,草绿色","0-123-16223-16289:服装鞋帽-日常休闲-休闲卫衣","堡狮龙"
"久久木 男款秋冬炫目几何条纹商务休闲polo领羊毛衫 10166 黑色","久久木,男,款,秋冬,炫目,几何,条纹,商务休闲,polo,领,羊毛衫,10166,黑色","久久,木,男,款,秋冬,炫目,几何,条纹,商务,休闲,polo,领,羊毛衫,10166,黑色","0-123-16223-16592:服装鞋帽-日常休闲-休闲毛衫","久久木"
"时尚v领素雅细条纹100%羊毛衫 12075","时尚,v领,素雅,细,条纹,100,%,羊毛衫,12075","时尚,v,领,素雅,细条纹,100,羊毛衫,12075","0-123-16223-16592:服装鞋帽-日常休闲-休闲毛衫","久久木"
"hanakimi 欧美时尚 气质连帽夹克大口袋短外套 超有型 L4370","hanakimi,欧美,时尚,气质,连,帽,夹克,大,口袋,短外套,超,有,型,L4370","hanakimi,欧美,时尚,气质,连,帽,夹克,大,口袋,短,外套,超,l4370","0-123-16223-17062:服装鞋帽-日常休闲-休闲外套",""
"hanakimi女装 韩版时尚双排扣帅气修身风衣YW436 1杏色 S","hanakimi,女装,韩版,时尚,双,排,扣,帅气,修身,风衣,YW436,1,杏,色,S","hanakimi,女装,韩版,时尚,双,排,扣,帅气,修身,风衣,yw436,1,杏,s","0-123-16223-17062:服装鞋帽-日常休闲-休闲外套",""
"2011新款正品CORK勃肯鞋 情侣凉拖鞋防滑软木人字拖男女夹脚拖鞋白40","2011,新款,正品,CORK,勃,肯,鞋,情侣,凉拖鞋,防滑,软木,人字拖,男女,夹,脚,拖鞋,白,40","2011,新款,正品,cork,勃,肯,鞋,情侣,凉,拖鞋,防滑,软木,人字拖,男女,夹,脚,拖鞋,白,40","0-123-16224-16544:服装鞋帽-时尚靓鞋-凉拖","CORK ROCKY STONEY"
"2011新款正品CORK勃肯鞋 软木休闲鞋 情侣包头鞋凉拖鞋光面懒人拖白色38","2011,新款,正品,CORK,勃,肯,鞋,软木,休闲鞋,情侣,包头,鞋,凉拖鞋,光面,懒人,拖,白色,38","2011,新款,正品,cork,勃,肯,鞋,软木,休闲鞋,情侣,包头,鞋,凉,拖鞋,光面,懒人,拖,白色,38","0-123-16224-16544:服装鞋帽-时尚靓鞋-凉拖","CORK ROCKY STONEY"
"2011新款正品CORK勃肯鞋 软木休闲鞋 情侣包头鞋凉拖鞋光面懒人拖白色42","2011,新款,正品,CORK,勃,肯,鞋,软木,休闲鞋,情侣,包头,鞋,凉拖鞋,光面,懒人,拖,白色,42","2011,新款,正品,cork,勃,肯,鞋,软木,休闲鞋,情侣,包头,鞋,凉,拖鞋,光面,懒人,拖,白色,42","0-123-16224-16544:服装鞋帽-时尚靓鞋-凉拖","CORK ROCKY STONEY"
"GE&ZI银扣磨旧牛仔袖口划破修身背心牛仔蓝7127#","GE,&,ZI,银,扣,磨,旧,牛仔,袖口,划破,修身,背心,牛仔,蓝,7127,#","ge,&,zi,银,扣,磨,旧,牛仔,袖口,划破,修身,背心,牛仔,蓝,7127","0-123-19491-19492-19506:服装鞋帽-女装.-女装T恤-女装背心","GE&ZI"
"GE&ZI夏日甜心海军风条纹平口垂摆上衣粉色1304#","GE,&,ZI,夏日,甜,心海,军风,条纹,平,口,垂,摆,上衣,粉色,1304,#","ge,&,zi,夏日,甜,心海,军风,条纹,平,口,垂,摆,上衣,粉色,1304","0-123-19491-19492-19508:服装鞋帽-女装.-女装T恤-女装吊带衫","GE&ZI"
"2011春装新品 街头潮品个性字母搞怪小丑印花长款弧形T恤T00013灰色","2011,春装,新品,街头,潮,品,个性,字母,搞怪,小丑,印花,长款,弧形,T恤,T00013,灰色","2011,春装,新品,街头,潮,品,个性,字母,搞怪,小丑,印花,长,款,弧形,t恤,t00013,灰色","0-123-19491-19492-19509:服装鞋帽-女装.-女装T恤-女装长袖T恤","hanakimi"
"2011春装新品 韩版简约时尚字母印花小钉钻装饰修身T恤T00010绿色","2011,春装,新品,韩版,简约,时尚,字母,印花,小,钉,钻,装饰,修身,T恤,T00010,绿色","2011,春装,新品,韩版,简约,时尚,字母,印花,小,钉,钻,装饰,修身,t恤,t00010,绿色","0-123-19491-19492-19509:服装鞋帽-女装.-女装T恤-女装长袖T恤","hanakimi"
"佐丹奴 女装 知性少女头像T恤 01321211001","佐丹奴,女装,知性,少女,头像,T恤,01321211001","佐丹奴,女装,知性,少女,头像,t恤,01321211001","0-123-19491-19492-19510:服装鞋帽-女装.-女装T恤-女装短袖T恤","佐丹奴"
"唐狮 正品夏装女猫猫求爱记主图印花T恤 111221021412 浅麻灰色 XS","唐狮,正品,夏装,女,猫猫,求爱,记,主,图,印花,T恤,111221021412,浅,麻,灰色,XS","唐狮,正品,夏装,女,猫猫,求爱记,主,图,印花,t恤,111221021412,浅,麻,灰色,xs","0-123-19491-19492-19510:服装鞋帽-女装.-女装T恤-女装短袖T恤","唐狮"
"HodooAge 快乐熊猫 韩版修身纯棉莱卡超可爱女短袖T恤 TS1016","HodooAge,快乐,熊猫,韩版,修身,纯棉,莱卡,超,可,爱女,短袖T恤,TS1016","hodooage,快乐,熊猫,韩版,修身,纯棉,莱卡,超,爱女,短袖t恤,ts1016","0-123-19491-19492-19510:服装鞋帽-女装.-女装T恤-女装短袖T恤",""
"ESPRIT  女装 edc系列绣花系带小马甲 RE0812-206-9","ESPRIT,女装,edc,系列,绣花,系带,小,马甲,RE0812-206-9","esprit,女装,edc,绣花,系带,小,马甲,re0812,206,9","0-123-19491-19515-19516:服装鞋帽-女装.-女装针织衫/毛衫-女装背心/马甲套衫","ESPRIT"
"唐狮 女士纯色立领潮流棉马甲#110321061402  黑色              ","唐狮,女士,纯色,立领,潮流,棉,马甲,#110321061402,黑色","唐狮,女士,纯色,立,领,潮流,棉,马甲,110321061402,黑色","0-123-19491-19515-19516:服装鞋帽-女装.-女装针织衫/毛衫-女装背心/马甲套衫","唐狮"
"唐狮 女格子连帽棉马甲#110321061401  枚红色                  ","唐狮,女,格子,连,帽,棉,马甲,#110321061401,枚,红色","唐狮,女,格子,连,帽,棉,马甲,110321061401,枚,红色","0-123-19491-19515-19516:服装鞋帽-女装.-女装针织衫/毛衫-女装背心/马甲套衫","唐狮"
"凝彩羊绒衫女V领印花开衫1009黑白","凝彩,羊绒衫,女,V领,印花,开衫,1009,黑白","凝,彩,羊绒衫,女,v,领,印花,开衫,1009,黑白","0-123-19491-19515-19519:服装鞋帽-女装.-女装针织衫/毛衫-女装羊绒衫","凝彩"
"2011春季新款 针织衫 套头蝙蝠袖 韩版针织衫 小外套 WK71 深灰色 M","2011,春季,新款,针织衫,套头,蝙蝠,袖,韩版,针织衫,小,外套,WK71,深灰色,M","2011,春季,新款,针织衫,套头,蝙蝠,袖,韩版,针织衫,小,外套,wk71,深灰色,m","0-123-19491-19515-19521:服装鞋帽-女装.-女装针织衫/毛衫-女装长袖开衫","久久木"
"佐丹奴 女装长袖条纹线衣外套01350585 哥特式紫","佐丹奴,女装,长袖,条纹,线衣,外套,01350585,哥特式,紫","佐丹奴,女装,长袖,条纹,线衣,外套,01350585,哥特式,紫","0-123-19491-19515-19521:服装鞋帽-女装.-女装针织衫/毛衫-女装长袖开衫","佐丹奴"
"佐丹奴 女装长袖线衣外套01359709 草绿","佐丹奴,女装,长袖,线衣,外套,01359709,草绿","佐丹奴,女装,长袖,线衣,外套,01359709,草绿","0-123-19491-19515-19521:服装鞋帽-女装.-女装针织衫/毛衫-女装长袖开衫","佐丹奴"
"OLOMO欧莱诺 女装 OL达人条纹收腰衬衫 1112220440 绿色","OLOMO,欧莱诺,女装,OL,达人,条纹,收,腰,衬衫,1112220440,绿色","olomo,欧莱,诺,女装,ol,达人,条纹,腰,衬衫,1112220440,绿色","0-123-19491-19523-19525:服装鞋帽-女装.-女装衬衫-女装长袖衬衫","OLOMO欧莱诺"
"唐狮 女纯棉英伦格子长袖衬衫#110321015401  祖母绿            ","唐狮,女,纯棉,英伦,格子,长袖,衬衫,#110321015401,祖母绿","唐狮,女,纯棉,英伦,格子,长袖衬衫,110321015401,祖母绿","0-123-19491-19523-19525:服装鞋帽-女装.-女装衬衫-女装长袖衬衫","唐狮"
"OLOMO欧莱诺 女装 繁花似锦印花雪纺短袖衫 1104230620 红色","OLOMO,欧莱诺,女装,繁花似锦,印花,雪纺,短袖,衫,1104230620,红色","olomo,欧莱,诺,女装,繁花似锦,印花,雪纺,短袖衫,1104230620,红色","0-123-19491-19523-19526:服装鞋帽-女装.-女装衬衫-女装短袖衬衫","OLOMO欧莱诺"
"【PARGO/佩戈】2010秋冬新款专柜正品商务休闲  女士百搭天鹅绒套装1026","【,PARGO,/,佩戈,】,2010,秋冬,新款,专柜,正品,商务休闲,女士,百搭,天鹅绒,套装,1026","pargo,佩,戈,2010,秋冬,新款,专柜,正品,商务,休闲,女士,百,搭,天鹅绒,套装,1026","0-123-19491-19536-19537:服装鞋帽-女装.-女装卫衣-女装卫衣开衫","PARGO佩戈"
"宝贝双星宝牛仔小姐连帽衫 703501 黄色","宝贝双星,宝,牛仔,小姐,连,帽,衫,703501,黄色","宝贝,双星,宝,牛仔,小姐,连,帽,衫,703501,黄色","0-123-19491-19536-19537:服装鞋帽-女装.-女装卫衣-女装卫衣开衫","宝贝双星"
"BSX 女装 疯狂的爱印花连帽卫衣 04380521001","BSX,女装,疯狂,的,爱,印花,连,帽,卫衣,04380521001","bsx,女装,疯狂,爱,印花,连,帽,卫,衣,04380521001","0-123-19491-19536-19538:服装鞋帽-女装.-女装卫衣-女装卫衣套衫","BSX"
"唐狮 女士全棉纯色连帽卫衣#110321034403  黑色                ","唐狮,女士,全棉,纯色,连,帽,卫衣,#110321034403,黑色","唐狮,女士,全棉,纯色,连,帽,卫,衣,110321034403,黑色","0-123-19491-19536-19538:服装鞋帽-女装.-女装卫衣-女装卫衣套衫","唐狮"
"2011春装新品 日系气质公主风毛呢个性拼接皮革褶皱半身裙Q00022黑色L","2011,春装,新品,日,系,气质,公主,风,毛呢,个性,拼接,皮革,褶皱,半身裙,Q00022,黑色,L","2011,春装,新品,日,系,气质,公主,风,毛呢,个性,拼接,皮革,褶皱,半身裙,q00022,黑色,l","0-123-19491-19539-19540:服装鞋帽-女装.-女装裙子-女装迷你裙","hanakimi"
"Moonbasa梦芭莎 手工钉珠片牛仔短裙 (034311207)","moonbasa,梦,芭,莎,手工,钉,珠,片,牛仔,短裙,(,034311207,)","moonbasa,梦,芭,莎,手工,钉,珠片,牛仔,短裙,034311207","0-123-19491-19539-19541:服装鞋帽-女装.-女装裙子-女装及膝裙","Moonbasa梦芭莎"
"Moonbasa梦芭莎 通勤大气不规则压褶短裙(034311203)","moonbasa,梦,芭,莎,通勤,大气,不规则,压,褶,短裙,(,034311203,)","moonbasa,梦,芭,莎,通勤,大气,不规则,压,褶,短裙,034311203","0-123-19491-19539-19541:服装鞋帽-女装.-女装裙子-女装及膝裙","Moonbasa梦芭莎"
"GE&ZI复古海军风双排铜扣装饰高腰裙裤7103#","GE,&,ZI,复古,海,军风,双,排,铜,扣,装饰,高腰,裙裤,7103,#","ge,&,zi,复古,海,军风,双,排,铜,扣,装饰,腰,裙裤,7103","0-123-19491-19539-19543:服装鞋帽-女装.-女装裙子-女装裙裤","GE&ZI"
"GE&ZI时尚诱惑束皱蝴蝶结雪仿连衣裙8206#","GE,&,ZI,时尚,诱惑,束,皱,蝴蝶结,雪,仿,连衣裙,8206,#","ge,&,zi,时尚,诱惑,束,皱,蝴蝶结,雪,仿,连衣裙,8206","0-123-19491-19539-19544:服装鞋帽-女装.-女装裙子-女装连身裙","GE&ZI"
"GE&ZI花の舞简约淑女风连衣裙咖啡(配大红色腰带）9607#","GE,&,ZI,花,の,舞,简约,淑女,风,连衣裙,咖啡,(,配,大,红色,腰带,）,9607,#","ge,&,zi,花,の,舞,简约,淑女,风,连衣裙,咖啡,配,大红色,腰带,9607","0-123-19491-19539-19544:服装鞋帽-女装.-女装裙子-女装连身裙","GE&ZI"
"Moonbasa梦芭莎  纯色浪漫V领收腰连衣裙 034111213","moonbasa,梦,芭,莎,纯色,浪漫,V,领收,腰,连衣裙,034111213","moonbasa,梦,芭,莎,纯色,浪漫,v,领收,腰,连衣裙,034111213","0-123-19491-19539-19544:服装鞋帽-女装.-女装裙子-女装连身裙","Moonbasa梦芭莎"
"Sweet Young 淘气宝贝?可爱娃娃居家连衣裙 710 灰色 均码","sweet,young,淘气宝贝,?,可爱,娃娃,居家,连衣裙,710,灰色,均,码","sweet,young,淘气,宝贝,可爱,娃娃,居家,连衣裙,710,灰色,均,码","0-123-19491-19539-19544:服装鞋帽-女装.-女装裙子-女装连身裙","Sweet Young"
"Tomnrabbit 女装 民族风设计牡丹花连衣裙 TQ2180","tomnrabbit,女装,民族风,设计,牡丹花,连衣裙,TQ2180","tomnrabbit,女装,民族,风,牡丹花,连衣裙,tq2180","0-123-19491-19539-19544:服装鞋帽-女装.-女装裙子-女装连身裙","Tomnrabbit"
"Tomnrabbit 女装 立领宽松撞色中袖连衣裙 TQ1130 藏蓝 均码","tomnrabbit,女装,立领,宽松,撞色,中袖,连衣裙,TQ1130,藏蓝,均,码","tomnrabbit,女装,立,领,宽松,撞,袖,连衣裙,tq1130,藏蓝,均,码","0-123-19491-19539-19544:服装鞋帽-女装.-女装裙子-女装连身裙","Tomnrabbit"
"2011夏装新款无袖时尚连身裙8027","2011,夏装,新款,无袖,时尚,连身,裙,8027","2011,夏装,新款,无袖,时尚,连身,裙,8027","0-123-19491-19539-19544:服装鞋帽-女装.-女装裙子-女装连身裙","hanakimi"
"2011春装新款 韩版简约蕾丝镂空拼接网纱亮色裙摆连衣裙Q00024黄色L","2011,春装,新款,韩版,简约,蕾丝,镂空,拼接,网纱,亮色,裙摆,连衣裙,Q00024,黄色,L","2011,春装,新款,韩版,简约,蕾丝,镂空,拼接,网,纱,亮色,裙摆,连衣裙,q00024,黄色,l","0-123-19491-19539-19544:服装鞋帽-女装.-女装裙子-女装连身裙","hanakimi"
"2012hanakimi春装新款 韩版淑女蝴蝶结装饰收腰洋装连衣裙Q00016深蓝色XL","2012,hanakimi,春装,新款,韩版,淑女,蝴蝶结,装饰,收,腰,洋装,连衣裙,Q00016,深蓝色,XL","2012hanakimi,春装,新款,韩版,淑女,蝴蝶结,装饰,腰,洋装,连衣裙,q00016,深蓝色,xl","0-123-19491-19539-19544:服装鞋帽-女装.-女装裙子-女装连身裙","hanakimi"
"NONO韩 冬 2010 秋 新 韩版女装 剪毛仿皮草连衣裙203810","NONO,韩,冬,2010,秋,新,韩版,女装,剪毛,仿,皮草,连衣裙,203810","nono,韩,冬,2010,秋,新,韩版,女装,剪毛,仿,皮草,连衣裙,203810","0-123-19491-19539-19544:服装鞋帽-女装.-女装裙子-女装连身裙","nonofashion"
"GE&ZI酷感时尚腰带烫珠收臀针织连衣裙8118#","GE,&,ZI,酷,感,时尚,腰带,烫,珠,收,臀,针织,连衣裙,8118,#","ge,&,zi,酷,感,时尚,腰带,烫,珠,臀,针织,连衣裙,8118","0-123-19491-19539-19544:服装鞋帽-女装.-女装裙子-女装连身裙",""
"康妮雅家居服 女短裤01072601碳灰","康妮雅,家居服,女,短裤,01072601,碳,灰","康妮,雅,家居服,女,短裤,01072601,碳,灰","0-123-19491-19546-19549:服装鞋帽-女装.-女装短裤/中裤-女装短裤","2M"
"最新2011新款韩国夏款女装丝袜打底裤连衣袜彩色显瘦夏天打底裤子W00084","最新,2011,新款,韩国,夏,款,女装,丝袜,打底裤,连,衣,袜,彩色,显,瘦,夏天,打底,裤子,W00084","最新,2011,新款,韩国,夏,款,女装,丝袜,打,底裤,连,衣,袜,彩色,显,瘦,夏天,打底,裤子,w00084","0-123-19491-19546-19549:服装鞋帽-女装.-女装短裤/中裤-女装短裤","hanakimi"
"O.SA2011夏OL时尚百搭修身大码 女 七分裤 SK90206","O.SA2011,夏,OL,时尚,百搭,修身,大,码,女,七分裤,SK90206","o,sa2011,夏,ol,时尚,百,搭,修身,大,码,女,七分裤,sk90206","0-123-19491-19550-19552:服装鞋帽-女装.-女装长裤-女装西裤","O.SA"
"O.SA2011春装 修身休闲时尚九分裤 裤子 女 SK90204","O.SA2011,春装,修身,休闲,时尚,九分裤,裤子,女,SK90204","o,sa2011,春装,修身,休闲,时尚,九,分,裤,裤子,女,sk90204","0-123-19491-19550-19552:服装鞋帽-女装.-女装长裤-女装西裤","O.SA"
"佐丹奴 女 弹力轻爽日常直筒西裤 冷灰色","佐丹奴,女,弹力,轻爽,日常,直,筒,西裤,冷,灰色","佐丹奴,女,弹力,轻爽,日常,直,筒,西裤,冷,灰色","0-123-19491-19550-19552:服装鞋帽-女装.-女装长裤-女装西裤","佐丹奴"
"唐狮 女纯棉多彩低腰小脚牛仔裤#110322083404  中国红          ","唐狮,女,纯棉,多彩,低腰,小脚,牛仔裤,#110322083404,中国红","唐狮,女,纯棉,多彩,低腰,小脚,牛仔裤,110322083404,中国红","0-123-19491-19550-19553:服装鞋帽-女装.-女装长裤-女装牛仔裤","唐狮"
"A.H 女装休闲窄脚裤 WH611004841","A.H,女装,休闲,窄,脚,裤,WH611004841","h,女装,休闲,窄,脚,裤,wh611004841","0-123-19491-19550-19556:服装鞋帽-女装.-女装长裤-女装窄脚裤","A.H"
"nike 360 女 针织夹克 239713 480","nike,360,女,针织,夹克,239713,480","nike,360,女,针织,夹克,239713,480","0-123-19491-19558-19559:服装鞋帽-女装.-女装外套-女装夹克","nike 360"
"LUV SYMBOLS 宝贝双星经典款连帽大衣 兰","LUV,SYMBOLS,宝贝双星,经典,款,连,帽,大衣,兰","luv,symbols,宝贝,双星,经典,款,连,帽,大衣,兰","0-123-19491-19558-19560:服装鞋帽-女装.-女装外套-女装风衣","宝贝双星"
"宝贝双星圣诞红羽绒外套 704525","宝贝双星,圣诞红,羽绒,外套,704525","宝贝,双星,圣诞红,羽绒,外套,704525","0-123-19491-19558-19566:服装鞋帽-女装.-女装外套-女装羽绒服","宝贝双星"
"佐丹奴 男多彩烫印纯棉长袖T恤 01029514  宝石红","佐丹奴,男,多彩,烫,印,纯棉,长袖T恤,01029514,宝石,红","佐丹奴,男,多彩,烫,印,纯棉,长袖t恤,01029514,宝石,红","0-123-19567-19568-19570:服装鞋帽-男装.-男装T恤-男装长袖T恤","佐丹奴"
"佐丹奴 男装长袖圆领TEE01020532 金章黄","佐丹奴,男装,长袖,圆领,TEE01020532,金,章,黄","佐丹奴,男装,长袖,圆领,tee01020532,金,章,黄","0-123-19567-19568-19570:服装鞋帽-男装.-男装T恤-男装长袖T恤","佐丹奴"
"康妮雅家居服 男V领短袖T01071321南瓜橙","康妮雅,家居服,男,V领,短袖,T01071321,南瓜,橙","康妮,雅,家居服,男,v,领,短袖,t01071321,南瓜,橙","0-123-19567-19568-19571:服装鞋帽-男装.-男装T恤-男装短袖T恤","2M"
"ATOPI 中国风涂鸦胶浆印花纯棉水洗男装短袖恤   紫红","ATOPI,中,国风,涂鸦,胶,浆,印花,纯棉,水洗,男装,短袖,恤,紫红","atopi,国风,涂鸦,胶,浆,印花,纯棉,水洗,男装,短袖,恤,紫红","0-123-19567-19568-19571:服装鞋帽-男装.-男装T恤-男装短袖T恤","ATOPI欧榜"
"ATOPI 复古印花纯棉水洗男装短袖T恤 黑色","ATOPI,复古,印花,纯棉,水洗,男装短袖T恤,黑色","atopi,复古,印花,纯棉,水洗,男装,短袖t恤,黑色","0-123-19567-19568-19571:服装鞋帽-男装.-男装T恤-男装短袖T恤","ATOPI欧榜"
"ATOPI 彩色印花纯棉水洗男装短袖恤 蓝灰","ATOPI,彩色,印花,纯棉,水洗,男装,短袖,恤,蓝,灰","atopi,彩色,印花,纯棉,水洗,男装,短袖,恤,蓝,灰","0-123-19567-19568-19571:服装鞋帽-男装.-男装T恤-男装短袖T恤","ATOPI欧榜"
"CARTELO 男款T恤6039 5206118377 深紫色","CARTELO,男,款,T恤,6039,5206118377,深紫色","cartelo,男,款,t恤,6039,5206118377,深紫色","0-123-19567-19568-19571:服装鞋帽-男装.-男装T恤-男装短袖T恤","CARTELO"
"E.RICJ.ONAH/埃乔 2011夏男装时尚全棉圆领印花灰色短袖T恤-马车 T11049","E.RICJ.ONAH,/,埃乔,2011,夏,男装,时尚,全棉,圆领,印花,灰色,短袖T恤,-,马车,T11049","e,ricj,onah,埃,乔,2011,夏,男装,时尚,全棉,圆领,印花,灰色,短袖t恤,马车,t11049","0-123-19567-19568-19571:服装鞋帽-男装.-男装T恤-男装短袖T恤","E.RICJ.ONAH/埃乔"
"HodooAge 体温表 韩版纯棉莱卡短袖T恤男装 TS1136","HodooAge,体温表,韩版,纯棉,莱卡,短袖T恤,男装,TS1136","hodooage,体温表,韩版,纯棉,莱卡,短袖t恤,男装,ts1136","0-123-19567-19568-19571:服装鞋帽-男装.-男装T恤-男装短袖T恤","HodooAge"
"Justyle 10英伦海洋气息系列格纹翻领撞色短袖T恤橙色","justyle,10,英伦,海洋,气息,系列,格纹,翻领,撞色,短袖T恤,橙色","justyle,10,英伦,海洋,气息,格,纹,翻领,撞,短袖t恤,橙色","0-123-19567-19568-19571:服装鞋帽-男装.-男装T恤-男装短袖T恤","JUSTYLE"
"高级丝光棉欧洲风格印花蓝色纯棉短袖T恤1029","高级,丝光,棉,欧洲,风格,印花,蓝色,纯棉,短袖T恤,1029","高级,丝光棉,欧洲,风格,印花,蓝色,纯棉,短袖t恤,1029","0-123-19567-19568-19571:服装鞋帽-男装.-男装T恤-男装短袖T恤","MasaMaso玛萨玛索"
"OLOMO欧莱诺 男装 个性人像印花短袖T恤 1103110280 灰色","OLOMO,欧莱诺,男装,个性,人像,印花,短袖T恤,1103110280,灰色","olomo,欧莱,诺,男装,个性,人像,印花,短袖t恤,1103110280,灰色","0-123-19567-19568-19571:服装鞋帽-男装.-男装T恤-男装短袖T恤","OLOMO欧莱诺"
"PARGO/佩戈 新款2011夏装 人气纯棉圆领时尚 韩版男装短袖T恤 1103","PARGO,/,佩戈,新款,2011,夏装,人气,纯棉,圆领,时尚,韩版,男装短袖T恤,1103","pargo,佩,戈,新款,2011,夏装,人气,纯棉,圆领,时尚,韩版,男装,短袖t恤,1103","0-123-19567-19568-19571:服装鞋帽-男装.-男装T恤-男装短袖T恤","PARGO/佩戈"
"RayenJarno 男士 商务休闲 短袖圆领印花T恤 90584 黑色","RayenJarno,男士,商务休闲,短袖,圆领,印花,T恤,90584,黑色","rayenjarno,男士,商务,休闲,短袖,圆领,印花,t恤,90584,黑色","0-123-19567-19568-19571:服装鞋帽-男装.-男装T恤-男装短袖T恤","RayenJarno"
"RayenJarno 男士 商务休闲 短袖圆领印花T恤 90588 黑色","RayenJarno,男士,商务休闲,短袖,圆领,印花,T恤,90588,黑色","rayenjarno,男士,商务,休闲,短袖,圆领,印花,t恤,90588,黑色","0-123-19567-19568-19571:服装鞋帽-男装.-男装T恤-男装短袖T恤","RayenJarno"
"SPORTICA斯波帝卡 男装好莱坞电影海报印花短袖T恤 灰色 10101342","SPORTICA,斯波帝卡,男装,好莱坞,电影,海报,印花,短袖T恤,灰色,10101342","sportica,斯波,帝,卡,男装,好莱坞,电影海报,印花,短袖t恤,灰色,10101342","0-123-19567-19568-19571:服装鞋帽-男装.-男装T恤-男装短袖T恤","SPORTICA斯波帝卡"
"佐丹奴  男友鲜彩圆领短袖T恤 苍白蓝色","佐丹奴,男友,鲜彩,圆领,短袖T恤,苍白,蓝色","佐丹奴,男友,鲜彩,圆领,短袖t恤,苍白,蓝色","0-123-19567-19568-19571:服装鞋帽-男装.-男装T恤-男装短袖T恤","佐丹奴"
"唐狮 夏装男士撞色拼接印花短袖圆领T恤#107070619  浅绿","唐狮,夏装,男士,撞,色拼接,印花,短袖,圆领T恤,#107070619,浅绿","唐狮,夏装,男士,撞,拼接,印花,短袖,圆领t恤,107070619,浅绿","0-123-19567-19568-19571:服装鞋帽-男装.-男装T恤-男装短袖T恤","唐狮"
"李宁综训系列男短袖T恤ATSE163","李宁,综,训,系列,男,短袖T恤,ATSE163","李,宁,综,训,男,短袖t恤,atse163","0-123-19567-19568-19571:服装鞋帽-男装.-男装T恤-男装短袖T恤","李宁"
"马克华菲男装2011新品时尚圈圈短袖翻领T恤7102021771","马克华菲,男装,2011,新品,时尚,圈圈,短袖,翻领,T恤,7102021771","马克,华,菲,男装,2011,新品,时尚,圈圈,短袖,翻领,t恤,7102021771","0-123-19567-19568-19571:服装鞋帽-男装.-男装T恤-男装短袖T恤","马克华菲"
"SPORTICA斯波帝卡 男装短袖百搭时尚休闲polo衫 彩兰/丈青色 10101420","SPORTICA,斯波帝卡,男装,短袖,百搭,时尚,休闲polo衫,彩,兰,/,丈,青色,10101420","sportica,斯波,帝,卡,男装,短袖,百,搭,时尚,休闲polo衫,彩,兰,丈,青色,10101420","0-123-19567-19573-19576:服装鞋帽-男装.-男装Polo衫-男装短袖Polo衫","SPORTICA斯波帝卡"
"SPORTICA斯波帝卡 男装都市之鹰系列撞色短袖POLO衫 10101149","SPORTICA,斯波帝卡,男装,都市,之,鹰,系列,撞色,短袖,POLO衫,10101149","sportica,斯波,帝,卡,男装,都市,鹰,撞,短袖polo衫,10101149","0-123-19567-19573-19576:服装鞋帽-男装.-男装Polo衫-男装短袖Polo衫","SPORTICA斯波帝卡"
"【POLO VILLAE】 旗舰正品商务休闲男士白色短袖T恤PFCAWAABH264 白色","【,POLO,VILLAE,】,旗舰,正品,商务休闲,男士,白色,短袖T恤,PFCAWAABH264,白色","polo,villae,旗舰,正品,商务,休闲,男士,白色,短袖t恤,pfcawaabh264,白色","0-123-19567-19573-19576:服装鞋帽-男装.-男装Polo衫-男装短袖Polo衫","保罗威特"
"佐丹奴 男装半高领线衣外套01050554 中花灰","佐丹奴,男装,半,高领,线衣,外套,01050554,中,花,灰","佐丹奴,男装,半,高领,线衣,外套,01050554,花,灰","0-123-19567-19577-19580:服装鞋帽-男装.-男装针织衫/毛衫-男装长袖套衫","佐丹奴"
"POLO VILLAE 商务休闲精品男士黑色翻领羊毛衫PFFPLAPBW187                     ","POLO,VILLAE,商务休闲,精品,男士,黑色,翻领,羊毛衫,PFFPLAPBW187","polo,villae,商务,休闲,精品,男士,黑色,翻领,羊毛衫,pffplapbw187","0-123-19567-19577-19581:服装鞋帽-男装.-男装针织衫/毛衫-男装羊绒衫","保罗威特"
"POLO VILLAE 男士黑色修身百搭V领羊毛衫PFEPDAPBF112                          ","POLO,VILLAE,男士,黑色,修身,百搭,V领,羊毛衫,PFEPDAPBF112","polo,villae,男士,黑色,修身,百,搭,v,领,羊毛衫,pfepdapbf112","0-123-19567-19577-19581:服装鞋帽-男装.-男装针织衫/毛衫-男装羊绒衫","保罗威特"
"【POLO VILLAE】 专柜正品 商务休闲 男士时尚宝蓝色条纹圆领羊毛衫      ","【,POLO,VILLAE,】,专柜,正品,商务休闲,男士,时尚,宝蓝色,条纹,圆领,羊毛衫","polo,villae,专柜,正品,商务,休闲,男士,时尚,宝蓝色,条纹,圆领,羊毛衫","0-123-19567-19577-19581:服装鞋帽-男装.-男装针织衫/毛衫-男装羊绒衫","保罗威特"
"【POLO VILLAE】 专柜正品 商务休闲 男士黑灰色圆领条纹羊毛衫          ","【,POLO,VILLAE,】,专柜,正品,商务休闲,男士,黑,灰色,圆领,条纹,羊毛衫","polo,villae,专柜,正品,商务,休闲,男士,黑,灰色,圆领,条纹,羊毛衫","0-123-19567-19577-19581:服装鞋帽-男装.-男装针织衫/毛衫-男装羊绒衫","保罗威特"
"OLOMO欧莱诺 男装 尚品本色优雅马甲 11135001","OLOMO,欧莱诺,男装,尚品,本色,优雅,马甲,11135001","olomo,欧莱,诺,男装,尚品,本色,优雅,马甲,11135001","0-123-19567-19577-19584:服装鞋帽-男装.-男装针织衫/毛衫-男装背心/马甲开衫","OLOMO欧莱诺"
"ATOPI 男式淡雅经典条纹全纯棉长袖衬衫 23003 本白黄条","ATOPI,男式,淡雅,经典,条纹,全,纯棉,长袖,衬衫,23003,本,白,黄,条","atopi,男式,淡雅,经典,条纹,纯棉,长袖衬衫,23003,本,白,黄,条","0-123-19567-19585-19587:服装鞋帽-男装.-男装衬衫-男装长袖休闲衬衫","ATOPI欧榜"
"【POLO VILLAE】 专柜正品时尚红条 男士休闲长袖衬衫             ","【,POLO,VILLAE,】,专柜,正品,时尚,红,条,男士,休闲,长袖,衬衫","polo,villae,专柜,正品,时尚,红,条,男士,休闲,长袖衬衫","0-123-19567-19585-19587:服装鞋帽-男装.-男装衬衫-男装长袖休闲衬衫","保罗威特"
"唐狮2011新款 ET 春装男士中袖镶边牛仔衬衫#111111015404","唐狮,2011,新款,ET,春装,男士,中袖,镶边,牛仔,衬衫,#111111015404","唐狮,2011,新款,et,春装,男士,袖,镶边,牛仔,衬衫,111111015404","0-123-19567-19585-19587:服装鞋帽-男装.-男装衬衫-男装长袖休闲衬衫","唐狮"
"Justyle 10海洋气息系列格纹撞色边时髦海军短袖衬衫白色","justyle,10,海洋,气息,系列,格纹,撞色,边,时髦,海军,短袖,衬衫,白色","justyle,10,海洋,气息,格,纹,撞,边,时髦,海军,短袖衬衫,白色","0-123-19567-19585-19588:服装鞋帽-男装.-男装衬衫-男装短袖休闲衬衫","JUSTYLE"
"sevenjoy 7+超赞大红格纹修身版型纯棉格子衬衫 720200429","sevenjoy,7,+,超,赞,大红,格纹,修身,版型,纯棉,格子,衬衫,720200429","sevenjoy,7,+,超,赞,大红,格,纹,修身,版型,纯棉,格子,衬衫,720200429","0-123-19567-19585-19588:服装鞋帽-男装.-男装衬衫-男装短袖休闲衬衫","SEVENJOY柒加尚品"
"TONYJEANS汤尼俊士 透气竖条纹抓皱衬衫120820502-32","TONYJEANS,汤尼,俊,士,透气,竖,条纹,抓,皱,衬衫,120820502-32","tonyjeans,汤尼,俊,士,透气,竖,条纹,抓,皱,衬衫,120820502,32","0-123-19567-19585-19588:服装鞋帽-男装.-男装衬衫-男装短袖休闲衬衫","TONYJEANS"
"马克华菲男装格子短袖翻领衬衫7112031701_045","马克华菲,男装,格子,短袖,翻领,衬衫,7112031701_045","马克,华,菲,男装,格子,短袖,翻领,衬衫,7112031701,045","0-123-19567-19585-19588:服装鞋帽-男装.-男装衬衫-男装短袖休闲衬衫","马克华菲"
"A.H 男装经典商务条纹长袖休闲衬衫 MA300900452","A.H,男装,经典,商务,条纹,长袖,休闲衬衫,MA300900452","h,男装,经典,商务,条纹,长袖,休闲衬衫,ma300900452","0-123-19567-19585-19589:服装鞋帽-男装.-男装衬衫-男装长袖正装衬衫","A.H"
"A.H 男装经典商务长袖休闲衬衫 MA300900194","A.H,男装,经典,商务,长袖,休闲衬衫,MA300900194","h,男装,经典,商务,长袖,休闲衬衫,ma300900194","0-123-19567-19585-19589:服装鞋帽-男装.-男装衬衫-男装长袖正装衬衫","A.H"
"sevenjoy 7+ 六牙白象正品男装洗水磨白褶皱牛仔裤子 11CK14","sevenjoy,7,+,六,牙,白象,正品,男装,洗,水磨,白,褶皱,牛仔,裤子,11CK14","sevenjoy,7,+,六,牙,白象,正品,男装,洗,水磨,白,褶皱,牛仔,裤子,11ck14","0-123-19567-19600-19602:服装鞋帽-男装.-男装长裤 -男装牛仔裤","SEVENJOY柒加尚品"
"SPORTICA斯波帝卡 男装新品男式水洗直筒牛仔长裤 11141629","SPORTICA,斯波帝卡,男装,新品,男式,水洗,直,筒,牛仔,长裤,11141629","sportica,斯波,帝,卡,男装,新品,男式,水洗,直,筒,牛仔,长裤,11141629","0-123-19567-19600-19602:服装鞋帽-男装.-男装长裤 -男装牛仔裤","SPORTICA斯波帝卡"
"MR.ZERO零号男时尚水洗磨损全棉牛仔长裤 BDA0079","MR.ZERO,零号男,时尚,水洗,磨损,全棉,牛仔,长裤,BDA0079","mr,zero,零号,男,时尚,水洗,磨损,全棉,牛仔,长裤,bda0079","0-123-19567-19600-19602:服装鞋帽-男装.-男装长裤 -男装牛仔裤","零号男MR ZERO"
"MR.ZERO零号男腰头格纹水洗全棉牛仔长裤 BDA0091","MR.ZERO,零号男,腰,头,格纹,水洗,全棉,牛仔,长裤,BDA0091","mr,zero,零号,男,腰,头,格,纹,水洗,全棉,牛仔,长裤,bda0091","0-123-19567-19600-19602:服装鞋帽-男装.-男装长裤 -男装牛仔裤","零号男MR ZERO"
"POLO VILLAE 男式绅士正装黑色锥型西裤PFCMBALBF207","POLO,VILLAE,男式,绅士正装,黑色,锥,型,西裤,PFCMBALBF207","polo,villae,男式,绅士,正,装,黑色,锥,西裤,pfcmbalbf207","0-123-19567-19600-19604:服装鞋帽-男装.-男装长裤 -男装西裤","POLO VILLAE"
"nike 360 男 连帽针织夹克 245910 100","nike,360,男,连,帽,针织,夹克,245910,100","nike,360,男,连,帽,针织,夹克,245910,100","0-123-19567-19605-19606:服装鞋帽-男装.-男装外套-男装夹克","nike 360"
"nike golf 男装CC DF 防风长袖全拉链夹克 G8111255246 010","nike,golf,男装,CC,DF,防风,长袖,全,拉链,夹克,G8111255246,010","nike,golf,男装,cc,df,防风,长袖,拉链,夹克,g8111255246,010","0-123-19567-19605-19606:服装鞋帽-男装.-男装外套-男装夹克","nike golf"
"唐狮2011新款 ET 春装男士连帽撞色尼龙外套#111111052404","唐狮,2011,新款,ET,春装,男士,连,帽,撞色,尼龙,外套,#111111052404","唐狮,2011,新款,et,春装,男士,连,帽,撞,尼龙,外套,111111052404","0-123-19567-19605-19606:服装鞋帽-男装.-男装外套-男装夹克","唐狮"
"SPORTICA斯波帝卡 男装时尚休闲保暖防寒中长款顶级羽绒服 10190748","SPORTICA,斯波帝卡,男装,时尚,休闲,保暖,防寒,中长款,顶级,羽绒服,10190748","sportica,斯波,帝,卡,男装,时尚,休闲,保暖,防寒,中长,款,顶级,羽绒服,10190748","0-123-19567-19605-19612:服装鞋帽-男装.-男装外套-男装羽绒服","SPORTICA斯波帝卡"
"MANSUCCINCT 双排扣黑色休闲单西 MH0029 黑色","MANSUCCINCT,双,排,扣,黑色,休闲,单,西,MH0029,黑色","mansuccinct,双,排,扣,黑色,休闲,单,西,mh0029,黑色","0-123-19567-19613-19615:服装鞋帽-男装.-男装西服-男装休闲西服","MANSUCCINCT"
"MANSUCCINCT 黑色金属光泽贴身顺感西服 MH0021 黑色","MANSUCCINCT,黑色,金属光泽,贴身,顺,感,西服,MH0021,黑色","mansuccinct,黑色,金属光泽,贴身,顺,感,西服,mh0021,黑色","0-123-19567-19613-19615:服装鞋帽-男装.-男装西服-男装休闲西服","MANSUCCINCT"
"OLOMO欧莱诺 男装 潮男必修男士西便服 1105410390 黑色","OLOMO,欧莱诺,男装,潮,男,必修,男士,西,便服,1105410390,黑色","olomo,欧莱,诺,男装,潮,男,必修,男士,西,便服,1105410390,黑色","0-123-19567-19613-19615:服装鞋帽-男装.-男装西服-男装休闲西服","OLOMO欧莱诺"
"GIORDA PRINCE佐丹王子男童透气网眼 背心 10039","GIORDA,PRINCE,佐丹王子,男童,透气,网眼,背心,10039","giorda,prince,佐,丹,王子,男童,透气,网眼,背心,10039","0-123-19621-19640-19647:服装鞋帽-童装-中童装7-12岁-中童背心/马甲","佐丹王子"
"GIORDA PRINCE佐丹王子男童男单衫 10008","GIORDA,PRINCE,佐丹王子,男童,男单,衫,10008","giorda,prince,佐,丹,王子,男童,男单,衫,10008","0-123-19621-19867-19961:服装鞋帽-童装-男童-男童短袖T恤","佐丹王子"
"光子美少女 印花插袖衫 粉红","光子美少女,印,花插,袖,衫,粉红","光子,美少女,印,花插,袖,衫,粉红","0-123-19621-19886:服装鞋帽-童装-女童","光子美少女"
"nike 360 男 TERMINATOR LOW 309718 111","nike,360,男,TERMINATOR,LOW,309718,111","nike,360,男,terminator,low,309718,111","0-123-19676-19693-19924:服装鞋帽-鞋靴-男鞋-男式休闲运动鞋","nike 360"
"LOTTO乐途 潮流男运动时尚鞋ELFE005-2黑/白","LOTTO,乐途,潮流,男,运动,时尚鞋,ELFE005-2,黑,/,白","lotto,乐,途,潮流,男,运动,时尚鞋,elfe005,2,黑,白","0-123-19676-19693-19924:服装鞋帽-鞋靴-男鞋-男式休闲运动鞋","乐途"
"他她 2011春季黑色牛皮男鞋 280-10","他她,2011,春季,黑色,牛皮,男鞋,280-10","他,她,2011,春季,黑色,牛皮,男鞋,280,10","0-123-19676-19693-19932:服装鞋帽-鞋靴-男鞋-男式休闲皮鞋","他她"
"他她 2011春季黑色牛皮男鞋 316-01","他她,2011,春季,黑色,牛皮,男鞋,316-01","他,她,2011,春季,黑色,牛皮,男鞋,316,01","0-123-19676-19693-19932:服装鞋帽-鞋靴-男鞋-男式休闲皮鞋","他她"
"法雷诺 2010冬季 黑色打光胎牛皮男鞋 9W10-1","法雷诺,2010,冬季,黑色,打光,胎,牛皮,男鞋,9W10-1","法,雷诺,2010,冬季,黑色,打光,胎,牛皮,男鞋,9w10,1","0-123-19676-19693-19932:服装鞋帽-鞋靴-男鞋-男式休闲皮鞋","法雷诺"
"法雷诺 2011春季黑色胎小牛皮男鞋 LS3509","法雷诺,2011,春季,黑色,胎,小牛皮,男鞋,LS3509","法,雷诺,2011,春季,黑色,胎,小牛皮,男鞋,ls3509","0-123-19676-19693-19932:服装鞋帽-鞋靴-男鞋-男式休闲皮鞋","法雷诺"
"BQUEEN 2011新款欧美时尚款漆皮鱼嘴高跟单鞋D001","BQUEEN,2011,新款,欧美,时尚,款,漆皮,鱼,嘴,高跟,单鞋,D001","bqueen,2011,新款,欧美,时尚,款,漆皮,鱼,嘴,跟单,鞋,d001","0-123-19676-19701-19911:服装鞋帽-鞋靴-女鞋-女式单鞋","bqueen"
"他她 2010秋季棕蜡牛皮女皮鞋 FZF23D","他她,2010,秋季,棕,蜡,牛皮,女,皮鞋,FZF23D","他,她,2010,秋季,棕,蜡,牛皮,女,皮鞋,fzf23d","0-123-19676-19701-19911:服装鞋帽-鞋靴-女鞋-女式单鞋","他她"
"天美意 2010春季新款低跟黄色闪光羊皮镶玉饰女单鞋 天美意    T66-15","天美意,2010,春季,新款,低跟,黄色,闪光,羊皮,镶玉,饰,女,单鞋,天美意,T66-15","天,美意,2010,春季,新款,低,跟,黄色,闪光,羊皮,镶玉,饰,女单,鞋,天,美意,t66,15","0-123-19676-19701-19911:服装鞋帽-鞋靴-女鞋-女式单鞋","天美意"
"天美意 2010秋季灰色软牛皮镶色女皮鞋 CMV27D","天美意,2010,秋季,灰色,软,牛皮,镶,色,女,皮鞋,CMV27D","天,美意,2010,秋季,灰色,软,牛皮,镶,女,皮鞋,cmv27d","0-123-19676-19701-19911:服装鞋帽-鞋靴-女鞋-女式单鞋","天美意"
"天美意 2010秋季白色软牛皮镶色女皮鞋    CTY20D","天美意,2010,秋季,白色,软,牛皮,镶,色,女,皮鞋,CTY20D","天,美意,2010,秋季,白色,软,牛皮,镶,女,皮鞋,cty20d","0-123-19676-19701-19911:服装鞋帽-鞋靴-女鞋-女式单鞋","天美意"
"天美意 2010秋季黑色羊绒/黑色兔毛女鞋TAO118-04U1CQ0 黑色","天美意,2010,秋季,黑色,羊绒,/,黑色,兔毛,女鞋,TAO118-04U1CQ0,黑色","天,美意,2010,秋季,黑色,羊绒,黑色,兔毛,女鞋,tao118,04u1cq0,黑色","0-123-19676-19701-19911:服装鞋帽-鞋靴-女鞋-女式单鞋","天美意"
"天美意 2011春季兰色打蜡牛皮 988-33","天美意,2011,春季,兰,色,打蜡,牛皮,988-33","天,美意,2011,春季,兰色,打蜡,牛皮,988,33","0-123-19676-19701-19911:服装鞋帽-鞋靴-女鞋-女式单鞋","天美意"
"天美意 2011春季黑/桃红/春兰磨砂牛皮女鞋 0197-2 ","天美意,2011,春季,黑,/,桃红,/,春兰,磨砂,牛皮,女鞋,0197-2","天,美意,2011,春季,黑,桃红,春兰,磨砂,牛皮,女鞋,0197,2","0-123-19676-19701-19911:服装鞋帽-鞋靴-女鞋-女式单鞋","天美意"
"百丽 2010秋季酒红滴胶绒布/蕾丝女鞋BKH3016-3L1CQ0 酒红色","百丽,2010,秋季,酒,红,滴,胶,绒布,/,蕾丝,女鞋,BKH3016-3L1CQ0,酒,红色","百丽,2010,秋季,酒红,滴胶,绒布,蕾丝,女鞋,bkh3016,3l1cq0,酒,红色","0-123-19676-19701-19911:服装鞋帽-鞋靴-女鞋-女式单鞋","百丽"
"百丽 2010秋季黑色小牛皮女鞋BBLBVBT4DU1CM0 黑色","百丽,2010,秋季,黑色,小牛皮,女鞋,BBLBVBT4DU1CM0,黑色","百丽,2010,秋季,黑色,小牛皮,女鞋,bblbvbt4du1cm0,黑色","0-123-19676-19701-19911:服装鞋帽-鞋靴-女鞋-女式单鞋","百丽"
"百丽 2011春季 黑色皱漆牛女单鞋 3FC19D","百丽,2011,春季,黑色,皱,漆,牛,女,单鞋,3FC19D","百丽,2011,春季,黑色,皱,漆,牛,女单,鞋,3fc19d","0-123-19676-19701-19911:服装鞋帽-鞋靴-女鞋-女式单鞋","百丽"
"百丽2011黑色皱漆牛女单鞋BBL3CT30DU1AU1 黑色","百丽,2011,黑色,皱,漆,牛,女,单鞋,BBL3CT30DU1AU1,黑色","百丽,2011,黑色,皱,漆,牛,女单,鞋,bbl3ct30du1au1,黑色","0-123-19676-19701-19911:服装鞋帽-鞋靴-女鞋-女式单鞋","百丽"
"百丽　2010秋季灰色胎牛女鞋 306-1D","百丽,　,2010,秋季,灰色,胎,牛,女鞋,306-1D","百丽,　,2010,秋季,灰色,胎,牛,女鞋,306,1d","0-123-19676-19701-19911:服装鞋帽-鞋靴-女鞋-女式单鞋","百丽"
"百丽　2010秋季黑色羊皮女鞋 226-88","百丽,　,2010,秋季,黑色,羊皮,女鞋,226-88","百丽,　,2010,秋季,黑色,羊皮,女鞋,226,88","0-123-19676-19701-19911:服装鞋帽-鞋靴-女鞋-女式单鞋","百丽"
"百丽　百丽正品 2010秋季蓝色羊S女鞋 时尚中高跟羊皮鱼嘴 100239","百丽,　,百丽,正品,2010,秋季,蓝色,羊,S,女鞋,时尚,中,高跟,羊皮,鱼,嘴,100239","百丽,　,百丽,正品,2010,秋季,蓝色,羊,S,女鞋,时尚,高跟,羊皮,鱼,嘴,100239","0-123-19676-19701-19911:服装鞋帽-鞋靴-女鞋-女式单鞋","百丽"
"茵奈儿 2010春秋款 红色压花漆PU女鞋 FWR16D","茵奈儿,2010,春秋,款,红色,压花,漆,PU,女鞋,FWR16D","茵,奈,儿,2010,春秋,款,红色,压花,漆,pu,女鞋,fwr16d","0-123-19676-19701-19911:服装鞋帽-鞋靴-女鞋-女式单鞋","茵奈儿"
"达芙妮 Fashion时尚104009345浅口细中跟 灰色","达芙妮,fashion,时尚,104009345,浅,口,细,中跟,灰色","达芙妮,fashion,时尚,104009345,浅,口,细,中跟,灰色","0-123-19676-19701-19911:服装鞋帽-鞋靴-女鞋-女式单鞋","达芙妮"
"达芙妮 大方简洁百搭款式1030008 黑色","达芙妮,大方,简洁,百搭,款式,1030008,黑色","达芙妮,大方,简洁,百,搭,款式,1030008,黑色","0-123-19676-19701-19911:服装鞋帽-鞋靴-女鞋-女式单鞋","达芙妮"
"达芙妮 时尚底台中跟款式1030022 蓝色","达芙妮,时尚,底,台,中跟,款式,1030022,蓝色","达芙妮,时尚,底,台,中跟,款式,1030022,蓝色","0-123-19676-19701-19911:服装鞋帽-鞋靴-女鞋-女式单鞋","达芙妮"
"达芙妮 熟女风范――性感亮片高跟鞋10E3011 蓝色","达芙妮,熟女,风范,―,―,性感,亮片,高跟鞋,10E3011,蓝色","达芙妮,熟女,风范,―,―,性感,亮片,高跟鞋,10e3011,蓝色","0-123-19676-19701-19911:服装鞋帽-鞋靴-女鞋-女式单鞋","达芙妮"
"达芙妮 特色别致气质款式1030187 浅蓝色","达芙妮,特色,别致,气质,款式,1030187,浅蓝色","达芙妮,特色,别致,气质,款式,1030187,浅蓝色","0-123-19676-19701-19911:服装鞋帽-鞋靴-女鞋-女式单鞋","达芙妮"
"他她 2010夏季黑色蛇纹皮/羊皮女凉鞋 974032","他她,2010,夏季,黑色,蛇纹,皮,/,羊皮,女,凉鞋,974032","他,她,2010,夏季,黑色,蛇纹,皮,羊皮,女,凉鞋,974032","0-123-19676-19701-19913:服装鞋帽-鞋靴-女鞋-女式帆布鞋","他她"
"佐丹奴 经典原色帆布鞋(男女均适用) 29树莓红色","佐丹奴,经典,原色,帆布鞋,(,男女,均,适用,),29,树,莓,红色","佐丹奴,经典,原色,帆布鞋,男女,均,29,树,莓,红色","0-123-19676-19701-19913:服装鞋帽-鞋靴-女鞋-女式帆布鞋","佐丹奴"
"佐丹奴 经典原色帆布鞋(男女均适用) 76葡萄紫色","佐丹奴,经典,原色,帆布鞋,(,男女,均,适用,),76,葡萄,紫色","佐丹奴,经典,原色,帆布鞋,男女,均,76,葡萄,紫色","0-123-19676-19701-19913:服装鞋帽-鞋靴-女鞋-女式帆布鞋","佐丹奴"
"他她 2010春季新款高跟浅口红色漆牛皮女鞋 他她tata热销    FTS17D","他她,2010,春季,新款,高跟,浅,口,红色,漆,牛皮,女鞋,他她,tata,热销,FTS17D","他,她,2010,春季,新款,高跟,浅,口,红色,漆,牛皮,女鞋,他,她,tata,热销,fts17d","0-123-19676-19701-19915:服装鞋帽-鞋靴-女鞋-女式篮球鞋","他她"
"他她 2010秋季黑色皱漆牛皮女皮鞋 2CH04D","他她,2010,秋季,黑色,皱,漆,牛皮,女,皮鞋,2CH04D","他,她,2010,秋季,黑色,皱,漆,牛皮,女,皮鞋,2ch04d","0-123-19676-19701-19915:服装鞋帽-鞋靴-女鞋-女式篮球鞋","他她"
"他她 2010夏季黑色沙丁布女凉鞋 2599829","他她,2010,夏季,黑色,沙,丁,布,女,凉鞋,2599829","他,她,2010,夏季,黑色,沙,丁,布,女,凉鞋,2599829","0-123-19676-19701-19919:服装鞋帽-鞋靴-女鞋-女式凉鞋/凉拖","他她"
"他她 2010夏季黑色皱漆牛皮女凉鞋 FLA01D","他她,2010,夏季,黑色,皱,漆,牛皮,女,凉鞋,FLA01D","他,她,2010,夏季,黑色,皱,漆,牛皮,女,凉鞋,fla01d","0-123-19676-19701-19919:服装鞋帽-鞋靴-女鞋-女式凉鞋/凉拖","他她"
"他她 2010夏季黑色羊京/灰网布女凉鞋 880916","他她,2010,夏季,黑色,羊,京,/,灰,网布,女,凉鞋,880916","他,她,2010,夏季,黑色,羊,京,灰,网布,女,凉鞋,880916","0-123-19676-19701-19919:服装鞋帽-鞋靴-女鞋-女式凉鞋/凉拖","他她"
"他她 2010夏米黄油蜡羊皮女皮凉鞋 FLA33D","他她,2010,夏,米,黄油,蜡,羊皮,女,皮,凉鞋,FLA33D","他,她,2010,夏,米,黄油,蜡,羊皮,女,皮,凉鞋,fla33d","0-123-19676-19701-19919:服装鞋帽-鞋靴-女鞋-女式凉鞋/凉拖","他她"
"天美意 2010夏季啡色牛皮女凉鞋 2797029","天美意,2010,夏季,啡,色,牛皮,女,凉鞋,2797029","天,美意,2010,夏季,啡,牛皮,女,凉鞋,2797029","0-123-19676-19701-19919:服装鞋帽-鞋靴-女鞋-女式凉鞋/凉拖","天美意"
"天美意 2010夏季玫红软羊皮/玫红系彩女凉鞋    101507","天美意,2010,夏季,玫,红,软,羊皮,/,玫,红,系,彩,女,凉鞋,101507","天,美意,2010,夏季,玫,红,软,羊皮,玫,红,系,彩,女,凉鞋,101507","0-123-19676-19701-19919:服装鞋帽-鞋靴-女鞋-女式凉鞋/凉拖","天美意"
"天美意 2010夏季绿色羊皮/彩色布女凉鞋    397-34","天美意,2010,夏季,绿色,羊皮,/,彩色,布,女,凉鞋,397-34","天,美意,2010,夏季,绿色,羊皮,彩色,布,女,凉鞋,397,34","0-123-19676-19701-19919:服装鞋帽-鞋靴-女鞋-女式凉鞋/凉拖","天美意"
"百丽　2010夏季浅金蛇纹猪皮女凉鞋 817-2D","百丽,　,2010,夏季,浅,金,蛇纹,猪皮,女,凉鞋,817,-,2D","百丽,　,2010,夏季,浅,金,蛇纹,猪皮,女,凉鞋,817,2d","0-123-19676-19701-19919:服装鞋帽-鞋靴-女鞋-女式凉鞋/凉拖","百丽"
"达芙妮 树叶舒软拖鞋1030809 桔黄色","达芙妮,树叶,舒,软,拖鞋,1030809,桔,黄色","达芙妮,树叶,舒,软,拖鞋,1030809,桔,黄色","0-123-19676-19701-19919:服装鞋帽-鞋靴-女鞋-女式凉鞋/凉拖","达芙妮"
"达芙妮 精致百搭凉鞋1030084 冬白色","达芙妮,精致,百搭,凉鞋,1030084,冬,白色","达芙妮,精致,百,搭,凉鞋,1030084,冬,白色","0-123-19676-19701-19919:服装鞋帽-鞋靴-女鞋-女式凉鞋/凉拖","达芙妮"
"达芙妮 钻饰小花少女拖鞋1030793 白色","达芙妮,钻饰,小花,少女,拖鞋,1030793,白色","达芙妮,钻饰,小花,少女,拖鞋,1030793,白色","0-123-19676-19701-19919:服装鞋帽-鞋靴-女鞋-女式凉鞋/凉拖","达芙妮"
"粉红山羊 水滴型吊坠发圈   PAYF18","粉红山羊,水滴,型,吊坠,发圈,PAYF18","粉红,山羊,水滴,吊坠,发,圈,payf18","0-123-19711-19731-19736:服装鞋帽-个人配件-女式配件-女式其它配件","粉红山羊"
"【幻想曲/VIMUSE】品牌 情侣家居服 时尚条纹纯棉休闲情侣睡衣套装A844+A274","【,幻想曲,/VIMUSE,】,品牌,情侣,家居服,时尚,条纹,纯棉,休闲,情侣,睡衣,套装,A844+A274","幻想曲,vimuse,情侣,家居服,时尚,条纹,纯棉,休闲,情侣,睡衣,套装,a844,+,a274","0-123-19711-19731-19737:服装鞋帽-个人配件-女式配件-女式内衣","幻想曲/VIMUSE"
"【幻想曲/VIMUSE】春秋季女士家居服 夏季可爱纯棉长袖睡衣三件套A07 包邮","【,幻想曲,/VIMUSE,】,春,秋季,女士,家居服,夏季,可爱,纯棉,长袖,睡衣,三件套,A07,包,邮","幻想曲,vimuse,春,秋季,女士,家居服,夏季,可爱,纯棉,长袖,睡衣,三件套,a07,包,邮","0-123-19711-19731-19737:服装鞋帽-个人配件-女式配件-女式内衣","幻想曲/VIMUSE"
"nike 360 女子时尚短袜 SX3366 197","nike,360,女子,时尚,短袜,SX3366,197","nike,360,女子,时尚,短袜,sx3366,197","0-123-19711-19731-19739:服装鞋帽-个人配件-女式配件-女式袜子","nike 360"
"nike 360 都市休闲女子低跟袜 SX2880 122","nike,360,都市,休闲,女子,低跟,袜,SX2880,122","nike,360,都市,休闲,女子,低,跟,袜,sx2880,122","0-123-19711-19731-19739:服装鞋帽-个人配件-女式配件-女式袜子","nike 360"
"10CM☆正装男士商务领带30元礼盒三件套2条40起包邮 A123","10CM,☆,正装,男士,商务,领带,30,元,礼盒,三件套,2,条,40,起,包,邮,A123","10cm,☆,正,装,男士,商务,领带,30,元,礼盒,三件套,2,条,40,起,包,邮,a123","0-123-19711-19771-19779:服装鞋帽-个人配件-男式配件-男式领带/领结",""
"TODATBEST 8CM 男士纯色领带礼盒装 S043","TODATBEST,8CM,男士,纯色,领带,礼盒装,S043","todatbest,8cm,男士,纯色,领带,礼盒装,s043","0-123-19711-19771-19779:服装鞋帽-个人配件-男式配件-男式领带/领结",""
"TODAYBEST 8CM 男士纯色领带礼盒装 2条40起包邮 百条可选 S059","TODAYBEST,8CM,男士,纯色,领带,礼盒装,2,条,40,起,包,邮,百,条,可选,S059","todaybest,8cm,男士,纯色,领带,礼盒装,2,条,40,起,包,邮,百,条,可选,s059","0-123-19711-19771-19779:服装鞋帽-个人配件-男式配件-男式领带/领结",""
"TODAYBEST新款8CM☆窄版男士商务领带礼盒装 2条40起包邮 E002","TODAYBEST,新款,8CM,☆,窄,版,男士,商务,领带,礼盒装,2,条,40,起,包,邮,E002","todaybest,新款,8cm,☆,窄,版,男士,商务,领带,礼盒装,2,条,40,起,包,邮,e002","0-123-19711-19771-19779:服装鞋帽-个人配件-男式配件-男式领带/领结",""
"Todaybest 10CM 领带 男 正装 结婚商务休闲礼盒3件套2条包邮A136","todaybest,10CM,领带,男,正装,结婚,商务休闲,礼盒,3,件,套,2,条,包,邮,A136","todaybest,10cm,领带,男,正,装,结婚,商务,休闲,礼盒,3,件,套,2,条,包,邮,a136","0-123-19711-19771-19779:服装鞋帽-个人配件-男式配件-男式领带/领结",""
"Todaybest 10CM 领带 男 正装 结婚商务休闲礼盒3件套2条包邮T064","todaybest,10CM,领带,男,正装,结婚,商务休闲,礼盒,3,件,套,2,条,包,邮,T064","todaybest,10cm,领带,男,正,装,结婚,商务,休闲,礼盒,3,件,套,2,条,包,邮,t064","0-123-19711-19771-19779:服装鞋帽-个人配件-男式配件-男式领带/领结",""
"特价包邮  TODAYBEST正装男士商务领带南韩丝系列礼盒装三件套 E023","特价,包,邮,TODAYBEST,正装,男士,商务,领带,南韩,丝,系列,礼盒装,三件套,E023","特价,包,邮,todaybest,正,装,男士,商务,领带,南韩,丝,礼盒装,三件套,e023","0-123-19711-19771-19779:服装鞋帽-个人配件-男式配件-男式领带/领结",""
"特价包邮  TODAYBEST正装男士商务领带南韩丝系列礼盒装三件套 E041","特价,包,邮,TODAYBEST,正装,男士,商务,领带,南韩,丝,系列,礼盒装,三件套,E041","特价,包,邮,todaybest,正,装,男士,商务,领带,南韩,丝,礼盒装,三件套,e041","0-123-19711-19771-19779:服装鞋帽-个人配件-男式配件-男式领带/领结",""
"特价包邮  TODAYBEST正装男士商务领带南韩丝系列礼盒装三件套 E063","特价,包,邮,TODAYBEST,正装,男士,商务,领带,南韩,丝,系列,礼盒装,三件套,E063","特价,包,邮,todaybest,正,装,男士,商务,领带,南韩,丝,礼盒装,三件套,e063","0-123-19711-19771-19779:服装鞋帽-个人配件-男式配件-男式领带/领结",""
"特价包邮  TODAYBEST正装男士商务领带南韩丝系列礼盒装三件套 E090","特价,包,邮,TODAYBEST,正装,男士,商务,领带,南韩,丝,系列,礼盒装,三件套,E090","特价,包,邮,todaybest,正,装,男士,商务,领带,南韩,丝,礼盒装,三件套,e090","0-123-19711-19771-19779:服装鞋帽-个人配件-男式配件-男式领带/领结",""
"特价包邮  TODAYBEST正装男士商务领带南韩丝系列礼盒装三件套 E092","特价,包,邮,TODAYBEST,正装,男士,商务,领带,南韩,丝,系列,礼盒装,三件套,E092","特价,包,邮,todaybest,正,装,男士,商务,领带,南韩,丝,礼盒装,三件套,e092","0-123-19711-19771-19779:服装鞋帽-个人配件-男式配件-男式领带/领结",""
"特价包邮  TODAYBEST正装男士商务领带南韩丝系列礼盒装三件套 E130","特价,包,邮,TODAYBEST,正装,男士,商务,领带,南韩,丝,系列,礼盒装,三件套,E130","特价,包,邮,todaybest,正,装,男士,商务,领带,南韩,丝,礼盒装,三件套,e130","0-123-19711-19771-19779:服装鞋帽-个人配件-男式配件-男式领带/领结",""
"nike 360 NIKE SWOOSH　翻边袜 SX2588 101","nike,360,NIKE,SWOOSH,　,翻,边,袜,SX2588,101","nike,360,nike,swoosh,　,翻,边,袜,sx2588,101","0-123-19711-19771-19784:服装鞋帽-个人配件-男式配件-男式袜子","nike 360"
"李宁 羽毛球系列男短袜 AWSD193-3 黑色 均码","李宁,羽毛球,系列,男,短袜,AWSD193-3,黑色,均,码","李,宁,羽毛球,男,短袜,awsd193,3,黑色,均,码","0-123-19711-19771-19784:服装鞋帽-个人配件-男式配件-男式袜子","李宁"
"MOIRRIN  运动消臭抗菌男袜SMS01-01","MOIRRIN,运动,消,臭,抗菌,男,袜,SMS01-01","moirrin,运动,消,臭,抗菌,男,袜,sms01,01","0-123-19711-19771-19784:服装鞋帽-个人配件-男式配件-男式袜子","茉莉林"
"Todaybest 精致法式衬衫 袖扣 袖钉 男士 2对包邮 X037","todaybest,精致,法式,衬衫,袖扣,袖,钉,男士,2,对,包,邮,X037","todaybest,精致,法式,衬衫,袖扣,袖,钉,男士,2,包,邮,x037","0-123-19711-19771-19791:服装鞋帽-个人配件-男式配件-男式其它配件",""
"Todaybest 精致法式衬衫 袖扣 袖钉 男士 2对包邮 Z032","todaybest,精致,法式,衬衫,袖扣,袖,钉,男士,2,对,包,邮,Z032","todaybest,精致,法式,衬衫,袖扣,袖,钉,男士,2,包,邮,z032","0-123-19711-19771-19791:服装鞋帽-个人配件-男式配件-男式其它配件",""
"李宁综训系列肩背包ABDD034-1黑","李宁,综,训,系列,肩,背包,ABDD034-1,黑","李,宁,综,训,肩,背包,abdd034,1,黑","0-123-19711-20189-20190:服装鞋帽-个人配件-运动配件-运动包","李宁"
"久久木 女款秋冬时尚嵌花长袖圆领羊毛连衣裙 9161 黑色","久久木,女,款,秋冬,时尚,嵌,花,长袖,圆领,羊毛,连衣裙,9161,黑色","久久,木,女,款,秋冬,时尚,嵌,花,长袖,圆领,羊毛,连衣裙,9161,黑色","0-123-217-16554:服装鞋帽-靓丽时尚-连衣裙","久久木"
"久久木 女装秋装气质水玉修身羊毛连衣裙 8906","久久木,女装,秋,装,气质,水,玉,修身,羊毛,连衣裙,8906","久久,木,女装,秋装,气质,水,玉,修身,羊毛,连衣裙,8906","0-123-217-16554:服装鞋帽-靓丽时尚-连衣裙","久久木"
